run_id,config_label,baseline_variant,filename,base__property_result,base__frame_sizes,base__total_time,base__k,base__solver,base__max_memory(MB),base__execution_time(s),base__cpu_time(s),base__exit_code,base__timed_out,asc_l1l2__property_result,asc_l1l2__frame_sizes,asc_l1l2__total_time,asc_l1l2__k,asc_l1l2__solver,asc_l1l2__max_memory(MB),asc_l1l2__execution_time(s),asc_l1l2__cpu_time(s),asc_l1l2__exit_code,asc_l1l2__timed_out,desc_l2l1__property_result,desc_l2l1__frame_sizes,desc_l2l1__total_time,desc_l2l1__k,desc_l2l1__solver,desc_l2l1__max_memory(MB),desc_l2l1__execution_time(s),desc_l2l1__cpu_time(s),desc_l2l1__exit_code,desc_l2l1__timed_out,pic3__property_result,pic3__frame_sizes,pic3__total_time,pic3__k,pic3__solver,pic3__max_memory(MB),pic3__execution_time(s),pic3__cpu_time(s),pic3__exit_code,pic3__timed_out,base_x3__property_result,base_x3__frame_sizes,base_x3__total_time,base_x3__k,base_x3__solver,base_x3__max_memory(MB),base_x3__execution_time(s),base_x3__cpu_time(s),base_x3__exit_code,base_x3__timed_out
compare_single_p_907_with_base_x3,compare_single_p_907_resume,base,FMCAD08/Bool/misc/stalmark_e8_64_e7_80.lus,Unsafe,0,0.104,1,9,37.34,0.64,0.07,40,false,Unsafe,0,0.109,1,9,37.31,0.62,0.04,40,false,Unsafe,0,0.018,1,9,32.55,0.52,0.04,40,false,Unsafe,0,0.017,1,9,60.57,0.42,0.06,40,false,Unsafe,0,0.073,1,9,71.00,0.53,0.10,40,false
compare_single_p_907_with_base_x3,compare_single_p_907_resume,base,FMCAD08/Bool/misc/stalmark_e7_27.lus,Safe,6 5 3,0.102,4,201,43.11,0.65,0.12,0,false,Safe,6 5 3,0.112,4,201,43.27,0.62,0.12,0,false,Safe,6 5 3,0.103,4,191,42.68,0.52,0.12,0,false,Safe,6 5 3,0.108,4,201,90.31,0.52,0.30,0,false,Safe,6 5 3,0.112,4,201,89.15,0.52,0.33,0,false
compare_single_p_907_with_base_x3,compare_single_p_907_resume,base,FMCAD08/Bool/misc/switch.lus,Error,,,,,12.62,0.11,0.01,3,false,Error,,,,,11.62,0.11,0.01,3,false,Error,,,,,11.50,0.11,0.01,3,false,Error,,,,,11.88,0.11,0.01,3,false,Error,,,,,12.75,0.11,0.01,3,false
compare_single_p_907_with_base_x3,compare_single_p_907_resume,base,FMCAD08/Bool/misc/switch2.lus,Error,,,,,12.12,0.11,0.01,3,false,Error,,,,,11.62,0.11,0.01,3,false,Error,,,,,11.75,0.11,0.01,3,false,Error,,,,,11.50,0.11,0.01,3,false,Error,,,,,11.62,0.11,0.01,3,false
compare_single_p_907_with_base_x3,compare_single_p_907_resume,base,FMCAD08/Bool/misc/stalmark_e8_64_e8_207.lus,Unsafe,,0.007,0,1,19.27,0.42,0.03,40,false,Unsafe,,0.007,0,1,18.87,0.42,0.03,40,false,Unsafe,,0.007,0,1,19.12,0.42,0.03,40,false,Unsafe,,0.006,0,1,19.77,0.42,0.05,40,false,Unsafe,,0.007,0,1,32.71,0.42,0.05,40,false
compare_single_p_907_with_base_x3,compare_single_p_907_resume,base,FMCAD08/Bool/misc/_6counter2.lus,Unsafe,3 2 1 0,0.105,4,202,42.30,0.52,0.11,40,false,Unsafe,3 2 1 0,0.113,4,201,42.34,0.52,0.12,40,false,Unsafe,4 3 1 0,0.144,4,248,43.34,0.63,0.16,40,false,Unsafe,3 2 1 0,0.108,4,202,89.19,0.53,0.34,40,false,Unsafe,3 2 1 0,0.135,4,202,88.55,0.63,0.41,40,false
compare_single_p_907_with_base_x3,compare_single_p_907_resume,base,FMCAD08/Bool/misc/stalmark_e7_27_e7_31.lus,Safe,6 5 3,0.102,4,196,42.93,0.52,0.11,0,false,Safe,6 5 3,0.109,4,196,42.80,0.52,0.11,0,false,Safe,6 5 3,0.100,4,198,42.93,0.52,0.11,0,false,Safe,6 5 3,0.104,4,196,89.28,0.52,0.30,0,false,Safe,6 5 3,0.122,4,196,87.74,0.63,0.38,0,false
compare_single_p_907_with_base_x3,compare_single_p_907_resume,base,FMCAD08/Bool/misc/_6counter.lus,Unsafe,7 5 3 2 1,0.363,5,661,44.80,0.86,0.36,40,false,Unsafe,7 5 3 2 1,0.429,5,659,44.30,0.93,0.40,40,false,Unsafe,7 5 3 2 1,0.365,5,661,45.18,0.85,0.36,40,false,Unsafe,7 5 3 2 1,0.381,5,661,95.69,0.84,1.09,40,false,Unsafe,7 5 3 2 1,0.408,5,661,94.61,0.84,1.17,40,false
compare_single_p_907_with_base_x3,compare_single_p_907_resume,base,FMCAD08/Bool/misc/stalmark_e8_48.lus,Unsafe,,0.008,0,2,31.84,0.42,0.03,40,false,Unsafe,,0.008,0,2,42.05,0.52,0.03,40,false,Unsafe,,0.008,0,2,32.26,0.42,0.03,40,false,Unsafe,,0.007,0,2,58.81,0.42,0.05,40,false,Unsafe,,0.007,0,2,58.50,0.42,0.05,40,false
compare_single_p_907_with_base_x3,compare_single_p_907_resume,base,FMCAD08/Bool/misc/stalmark.lus,Safe,4 2,0.086,3,145,43.05,0.52,0.09,0,false,Safe,4 2,0.093,3,145,42.93,0.52,0.10,0,false,Safe,4 2,0.086,3,145,42.68,0.53,0.10,0,false,Safe,4 2,0.088,3,145,90.22,0.52,0.26,0,false,Safe,4 2,0.091,3,145,90.75,0.52,0.27,0,false
compare_single_p_907_with_base_x3,compare_single_p_907_resume,base,FMCAD08/Bool/misc/stalmark_e7_76.lus,Safe,6 5 3,0.102,4,201,42.71,0.52,0.11,0,false,Safe,6 5 3,0.120,4,201,42.72,0.63,0.13,0,false,Safe,6 5 3,0.098,4,191,43.06,0.53,0.11,0,false,Safe,6 5 3,0.108,4,201,89.72,0.52,0.31,0,false,Safe,6 5 3,0.110,4,201,89.25,0.52,0.32,0,false
compare_single_p_907_with_base_x3,compare_single_p_907_resume,base,FMCAD08/Bool/simulation/ums_e8_1032.lus,Safe,3,0.112,2,46,45.39,0.63,0.15,0,false,Safe,7,0.224,2,105,45.61,0.73,0.23,0,false,Safe,3,0.112,2,46,45.37,0.63,0.14,0,false,Safe,3,0.114,2,46,89.23,0.63,0.40,0,false,Safe,3,0.118,2,46,88.88,0.63,0.37,0,false
compare_single_p_907_with_base_x3,compare_single_p_907_resume,base,FMCAD08/Bool/simulation/production_cell_e7_207_e7_41.lus,Unsafe,,0.016,0,2,33.80,0.52,0.04,40,false,Unsafe,,0.017,0,2,20.73,0.52,0.04,40,false,Unsafe,,0.016,0,2,21.02,0.53,0.05,40,false,Unsafe,,0.016,0,2,63.45,0.43,0.08,40,false,Unsafe,,0.025,0,2,21.27,0.55,0.14,40,false
compare_single_p_907_with_base_x3,compare_single_p_907_resume,base,FMCAD08/Bool/simulation/tramway.lus,Safe,10 8 4,0.589,4,732,47.09,1.04,0.59,0,false,Safe,8 4,0.330,3,347,46.09,0.83,0.33,0,false,Safe,10 8 4,0.571,4,713,47.70,1.04,0.57,0,false,Safe,7 3,0.358,3,399,100.38,0.73,1.03,0,false,Safe,10 8 4,0.655,4,732,104.30,1.15,1.95,0,false
compare_single_p_907_with_base_x3,compare_single_p_907_resume,base,FMCAD08/Bool/simulation/ums_e7_1700.lus,Unsafe,7,0.290,1,141,46.62,0.73,0.32,40,false,Unsafe,12,0.470,1,244,46.74,0.93,0.48,40,false,Unsafe,8,0.303,1,146,46.46,0.85,0.37,40,false,Unsafe,7,0.296,1,141,100.45,0.73,0.97,40,false,Unsafe,7,0.307,1,141,99.89,0.73,0.96,40,false
compare_single_p_907_with_base_x3,compare_single_p_907_resume,base,FMCAD08/Bool/simulation/production_cell_e7_21.lus,Unsafe,,0.016,0,2,33.83,0.52,0.04,40,false,Unsafe,,0.017,0,2,33.53,0.52,0.04,40,false,Unsafe,,0.017,0,2,41.80,0.55,0.06,40,false,Unsafe,,0.016,0,2,63.30,0.52,0.08,40,false,Unsafe,,0.016,0,2,63.75,0.52,0.08,40,false
compare_single_p_907_with_base_x3,compare_single_p_907_resume,base,FMCAD08/Bool/simulation/production_cell_e7_207_e8_241.lus,Safe,5,0.076,2,73,43.89,0.53,0.09,0,false,Safe,5,0.083,2,73,42.21,0.53,0.10,0,false,Safe,5,0.081,2,73,44.34,0.53,0.10,0,false,Safe,5,0.079,2,73,95.30,0.54,0.25,0,false,Safe,5,0.082,2,73,95.37,0.52,0.26,0,false
compare_single_p_907_with_base_x3,compare_single_p_907_resume,base,FMCAD08/Bool/simulation/tramway_e7_1834_e8_3192.lus,Safe,10 8 4,0.588,4,732,47.25,1.05,0.59,0,false,Safe,8 4,0.352,3,347,46.00,0.84,0.36,0,false,Safe,10 8 4,0.564,4,713,47.81,1.04,0.56,0,false,Safe,3 1 0,0.385,3,421,100.63,0.84,1.08,0,false,Safe,10 8 4,0.644,4,732,102.86,1.05,1.90,0,false
compare_single_p_907_with_base_x3,compare_single_p_907_resume,base,FMCAD08/Bool/simulation/production_cell_e8_6.lus,Safe,5,0.077,2,74,44.17,0.53,0.10,0,false,Safe,5,0.094,2,74,41.17,0.63,0.12,0,false,Safe,5,0.078,2,74,41.61,0.54,0.10,0,false,Safe,5,0.079,2,74,94.97,0.52,0.25,0,false,Safe,5,0.082,2,74,95.00,0.52,0.26,0,false
compare_single_p_907_with_base_x3,compare_single_p_907_resume,base,FMCAD08/Bool/simulation/tramway_e7_1834_e7_2363.lus,Safe,4,0.092,2,64,42.87,0.53,0.12,0,false,Safe,3,0.083,2,51,43.21,0.52,0.10,0,false,Safe,4,0.092,2,64,45.34,0.52,0.11,0,false,Safe,4,0.094,2,64,97.01,0.53,0.29,0,false,Safe,4,0.099,2,64,96.32,0.52,0.32,0,false
compare_single_p_907_with_base_x3,compare_single_p_907_resume,base,FMCAD08/Bool/simulation/ums.lus,Safe,2,0.089,2,33,42.22,0.53,0.11,0,false,Safe,8,0.274,2,148,46.22,0.73,0.28,0,false,Safe,4,0.144,2,68,45.49,0.63,0.17,0,false,Safe,2,0.092,2,33,90.11,0.53,0.38,0,false,Safe,2,0.095,2,33,90.25,0.52,0.30,0,false
compare_single_p_907_with_base_x3,compare_single_p_907_resume,base,FMCAD08/Bool/simulation/production_cell.lus,Safe,5,0.078,2,73,44.34,0.54,0.10,0,false,Safe,5,0.112,2,73,41.18,0.54,0.13,0,false,Safe,5,0.075,2,73,41.59,0.52,0.10,0,false,Safe,5,0.079,2,73,95.06,0.52,0.25,0,false,Safe,5,0.082,2,73,93.62,0.52,0.26,0,false
compare_single_p_907_with_base_x3,compare_single_p_907_resume,base,FMCAD08/Bool/simulation/tramway_e7_1834.lus,Safe,3,0.074,2,47,43.21,0.52,0.09,0,false,Safe,3,0.100,2,47,43.12,0.54,0.12,0,false,Safe,3,0.075,2,47,44.96,0.52,0.10,0,false,Safe,3,0.078,2,47,91.08,0.53,0.25,0,false,Safe,3,0.079,2,47,90.95,0.52,0.25,0,false
compare_single_p_907_with_base_x3,compare_single_p_907_resume,base,FMCAD08/Bool/simulation/production_cell_e8_6_e7_651.lus,Unsafe,,0.016,0,2,20.81,0.43,0.05,40,false,Unsafe,,0.017,0,2,41.30,0.53,0.05,40,false,Unsafe,,0.017,0,2,21.11,0.53,0.06,40,false,Unsafe,,0.015,0,2,21.23,0.42,0.08,40,false,Unsafe,,0.016,0,2,21.38,0.42,0.08,40,false
compare_single_p_907_with_base_x3,compare_single_p_907_resume,base,FMCAD08/Bool/simulation/production_cell_e8_6_e8_427.lus,Unsafe,3,0.075,1,53,44.21,0.53,0.11,40,false,Unsafe,3,0.076,1,53,42.20,0.53,0.10,40,false,Unsafe,3,0.074,1,53,44.55,0.52,0.10,40,false,Unsafe,3,0.075,1,53,94.56,0.54,0.25,40,false,Unsafe,3,0.078,1,53,94.62,0.52,0.25,40,false
compare_single_p_907_with_base_x3,compare_single_p_907_resume,base,FMCAD08/Int/protocol/swimmingpool_4_e7_2197.lus,Unsafe,6 4,0.272,2,169,47.65,0.73,0.27,40,false,Unsafe,3 2,0.166,2,68,47.31,0.65,0.16,40,false,Unsafe,5 3,0.209,2,152,47.54,0.75,0.25,40,false,Unsafe,4 3,0.185,2,137,104.04,0.63,0.50,40,false,Unsafe,6 4,0.274,2,169,105.20,0.86,0.79,40,false
compare_single_p_907_with_base_x3,compare_single_p_907_resume,base,FMCAD08/Int/protocol/rtp_9.lus,Safe,1,0.058,2,25,46.57,0.52,0.11,0,false,Safe,1,0.057,2,24,37.19,0.52,0.11,0,false,Safe,1,0.057,2,25,19.49,0.52,0.10,0,false,Safe,1,0.058,2,25,20.33,0.52,0.21,0,false,Safe,1,0.058,2,25,41.34,0.53,0.23,0,false
compare_single_p_907_with_base_x3,compare_single_p_907_resume,base,FMCAD08/Int/protocol/rtp_6.lus,Safe,2,0.079,2,41,50.73,0.52,0.13,0,false,Safe,2,0.082,2,41,43.82,0.62,0.12,0,false,Safe,2,0.083,2,41,47.52,0.62,0.13,0,false,Safe,2,0.083,2,41,94.41,0.52,0.28,0,false,Safe,2,0.086,2,41,91.23,0.52,0.30,0,false
compare_single_p_907_with_base_x3,compare_single_p_907_resume,base,FMCAD08/Int/protocol/swimmingpool_6.lus,Unsafe,6 3 1,0.582,3,355,49.48,1.05,0.60,40,false,Unsafe,3 2 1,0.279,3,189,47.90,0.75,0.29,40,false,Unsafe,9 8 5 2,0.720,4,607,49.90,1.14,0.73,40,false,Unsafe,4 3 1,0.308,3,233,105.29,0.75,0.97,40,false,Unsafe,6 3 1,0.607,3,355,109.32,1.16,1.88,40,false
compare_single_p_907_with_base_x3,compare_single_p_907_resume,base,FMCAD08/Int/protocol/rtp_7.lus,Safe,1,0.056,2,27,42.24,0.54,0.10,0,false,Safe,1,0.057,2,26,35.93,0.54,0.11,0,false,Safe,1,0.057,2,27,19.58,0.52,0.10,0,false,Safe,1,0.055,2,27,32.02,0.52,0.20,0,false,Safe,1,0.056,2,27,50.46,0.52,0.21,0,false
compare_single_p_907_with_base_x3,compare_single_p_907_resume,base,FMCAD08/Int/protocol/swimmingpool_6_e7_399.lus,Unsafe,13 9 4,1.138,3,840,52.35,1.67,1.16,40,false,Unsafe,15 10 6 2,1.277,4,1031,52.25,1.77,1.25,40,false,Unsafe,9 7 3,0.626,3,486,49.15,1.04,0.65,40,false,Unsafe,4 3 2,0.335,3,229,105.29,0.84,1.09,40,false,Unsafe,13 9 4,1.206,3,840,117.93,1.67,3.64,40,false
compare_single_p_907_with_base_x3,compare_single_p_907_resume,base,FMCAD08/Int/protocol/rtp_4.lus,Safe,2,0.080,2,39,47.48,0.64,0.15,0,false,Safe,2,0.080,2,39,39.77,0.53,0.13,0,false,Safe,2,0.083,2,39,19.58,0.53,0.14,0,false,Safe,2,0.091,2,39,66.04,0.52,0.31,0,false,Safe,2,0.090,2,39,66.10,0.52,0.32,0,false
compare_single_p_907_with_base_x3,compare_single_p_907_resume,base,FMCAD08/Int/protocol/swimmingpool_1_e7_1621.lus,Unsafe,5 4,0.202,2,115,47.46,0.62,0.23,40,false,Unsafe,5 4,0.225,2,120,47.45,0.73,0.25,40,false,Unsafe,5 4,0.245,2,115,48.08,0.73,0.27,40,false,Unsafe,5 4,0.210,2,115,104.22,0.63,0.66,40,false,Unsafe,5 4,0.221,2,115,104.29,0.73,0.68,40,false
compare_single_p_907_with_base_x3,compare_single_p_907_resume,base,FMCAD08/Int/protocol/rtp_8.lus,Safe,1,0.056,2,25,43.12,0.52,0.11,0,false,Safe,1,0.058,2,24,49.19,0.52,0.10,0,false,Safe,1,0.057,2,25,31.95,0.53,0.10,0,false,Safe,1,0.057,2,25,20.21,0.52,0.21,0,false,Safe,1,0.057,2,25,25.08,0.54,0.23,0,false
compare_single_p_907_with_base_x3,compare_single_p_907_resume,base,FMCAD08/Int/protocol/swimmingpool_4.lus,Unsafe,3 2,0.129,2,84,46.41,0.63,0.15,40,false,Unsafe,2 1,0.104,2,56,34.16,0.64,0.13,40,false,Unsafe,3 2,0.134,2,84,47.56,0.64,0.16,40,false,Unsafe,3 2,0.136,2,84,102.43,0.52,0.39,40,false,Unsafe,3 2,0.139,2,84,103.06,0.64,0.46,40,false
compare_single_p_907_with_base_x3,compare_single_p_907_resume,base,FMCAD08/Int/protocol/peterson_all.lus,Safe,7,0.286,2,134,56.83,0.74,0.33,0,false,Safe,5,0.194,2,88,48.71,0.73,0.25,0,false,Safe,7,0.275,2,134,56.95,0.74,0.32,0,false,Safe,5,0.211,2,93,104.83,0.63,0.68,0,false,Safe,7,0.308,2,134,107.55,0.84,1.01,0,false
compare_single_p_907_with_base_x3,compare_single_p_907_resume,base,FMCAD08/Int/protocol/peterson_3.lus,Safe,2,0.098,2,41,48.43,0.63,0.16,0,false,Safe,2,0.097,2,41,48.06,0.63,0.15,0,false,Safe,2,0.097,2,41,35.05,0.63,0.14,0,false,Safe,2,0.099,2,41,66.41,0.64,0.34,0,false,Safe,2,0.102,2,41,106.56,0.63,0.35,0,false
compare_single_p_907_with_base_x3,compare_single_p_907_resume,base,FMCAD08/Int/protocol/swimmingpool_3.lus,Unsafe,1,0.091,1,50,47.72,0.64,0.15,40,false,Unsafe,0,0.061,1,27,43.90,0.52,0.09,40,false,Unsafe,1,0.094,1,52,43.51,0.53,0.14,40,false,Unsafe,1,0.086,1,50,100.25,0.53,0.26,40,false,Unsafe,1,0.101,1,50,96.70,0.53,0.34,40,false
compare_single_p_907_with_base_x3,compare_single_p_907_resume,base,FMCAD08/Int/protocol/swimmingpool_1.lus,Unsafe,8 6 4 2,0.949,4,660,50.82,1.48,0.97,40,false,Unsafe,11 9 7 3,1.166,4,808,51.64,1.67,1.16,40,false,Unsafe,9 7 5 2,0.863,4,628,50.91,1.36,0.88,40,false,Unsafe,8 6 4 2,0.976,4,660,112.48,1.36,2.96,40,false,Unsafe,8 6 4 2,0.993,4,660,115.04,1.46,2.99,40,false
compare_single_p_907_with_base_x3,compare_single_p_907_resume,base,FMCAD08/Int/protocol/swimmingpool_2.lus,Unsafe,,0.018,0,2,44.73,0.52,0.05,40,false,Unsafe,,0.019,0,2,43.52,0.52,0.05,40,false,Unsafe,,0.018,0,2,33.59,0.52,0.05,40,false,Unsafe,,0.018,0,2,62.50,0.52,0.09,40,false,Unsafe,,0.033,0,2,21.64,0.53,0.17,40,false
compare_single_p_907_with_base_x3,compare_single_p_907_resume,base,FMCAD08/Int/protocol/rtp_all.lus,Safe,11,0.389,2,224,55.84,0.85,0.45,0,false,Safe,10,0.363,2,197,49.22,0.83,0.41,0,false,Safe,11,0.411,2,230,49.59,0.94,0.46,0,false,Safe,11,0.397,2,224,108.24,0.83,1.19,0,false,Safe,11,0.416,2,224,107.31,0.95,1.30,0,false
compare_single_p_907_with_base_x3,compare_single_p_907_resume,base,FMCAD08/Int/protocol/readwrit.lus,Safe,1,0.055,2,25,45.89,0.54,0.08,0,false,Safe,1,0.054,2,24,20.98,0.53,0.08,0,false,Safe,1,0.059,2,25,44.09,0.52,0.09,0,false,Safe,1,0.055,2,25,99.79,0.54,0.18,0,false,Safe,1,0.070,2,25,93.24,0.52,0.24,0,false
compare_single_p_907_with_base_x3,compare_single_p_907_resume,base,FMCAD08/Int/protocol/rtp_1.lus,Safe,2,0.076,2,41,47.59,0.63,0.14,0,false,Safe,2,0.072,2,39,47.47,0.54,0.12,0,false,Safe,2,0.078,2,39,31.75,0.53,0.13,0,false,Safe,2,0.076,2,41,104.20,0.63,0.26,0,false,Safe,2,0.084,2,41,57.06,0.52,0.30,0,false
compare_single_p_907_with_base_x3,compare_single_p_907_resume,base,FMCAD08/Int/protocol/rtp_2.lus,Safe,3,0.101,2,58,47.53,0.63,0.14,0,false,Safe,3,0.097,2,55,49.45,0.63,0.15,0,false,Safe,3,0.099,2,58,44.69,0.62,0.14,0,false,Safe,3,0.100,2,58,65.93,0.64,0.33,0,false,Safe,3,0.104,2,58,94.62,0.63,0.35,0,false
compare_single_p_907_with_base_x3,compare_single_p_907_resume,base,FMCAD08/Int/protocol/rtp_5.lus,Safe,1,0.058,2,27,51.98,0.52,0.10,0,false,Safe,1,0.056,2,26,48.62,0.53,0.10,0,false,Safe,1,0.057,2,27,51.98,0.53,0.11,0,false,Safe,1,0.058,2,27,20.33,0.52,0.20,0,false,Safe,1,0.059,2,27,20.35,0.52,0.22,0,false
compare_single_p_907_with_base_x3,compare_single_p_907_resume,base,FMCAD08/Int/protocol/rtp_3.lus,Safe,2,0.076,2,41,44.24,0.53,0.12,0,false,Safe,2,0.078,2,39,41.99,0.52,0.12,0,false,Safe,2,0.081,2,41,44.23,0.52,0.13,0,false,Safe,2,0.078,2,41,94.35,0.52,0.27,0,false,Safe,2,0.108,2,41,65.86,0.64,0.38,0,false
compare_single_p_907_with_base_x3,compare_single_p_907_resume,base,FMCAD08/Int/protocol/peterson_2.lus,Safe,1,0.067,2,27,37.81,0.64,0.14,0,false,Safe,1,0.068,2,26,44.18,0.53,0.12,0,false,Safe,1,0.068,2,27,19.47,0.52,0.12,0,false,Safe,1,0.066,2,27,20.18,0.52,0.24,0,false,Safe,1,0.070,2,27,44.71,0.52,0.26,0,false
compare_single_p_907_with_base_x3,compare_single_p_907_resume,base,FMCAD08/Int/protocol/peterson_1_e7_4234.lus,Safe,1,0.076,2,27,47.43,0.53,0.13,0,false,Safe,1,0.073,2,26,48.57,0.55,0.14,0,false,Safe,1,0.117,2,27,48.60,0.64,0.17,0,false,Safe,1,0.073,2,27,66.57,0.52,0.26,0,false,Safe,1,0.076,2,27,58.27,0.52,0.27,0,false
compare_single_p_907_with_base_x3,compare_single_p_907_resume,base,FMCAD08/Int/protocol/peterson_1.lus,Safe,1,0.072,2,27,44.82,0.52,0.11,0,false,Safe,1,0.068,2,26,19.45,0.53,0.12,0,false,Safe,1,0.073,2,27,49.43,0.54,0.12,0,false,Safe,1,0.072,2,27,93.32,0.52,0.25,0,false,Safe,1,0.093,2,27,101.27,0.63,0.39,0,false
compare_single_p_907_with_base_x3,compare_single_p_907_resume,base,FMCAD08/Int/protocol/peterson_4.lus,Safe,1,0.112,2,27,47.84,0.65,0.17,0,false,Safe,1,0.069,2,26,39.93,0.55,0.12,0,false,Safe,1,0.070,2,27,32.22,0.52,0.12,0,false,Safe,1,0.072,2,27,47.05,0.53,0.25,0,false,Safe,1,0.095,2,27,106.40,0.63,0.34,0,false
compare_single_p_907_with_base_x3,compare_single_p_907_resume,base,FMCAD08/Int/protocol/swimmingpool_8.lus,Unsafe,6 2,0.369,2,242,48.27,0.84,0.40,40,false,Unsafe,11 7 3,0.832,3,589,49.72,1.38,0.83,40,false,Unsafe,12 8 3,0.857,3,635,51.30,1.35,0.87,40,false,Unsafe,6 2,0.382,2,242,106.54,0.95,1.39,40,false,Unsafe,6 2,0.459,2,242,107.66,0.95,1.39,40,false
compare_single_p_907_with_base_x3,compare_single_p_907_resume,base,FMCAD08/Int/protocol/rtp_10_e7_106_e7_2564.lus,Safe,2,0.092,2,41,49.56,0.62,0.14,0,false,Safe,2,0.087,2,39,47.62,0.65,0.17,0,false,Safe,2,0.090,2,41,35.11,0.52,0.13,0,false,Safe,2,0.092,2,41,67.02,0.52,0.31,0,false,Safe,2,0.115,2,41,104.23,0.63,0.40,0,false
compare_single_p_907_with_base_x3,compare_single_p_907_resume,base,FMCAD08/Int/protocol/rtp_5_e7_3972.lus,Safe,2,0.068,2,31,19.37,0.52,0.11,0,false,Safe,2,0.072,2,31,47.99,0.54,0.12,0,false,Safe,2,0.068,2,31,47.64,0.62,0.11,0,false,Safe,2,0.068,2,31,95.79,0.52,0.24,0,false,Safe,2,0.107,2,31,103.98,0.63,0.36,0,false
compare_single_p_907_with_base_x3,compare_single_p_907_resume,base,FMCAD08/Int/protocol/swimmingpool_6_e7_10_e7_341.lus,Unsafe,5 4 2,0.357,3,271,48.69,0.84,0.38,40,false,Unsafe,4 3 1,0.390,3,259,48.40,0.83,0.40,40,false,Unsafe,19 16 10 3,1.603,4,1269,53.55,2.07,1.62,40,false,Unsafe,5 4 2,0.370,3,271,106.89,0.84,1.15,40,false,Unsafe,5 4 2,0.389,3,271,106.84,0.84,1.17,40,false
compare_single_p_907_with_base_x3,compare_single_p_907_resume,base,FMCAD08/Int/protocol/swimmingpool_7.lus,Unsafe,8 7 6 4 2,0.949,5,921,50.27,1.46,0.96,40,false,Unsafe,4 1,0.323,2,174,48.37,0.84,0.34,40,false,Unsafe,5 2,0.319,2,202,48.43,0.73,0.34,40,false,Unsafe,6 2,0.313,2,270,105.38,0.73,0.95,40,false,Unsafe,8 7 6 4 2,1.091,5,921,113.35,1.57,3.20,40,false
compare_single_p_907_with_base_x3,compare_single_p_907_resume,base,FMCAD08/Int/protocol/rtp_all_e7_2500.lus,Safe,16,0.584,2,362,48.84,1.04,0.63,0,false,Safe,17,0.612,2,386,49.60,1.15,0.66,0,false,Safe,15,0.557,2,342,52.90,1.04,0.60,0,false,Safe,16,0.597,2,362,108.29,1.04,1.81,0,false,Safe,16,0.628,2,362,110.20,1.15,1.92,0,false
compare_single_p_907_with_base_x3,compare_single_p_907_resume,base,FMCAD08/Int/protocol/swimmingpool_9.lus,Unsafe,10 2,0.714,2,459,50.01,1.18,0.74,40,false,Unsafe,20 16 11 8 5 4 3 2,4.492,8,3047,59.80,4.98,4.38,40,false,Unsafe,19 15 13 11 8 5 3,4.344,7,3373,59.14,4.76,4.33,40,false,Unsafe,10 2,0.797,2,459,111.48,1.25,2.50,40,false,Unsafe,10 2,0.844,2,459,111.29,1.36,2.55,40,false
compare_single_p_907_with_base_x3,compare_single_p_907_resume,base,FMCAD08/Int/protocol/rtp_10.lus,Safe,1,0.054,2,25,49.07,0.53,0.11,0,false,Safe,1,0.054,2,24,42.57,0.54,0.11,0,false,Safe,1,0.056,2,25,19.46,0.52,0.10,0,false,Safe,1,0.056,2,25,20.11,0.52,0.20,0,false,Safe,1,0.056,2,25,50.71,0.52,0.21,0,false
compare_single_p_907_with_base_x3,compare_single_p_907_resume,base,FMCAD08/Int/protocol/rtp_vt.lus,Safe,125 124 122 119 114 110 82 48,77.316,9,25046,128.25,77.85,76.43,0,false,Timeout,98 97 95 91 86 82 77 59 35,135.727,9,33129,227.37,302.27,1.27,1,true,Safe,101 100 98 95 90 87 81 72,69.580,9,24762,117.00,70.11,68.92,0,false,Safe,73 72 70 67 63 57 34,27.288,7,11429,264.19,58.65,172.47,0,false,Safe,121 120 119 116 111 107 80 47,92.197,9,23792,327.07,92.98,141.98,0,false
compare_single_p_907_with_base_x3,compare_single_p_907_resume,base,FMCAD08/Int/protocol/swimmingpool_5.lus,Unsafe,2 1,0.189,2,88,47.40,0.63,0.23,40,false,Unsafe,2 1,0.156,2,87,47.53,0.62,0.18,40,false,Unsafe,2 1,0.161,2,90,47.81,0.63,0.19,40,false,Unsafe,2 1,0.157,2,88,104.38,0.63,0.50,40,false,Unsafe,2 1,0.221,2,88,104.82,0.73,0.69,40,false
compare_single_p_907_with_base_x3,compare_single_p_907_resume,base,FMCAD08/Int/protocol/peterson_vt.lus,Unsafe,5 2,0.412,2,170,50.12,0.94,0.48,40,false,Unsafe,5 2,0.404,2,173,50.43,0.94,0.46,40,false,Unsafe,8 4,0.505,2,240,57.88,1.04,0.56,40,false,Unsafe,5 2,0.406,2,171,109.65,0.94,1.28,40,false,Unsafe,5 2,0.521,2,170,111.82,1.05,1.63,40,false
compare_single_p_907_with_base_x3,compare_single_p_907_resume,base,FMCAD08/Int/misc/ticket3i_2.lus,Safe,2,0.068,2,37,44.00,0.52,0.10,0,false,Safe,2,0.071,2,39,19.44,0.53,0.10,0,false,Safe,2,0.065,2,37,33.55,0.52,0.10,0,false,Safe,2,0.067,2,37,94.58,0.54,0.23,0,false,Safe,2,0.068,2,37,102.54,0.62,0.24,0,false
compare_single_p_907_with_base_x3,compare_single_p_907_resume,base,FMCAD08/Int/misc/durationThm_3_e3_442_e5_260.lus,Safe,1,0.036,2,28,33.50,0.53,0.06,0,false,Safe,1,0.051,2,28,43.41,0.52,0.08,0,false,Safe,1,0.060,2,28,43.03,0.56,0.10,0,false,Safe,1,0.036,2,28,100.01,0.52,0.12,0,false,Safe,1,0.038,2,28,98.95,0.53,0.13,0,false
compare_single_p_907_with_base_x3,compare_single_p_907_resume,base,FMCAD08/Int/misc/ticket3i_7_e7_3176.lus,Safe,6,0.145,2,100,47.53,0.62,0.18,0,false,Safe,6,0.146,2,95,47.28,0.64,0.17,0,false,Safe,6,0.149,2,100,47.82,0.63,0.19,0,false,Safe,6,0.150,2,100,103.78,0.63,0.47,0,false,Safe,6,0.153,2,100,104.46,0.64,0.49,0,false
compare_single_p_907_with_base_x3,compare_single_p_907_resume,base,FMCAD08/Int/misc/durationThm_1_e7_217_e3_132.lus,Safe,3,0.054,2,48,45.90,0.52,0.07,0,false,Safe,3,0.056,2,46,45.56,0.52,0.07,0,false,Safe,3,0.062,2,48,45.95,0.55,0.09,0,false,Safe,3,0.055,2,48,99.38,0.52,0.17,0,false,Safe,3,0.057,2,48,99.32,0.53,0.19,0,false
compare_single_p_907_with_base_x3,compare_single_p_907_resume,base,FMCAD08/Int/misc/durationThm_2_e7_145_e8_73.lus,Timeout,,,,,,,,,true,Timeout,,,,,,,,,true,Timeout,,,,,,,,,true,Timeout,,,,,,,,,true,Timeout,,,,,,,,,true
compare_single_p_907_with_base_x3,compare_single_p_907_resume,base,FMCAD08/Int/misc/durationThm_2_e7_145_e1_343.lus,Unsafe,,0.013,0,2,20.04,0.42,0.03,40,false,Unsafe,,0.013,0,2,32.28,0.42,0.04,40,false,Unsafe,,0.012,0,2,32.31,0.53,0.04,40,false,Unsafe,,0.012,0,2,20.41,0.43,0.06,40,false,Unsafe,,0.012,0,2,20.55,0.42,0.07,40,false
compare_single_p_907_with_base_x3,compare_single_p_907_resume,base,FMCAD08/Int/misc/_6counters.lus,Unsafe,33 30 26 23 19 18 16 14 9,6.824,9,7056,65.17,7.28,6.75,40,false,Unsafe,40 37 33 30 24 23 17 16 13,14.979,9,12183,80.98,15.43,14.45,40,false,Unsafe,39 37 33 30 27 24 21 19 11,7.455,9,7717,66.39,7.87,7.38,40,false,Unsafe,33 30 26 23 19 18 16 14 9,7.158,9,6910,150.82,7.53,20.90,40,false,Unsafe,34 31 27 24 20 19 17 15 10,8.450,9,7000,152.71,8.93,25.23,40,false
compare_single_p_907_with_base_x3,compare_single_p_907_resume,base,FMCAD08/Int/misc/ticket3i_7_e7_3176_e1_2924.lus,Safe,7,0.165,2,119,46.91,0.62,0.20,0,false,Safe,7,0.162,2,113,47.41,0.64,0.20,0,false,Safe,7,0.174,2,119,48.06,0.63,0.21,0,false,Safe,7,0.168,2,119,103.67,0.63,0.53,0,false,Safe,7,0.198,2,119,103.84,0.73,0.63,0,false
compare_single_p_907_with_base_x3,compare_single_p_907_resume,base,FMCAD08/Int/misc/durationThm_1_e2_3.lus,Safe,1,0.035,2,23,41.20,0.53,0.06,0,false,Safe,1,0.037,2,23,19.45,0.52,0.06,0,false,Safe,1,0.035,2,23,46.39,0.53,0.05,0,false,Safe,1,0.037,2,23,95.80,0.52,0.12,0,false,Safe,1,0.036,2,23,99.34,0.52,0.12,0,false
compare_single_p_907_with_base_x3,compare_single_p_907_resume,base,FMCAD08/Int/misc/durationThm_2_e7_145_e3_222.lus,Safe,4,0.067,2,59,45.65,0.52,0.08,0,false,Safe,3,0.054,2,45,45.65,0.53,0.07,0,false,Safe,3,0.052,2,45,45.98,0.53,0.07,0,false,Safe,4,0.064,2,59,99.39,0.52,0.18,0,false,Safe,4,0.068,2,59,56.84,0.55,0.24,0,false
compare_single_p_907_with_base_x3,compare_single_p_907_resume,base,FMCAD08/Int/misc/durationThm_3_e7_334_e2_62.lus,Safe,3,0.076,2,46,19.29,0.52,0.11,0,false,Safe,4,0.073,2,65,45.40,0.52,0.09,0,false,Safe,3,0.053,2,46,46.43,0.56,0.08,0,false,Safe,3,0.055,2,46,99.52,0.52,0.19,0,false,Safe,3,0.066,2,46,99.06,0.53,0.22,0,false
compare_single_p_907_with_base_x3,compare_single_p_907_resume,base,FMCAD08/Int/misc/ticket3i_1.lus,Safe,3,0.085,2,54,44.12,0.52,0.12,0,false,Safe,3,0.077,2,51,43.79,0.52,0.10,0,false,Safe,3,0.137,2,54,47.11,0.63,0.19,0,false,Safe,3,0.079,2,54,102.07,0.52,0.26,0,false,Safe,3,0.089,2,54,101.25,0.52,0.29,0,false
compare_single_p_907_with_base_x3,compare_single_p_907_resume,base,FMCAD08/Int/misc/durationThm_3.lus,Timeout,,,,,,,,,true,Timeout,,,,,,,,,true,Timeout,,,,,,,,,true,Timeout,,,,,,,,,true,Timeout,,,,,,,,,true
compare_single_p_907_with_base_x3,compare_single_p_907_resume,base,FMCAD08/Int/misc/traffic_e7_46_e7_171.lus,Unsafe,,0.013,0,1,31.79,0.52,0.04,40,false,Unsafe,,0.009,0,1,19.64,0.54,0.04,40,false,Unsafe,,0.008,0,1,32.76,0.42,0.04,40,false,Unsafe,,0.008,0,1,19.94,0.42,0.05,40,false,Unsafe,,0.009,0,1,59.16,0.42,0.06,40,false
compare_single_p_907_with_base_x3,compare_single_p_907_resume,base,FMCAD08/Int/misc/durationThm_2_e7_149.lus,Unsafe,,0.013,0,2,32.53,0.42,0.04,40,false,Unsafe,,0.012,0,2,32.62,0.52,0.04,40,false,Unsafe,,0.012,0,2,20.03,0.42,0.03,40,false,Unsafe,,0.012,0,2,59.58,0.42,0.06,40,false,Unsafe,,0.012,0,2,60.20,0.52,0.06,40,false
compare_single_p_907_with_base_x3,compare_single_p_907_resume,base,FMCAD08/Int/misc/durationThm_3_e7_334_e3_42.lus,Safe,3,0.053,2,48,45.40,0.54,0.07,0,false,Safe,3,0.058,2,48,45.93,0.52,0.07,0,false,Safe,4,0.071,2,65,46.27,0.53,0.09,0,false,Safe,3,0.056,2,48,99.61,0.54,0.20,0,false,Safe,3,0.063,2,48,99.45,0.52,0.20,0,false
compare_single_p_907_with_base_x3,compare_single_p_907_resume,base,FMCAD08/Int/misc/ticket3i_7_e3_59_e7_2122.lus,Safe,6,0.158,2,105,47.26,0.63,0.20,0,false,Safe,6,0.151,2,99,47.45,0.64,0.18,0,false,Safe,6,0.152,2,105,47.78,0.62,0.18,0,false,Safe,6,0.155,2,105,102.79,0.64,0.49,0,false,Safe,6,0.163,2,105,103.82,0.63,0.52,0,false
compare_single_p_907_with_base_x3,compare_single_p_907_resume,base,FMCAD08/Int/misc/ex8_e7_74.lus,Unsafe,0,0.025,2,13,20.44,0.54,0.06,40,false,Unsafe,0,0.027,2,13,44.21,0.52,0.04,40,false,Unsafe,0,0.025,2,13,33.59,0.42,0.04,40,false,Unsafe,0,0.025,2,13,59.50,0.52,0.08,40,false,Unsafe,0,0.024,2,13,21.20,0.53,0.09,40,false
compare_single_p_907_with_base_x3,compare_single_p_907_resume,base,FMCAD08/Int/misc/ex8_e7_74_e7_740.lus,Unsafe,0,0.026,2,13,32.24,0.42,0.04,40,false,Unsafe,0,0.028,2,13,43.74,0.52,0.05,40,false,Unsafe,0,0.025,2,13,33.37,0.42,0.04,40,false,Unsafe,0,0.025,2,13,61.25,0.42,0.08,40,false,Unsafe,0,0.026,2,13,61.43,0.42,0.08,40,false
compare_single_p_907_with_base_x3,compare_single_p_907_resume,base,FMCAD08/Int/misc/ticket3i_3_e7_99.lus,Unsafe,,0.020,0,2,21.27,0.52,0.07,40,false,Unsafe,,0.021,0,2,44.25,0.52,0.07,40,false,Unsafe,,0.021,0,2,44.38,0.52,0.06,40,false,Unsafe,,0.019,0,2,99.12,0.52,0.11,40,false,Unsafe,,0.022,0,2,94.29,0.52,0.12,40,false
compare_single_p_907_with_base_x3,compare_single_p_907_resume,base,FMCAD08/Int/misc/ticket3i_3_e7_1312_e8_1916.lus,Safe,1,0.046,2,24,46.12,0.52,0.08,0,false,Safe,1,0.049,2,24,42.88,0.54,0.08,0,false,Safe,1,0.048,2,24,46.38,0.52,0.08,0,false,Safe,1,0.050,2,24,99.89,0.52,0.18,0,false,Safe,1,0.055,2,24,98.90,0.52,0.20,0,false
compare_single_p_907_with_base_x3,compare_single_p_907_resume,base,FMCAD08/Int/misc/ex8_e8_220_e7_249.lus,Unsafe,0,0.025,2,13,44.46,0.52,0.04,40,false,Unsafe,0,0.027,2,13,44.83,0.42,0.04,40,false,Unsafe,0,0.026,2,13,33.21,0.42,0.04,40,false,Unsafe,0,0.025,2,13,61.00,0.42,0.08,40,false,Unsafe,0,0.026,2,13,61.00,0.42,0.09,40,false
compare_single_p_907_with_base_x3,compare_single_p_907_resume,base,FMCAD08/Int/misc/two_counters_e1_268.lus,Unsafe,,0.010,0,2,19.60,0.42,0.03,40,false,Unsafe,,0.011,0,2,32.38,0.52,0.03,40,false,Unsafe,,0.010,0,2,32.14,0.42,0.03,40,false,Unsafe,,0.010,0,2,19.91,0.52,0.05,40,false,Unsafe,,0.009,0,2,59.29,0.42,0.06,40,false
compare_single_p_907_with_base_x3,compare_single_p_907_resume,base,FMCAD08/Int/misc/durationThm_2.lus,Timeout,,,,,,,,,true,Timeout,,,,,,,,,true,Timeout,,,,,,,,,true,Timeout,,,,,,,,,true,Timeout,,,,,,,,,true
compare_single_p_907_with_base_x3,compare_single_p_907_resume,base,FMCAD08/Int/misc/durationThm_3_e1_36.lus,Unsafe,0,0.026,1,9,33.40,0.52,0.04,40,false,Unsafe,0,0.027,1,9,20.16,0.53,0.05,40,false,Unsafe,0,0.026,1,9,35.27,0.54,0.05,40,false,Unsafe,0,0.025,1,9,63.67,0.52,0.09,40,false,Unsafe,0,0.026,1,9,62.95,0.53,0.10,40,false
compare_single_p_907_with_base_x3,compare_single_p_907_resume,base,FMCAD08/Int/misc/ticket3i_all_e8_505_e7_2450.lus,Safe,7,0.196,2,121,47.29,0.63,0.23,0,false,Safe,7,0.160,2,115,47.79,0.63,0.19,0,false,Safe,7,0.171,2,121,47.54,0.74,0.23,0,false,Safe,7,0.171,2,121,103.73,0.63,0.53,0,false,Safe,7,0.173,2,121,104.71,0.63,0.56,0,false
compare_single_p_907_with_base_x3,compare_single_p_907_resume,base,FMCAD08/Int/misc/durationThm_1_e1_350.lus,Unsafe,,0.012,0,2,20.02,0.53,0.05,40,false,Unsafe,,0.013,0,2,44.84,0.54,0.04,40,false,Unsafe,,0.012,0,2,32.66,0.43,0.04,40,false,Unsafe,,0.011,0,2,60.11,0.43,0.07,40,false,Unsafe,,0.013,0,2,59.96,0.52,0.07,40,false
compare_single_p_907_with_base_x3,compare_single_p_907_resume,base,FMCAD08/Int/misc/ticket3i_3_e8_1703_e8_2560.lus,Safe,1,0.048,2,24,45.76,0.54,0.08,0,false,Safe,1,0.050,2,24,37.14,0.53,0.09,0,false,Safe,1,0.048,2,24,46.75,0.53,0.09,0,false,Safe,1,0.049,2,24,98.96,0.53,0.18,0,false,Safe,1,0.049,2,24,100.93,0.52,0.18,0,false
compare_single_p_907_with_base_x3,compare_single_p_907_resume,base,FMCAD08/Int/misc/durationThm_1_e3_389.lus,Safe,1,0.035,2,23,45.52,0.53,0.06,0,false,Safe,1,0.036,2,23,46.06,0.54,0.05,0,false,Safe,1,0.035,2,23,46.13,0.53,0.05,0,false,Safe,1,0.035,2,23,100.52,0.53,0.12,0,false,Safe,1,0.035,2,23,98.32,0.52,0.12,0,false
compare_single_p_907_with_base_x3,compare_single_p_907_resume,base,FMCAD08/Int/misc/durationThm_3_e3_442_e4_165.lus,Safe,1,0.034,2,24,45.15,0.52,0.05,0,false,Safe,1,0.036,2,24,46.15,0.54,0.06,0,false,Safe,1,0.037,2,28,46.02,0.53,0.06,0,false,Safe,1,0.034,2,24,62.88,0.54,0.11,0,false,Safe,1,0.034,2,24,99.82,0.52,0.11,0,false
compare_single_p_907_with_base_x3,compare_single_p_907_resume,base,FMCAD08/Int/misc/durationThm_1_e7_217_e7_31.lus,Unsafe,,0.012,0,2,19.91,0.42,0.03,40,false,Unsafe,,0.022,0,2,20.03,0.55,0.06,40,false,Unsafe,,0.013,0,2,32.65,0.54,0.05,40,false,Unsafe,,0.012,0,2,20.69,0.54,0.07,40,false,Unsafe,,0.012,0,2,59.45,0.53,0.07,40,false
compare_single_p_907_with_base_x3,compare_single_p_907_resume,base,FMCAD08/Int/misc/durationThm_1.lus,Timeout,,,,,,,,,true,Timeout,,,,,,,,,true,Timeout,,,,,,,,,true,Timeout,,,,,,,,,true,Timeout,,,,,,,,,true
compare_single_p_907_with_base_x3,compare_single_p_907_resume,base,FMCAD08/Int/misc/ticket3i_all_e7_591.lus,Safe,6,0.149,2,102,47.29,0.63,0.20,0,false,Safe,6,0.148,2,95,47.40,0.64,0.18,0,false,Safe,6,0.143,2,97,47.29,0.63,0.18,0,false,Safe,6,0.148,2,102,104.18,0.65,0.47,0,false,Safe,6,0.160,2,102,103.71,0.63,0.50,0,false
compare_single_p_907_with_base_x3,compare_single_p_907_resume,base,FMCAD08/Int/misc/durationThm_2_e1_301.lus,Timeout,,,,,,,,,true,Timeout,,,,,,,,,true,Timeout,,,,,,,,,true,Timeout,,,,,,,,,true,Timeout,,,,,,,,,true
compare_single_p_907_with_base_x3,compare_single_p_907_resume,base,FMCAD08/Int/misc/two_counters_e3_325.lus,Unsafe,0,0.027,1,17,45.16,0.43,0.05,40,false,Unsafe,0,0.029,1,17,42.77,0.53,0.05,40,false,Unsafe,0,0.029,1,17,45.38,0.52,0.05,40,false,Unsafe,0,0.027,1,17,61.73,0.53,0.10,40,false,Unsafe,0,0.029,1,17,97.90,0.53,0.11,40,false
compare_single_p_907_with_base_x3,compare_single_p_907_resume,base,FMCAD08/Int/misc/durationThm_3_e7_334.lus,Timeout,4,0.077,1,46,365.55,300.23,102.60,30,true,Unsafe,1 0,0.110,2,89,43.61,0.53,0.12,40,false,Unsafe,2 0,0.119,2,106,46.58,0.54,0.14,40,false,Unsafe,2 0,0.125,2,114,91.80,0.63,0.36,40,false,Timeout,4,0.063,1,46,811.14,300.20,324.69,30,true
compare_single_p_907_with_base_x3,compare_single_p_907_resume,base,FMCAD08/Int/misc/_6counters_e8_371_e1_448.lus,Timeout,,,,,,,,,true,Timeout,,,,,,,,,true,Timeout,,,,,,,,,true,Timeout,,,,,,,,,true,Timeout,,,,,,,,,true
compare_single_p_907_with_base_x3,compare_single_p_907_resume,base,FMCAD08/Int/misc/ticket3i_3_e8_1703_e7_3491.lus,Unsafe,,0.021,0,2,43.62,0.52,0.06,40,false,Unsafe,,0.021,0,2,45.40,0.53,0.07,40,false,Unsafe,,0.020,0,2,42.16,0.55,0.07,40,false,Unsafe,,0.020,0,2,100.45,0.53,0.11,40,false,Unsafe,,0.020,0,2,91.52,0.52,0.12,40,false
compare_single_p_907_with_base_x3,compare_single_p_907_resume,base,FMCAD08/Int/misc/ticket3i_1_e7_1669.lus,Safe,3,0.086,2,54,42.37,0.53,0.12,0,false,Safe,3,0.086,2,55,34.75,0.64,0.12,0,false,Safe,3,0.084,2,54,34.66,0.63,0.12,0,false,Safe,3,0.087,2,54,94.97,0.52,0.28,0,false,Safe,3,0.091,2,54,99.88,0.52,0.30,0,false
compare_single_p_907_with_base_x3,compare_single_p_907_resume,base,FMCAD08/Int/misc/durationThm_1_e7_217.lus,Unsafe,1,0.042,1,26,45.78,0.53,0.07,40,false,Unsafe,1,0.046,1,26,42.55,0.54,0.07,40,false,Unsafe,1,0.044,1,26,45.81,0.52,0.06,40,false,Unsafe,1,0.044,1,26,99.65,0.55,0.16,40,false,Unsafe,1,0.044,1,26,98.64,0.52,0.15,40,false
compare_single_p_907_with_base_x3,compare_single_p_907_resume,base,FMCAD08/Int/misc/traffic.lus,Safe,2,0.038,2,38,19.30,0.52,0.06,0,false,Safe,2,0.042,2,38,44.92,0.53,0.06,0,false,Safe,2,0.039,2,38,45.73,0.52,0.05,0,false,Safe,2,0.039,2,38,98.49,0.52,0.13,0,false,Safe,2,0.040,2,38,97.43,0.52,0.13,0,false
compare_single_p_907_with_base_x3,compare_single_p_907_resume,base,FMCAD08/Int/misc/two_counters_e2_3.lus,Unsafe,0,0.021,1,9,33.06,0.52,0.04,40,false,Unsafe,0,0.023,1,9,33.11,0.53,0.04,40,false,Unsafe,0,0.020,1,9,33.30,0.42,0.04,40,false,Unsafe,0,0.021,1,9,60.73,0.52,0.08,40,false,Unsafe,0,0.025,1,9,61.79,0.53,0.10,40,false
compare_single_p_907_with_base_x3,compare_single_p_907_resume,base,FMCAD08/Int/misc/ticket3i_7_e1_2192_e1_1852.lus,Safe,9,0.203,2,167,47.06,0.64,0.25,0,false,Safe,9,0.197,2,153,47.30,0.63,0.23,0,false,Safe,9,0.204,2,171,47.57,0.73,0.24,0,false,Safe,9,0.207,2,167,104.32,0.74,0.68,0,false,Safe,9,0.212,2,167,102.57,0.74,0.67,0,false
compare_single_p_907_with_base_x3,compare_single_p_907_resume,base,FMCAD08/Int/misc/_6counters_e3_140_e8_149.lus,Timeout,,,,,,,,,true,Timeout,,,,,,,,,true,Timeout,,,,,,,,,true,Timeout,,,,,,,,,true,Timeout,,,,,,,,,true
compare_single_p_907_with_base_x3,compare_single_p_907_resume,base,FMCAD08/Int/misc/ticket3i_7_e2_2724_e7_524.lus,Safe,6,0.151,2,105,47.15,0.62,0.18,0,false,Safe,6,0.145,2,99,47.65,0.63,0.18,0,false,Safe,6,0.152,2,105,47.19,0.62,0.19,0,false,Safe,6,0.154,2,105,104.50,0.65,0.49,0,false,Safe,6,0.157,2,105,103.34,0.63,0.50,0,false
compare_single_p_907_with_base_x3,compare_single_p_907_resume,base,FMCAD08/Int/misc/durationThm_2_e7_145_e2_169.lus,Safe,4,0.060,2,58,45.30,0.52,0.08,0,false,Safe,4,0.065,2,58,45.47,0.52,0.08,0,false,Safe,4,0.063,2,60,45.70,0.52,0.08,0,false,Safe,4,0.063,2,58,99.39,0.53,0.20,0,false,Safe,4,0.064,2,58,98.36,0.53,0.21,0,false
compare_single_p_907_with_base_x3,compare_single_p_907_resume,base,FMCAD08/Int/misc/durationThm_2_e7_145_e7_154.lus,Unsafe,,0.012,0,2,32.52,0.43,0.04,40,false,Unsafe,,0.013,0,2,20.04,0.42,0.04,40,false,Unsafe,,0.013,0,2,32.65,0.53,0.04,40,false,Unsafe,,0.012,0,2,20.65,0.42,0.07,40,false,Unsafe,,0.012,0,2,59.82,0.42,0.06,40,false
compare_single_p_907_with_base_x3,compare_single_p_907_resume,base,FMCAD08/Int/misc/_6counters_e8_371_e7_304.lus,Unsafe,17 14 11 8,1.254,4,1532,50.87,1.78,1.25,40,false,Unsafe,18 15 12 9,1.347,4,1563,51.12,1.87,1.29,40,false,Unsafe,2 0,0.098,2,97,45.54,0.53,0.13,40,false,Unsafe,4 0,0.148,2,160,99.01,0.53,0.41,40,false,Unsafe,17 14 11 8,1.380,4,1532,112.90,1.89,4.11,40,false
compare_single_p_907_with_base_x3,compare_single_p_907_resume,base,FMCAD08/Int/misc/durationThm_2_e3_329_e4_1.lus,Safe,2,0.043,2,33,43.90,0.53,0.06,0,false,Safe,3,0.057,2,47,45.31,0.52,0.07,0,false,Safe,2,0.043,2,33,46.27,0.54,0.07,0,false,Safe,2,0.044,2,33,99.15,0.52,0.15,0,false,Safe,2,0.045,2,33,98.09,0.52,0.15,0,false
compare_single_p_907_with_base_x3,compare_single_p_907_resume,base,FMCAD08/Int/misc/_6countern.lus,Unsafe,,0.006,0,1,19.23,0.42,0.03,40,false,Unsafe,,0.007,0,1,31.57,0.53,0.03,40,false,Unsafe,,0.006,0,1,19.11,0.42,0.03,40,false,Unsafe,,0.006,0,1,19.37,0.42,0.05,40,false,Unsafe,,0.006,0,1,19.49,0.42,0.05,40,false
compare_single_p_907_with_base_x3,compare_single_p_907_resume,base,FMCAD08/Int/misc/durationThm_3_e7_334_e7_118.lus,Unsafe,,0.010,0,1,32.40,0.44,0.04,40,false,Unsafe,,0.011,0,1,19.56,0.42,0.04,40,false,Unsafe,,0.034,0,1,44.06,0.53,0.07,40,false,Unsafe,,0.010,0,1,60.79,0.42,0.06,40,false,Unsafe,,0.010,0,1,60.07,0.52,0.06,40,false
compare_single_p_907_with_base_x3,compare_single_p_907_resume,base,FMCAD08/Int/misc/ticket3i_3_e8_1703.lus,Safe,2,0.068,2,37,45.75,0.53,0.11,0,false,Safe,2,0.066,2,37,47.12,0.63,0.10,0,false,Safe,2,0.065,2,37,46.57,0.53,0.10,0,false,Safe,2,0.067,2,37,101.32,0.52,0.22,0,false,Safe,2,0.067,2,37,90.79,0.63,0.23,0,false
compare_single_p_907_with_base_x3,compare_single_p_907_resume,base,FMCAD08/Int/misc/ticket3i_4.lus,Safe,2,0.063,2,39,46.29,0.52,0.09,0,false,Safe,2,0.063,2,37,31.71,0.54,0.09,0,false,Safe,2,0.064,2,39,44.04,0.52,0.10,0,false,Safe,2,0.065,2,39,94.96,0.52,0.22,0,false,Safe,2,0.065,2,39,93.82,0.53,0.23,0,false
compare_single_p_907_with_base_x3,compare_single_p_907_resume,base,FMCAD08/Int/misc/ticket3i_3_e7_1312_e7_1495.lus,Unsafe,,0.025,0,2,43.79,0.53,0.09,40,false,Unsafe,,0.021,0,2,37.05,0.54,0.07,40,false,Unsafe,,0.019,0,2,46.67,0.52,0.06,40,false,Unsafe,,0.020,0,2,64.46,0.52,0.11,40,false,Unsafe,,0.020,0,2,101.51,0.53,0.11,40,false
compare_single_p_907_with_base_x3,compare_single_p_907_resume,base,FMCAD08/Int/misc/durationThm_1_e7_217_e1_89.lus,Unsafe,,0.013,0,2,32.91,0.44,0.04,40,false,Unsafe,,0.013,0,2,41.78,0.53,0.04,40,false,Unsafe,,0.012,0,2,20.04,0.42,0.04,40,false,Unsafe,,0.012,0,2,59.15,0.53,0.07,40,false,Unsafe,,0.013,0,2,60.46,0.52,0.07,40,false
compare_single_p_907_with_base_x3,compare_single_p_907_resume,base,FMCAD08/Int/misc/durationThm_3_e7_334_e1_431.lus,Unsafe,0,0.025,1,9,33.65,0.52,0.04,40,false,Unsafe,0,0.026,1,9,20.07,0.53,0.05,40,false,Unsafe,0,0.025,1,9,45.90,0.53,0.05,40,false,Unsafe,0,0.025,1,9,20.78,0.42,0.09,40,false,Unsafe,0,0.026,1,9,56.47,0.54,0.11,40,false
compare_single_p_907_with_base_x3,compare_single_p_907_resume,base,FMCAD08/Int/misc/ex8.lus,Unsafe,0,0.026,2,13,20.29,0.52,0.05,40,false,Unsafe,0,0.026,2,13,44.58,0.43,0.05,40,false,Unsafe,0,0.027,2,13,44.99,0.52,0.05,40,false,Unsafe,0,0.025,2,13,60.00,0.42,0.08,40,false,Unsafe,0,0.025,2,13,95.19,0.53,0.09,40,false
compare_single_p_907_with_base_x3,compare_single_p_907_resume,base,FMCAD08/Int/misc/_6counters_e8_371_e2_80.lus,Safe,0,0.020,2,12,32.27,0.54,0.04,0,false,Safe,0,0.021,2,12,43.19,0.52,0.04,0,false,Safe,0,0.021,2,12,32.40,0.42,0.04,0,false,Safe,0,0.019,2,12,93.39,0.44,0.08,0,false,Safe,0,0.019,2,12,58.81,0.42,0.07,0,false
compare_single_p_907_with_base_x3,compare_single_p_907_resume,base,FMCAD08/Int/misc/two_counters.lus,Safe,27 25 23 19 12,1.149,6,1782,50.42,1.58,1.14,0,false,Safe,27 25 19 15 10,1.587,6,2289,51.73,2.08,1.51,0,false,Safe,15 13 11 7,0.587,5,955,49.40,1.05,0.59,0,false,Safe,15 13 11 6,0.574,5,899,106.06,1.04,1.77,0,false,Safe,27 25 23 19 12,1.217,6,1782,113.97,1.67,3.59,0,false
compare_single_p_907_with_base_x3,compare_single_p_907_resume,base,FMCAD08/Int/misc/durationThm_3_e3_207.lus,Safe,1,0.036,2,28,45.29,0.55,0.06,0,false,Safe,1,0.040,2,28,43.65,0.53,0.06,0,false,Safe,1,0.036,2,28,46.15,0.52,0.06,0,false,Safe,1,0.043,2,28,86.77,0.53,0.16,0,false,Safe,1,0.038,2,28,98.25,0.52,0.13,0,false
compare_single_p_907_with_base_x3,compare_single_p_907_resume,base,FMCAD08/Int/misc/ticket3i_3.lus,Safe,1,0.045,2,24,19.53,0.53,0.08,0,false,Safe,1,0.051,2,24,32.00,0.53,0.09,0,false,Safe,1,0.046,2,24,47.03,0.52,0.08,0,false,Safe,1,0.049,2,24,101.36,0.52,0.17,0,false,Safe,1,0.048,2,24,100.27,0.54,0.18,0,false
compare_single_p_907_with_base_x3,compare_single_p_907_resume,base,FMCAD08/Int/misc/durationThm_2_e3_329_e5_124.lus,Safe,2,0.043,2,33,45.68,0.52,0.06,0,false,Safe,2,0.047,2,35,46.18,0.53,0.06,0,false,Safe,2,0.044,2,33,46.64,0.55,0.06,0,false,Safe,2,0.044,2,33,100.39,0.54,0.15,0,false,Safe,2,0.045,2,33,99.20,0.53,0.15,0,false
compare_single_p_907_with_base_x3,compare_single_p_907_resume,base,FMCAD08/Int/misc/_6counters_e8_371_e3_224.lus,Timeout,,,,,,,,,true,Timeout,,,,,,,,,true,Timeout,,,,,,,,,true,Timeout,,,,,,,,,true,Timeout,,,,,,,,,true
compare_single_p_907_with_base_x3,compare_single_p_907_resume,base,FMCAD08/Int/misc/ex8_e7_74_e8_302.lus,Unsafe,0,0.025,2,13,44.58,0.53,0.04,40,false,Unsafe,0,0.046,2,13,41.74,0.53,0.07,40,false,Unsafe,0,0.040,2,13,45.59,0.42,0.06,40,false,Unsafe,0,0.025,2,13,96.12,0.54,0.09,40,false,Unsafe,0,0.025,2,13,61.56,0.42,0.08,40,false
compare_single_p_907_with_base_x3,compare_single_p_907_resume,base,FMCAD08/Int/misc/ticket3i_all_e3_557_e7_3464.lus,Safe,6,0.126,2,85,47.17,0.63,0.16,0,false,Safe,6,0.128,2,87,47.50,0.63,0.16,0,false,Safe,6,0.133,2,92,47.63,0.62,0.17,0,false,Safe,6,0.131,2,85,103.15,0.63,0.43,0,false,Safe,6,0.133,2,85,103.71,0.63,0.43,0,false
compare_single_p_907_with_base_x3,compare_single_p_907_resume,base,FMCAD08/Int/misc/ticket3i_5_e7_3307.lus,Safe,2,0.070,2,39,43.75,0.52,0.10,0,false,Safe,2,0.069,2,37,40.17,0.53,0.10,0,false,Safe,2,0.071,2,39,44.07,0.52,0.11,0,false,Safe,2,0.071,2,39,34.14,0.53,0.24,0,false,Safe,2,0.071,2,39,93.52,0.53,0.24,0,false
compare_single_p_907_with_base_x3,compare_single_p_907_resume,base,FMCAD08/Int/misc/two_counters_e7_222.lus,Unsafe,,0.010,0,2,19.81,0.43,0.03,40,false,Unsafe,,0.011,0,2,32.14,0.53,0.04,40,false,Unsafe,,0.011,0,2,19.53,0.42,0.04,40,false,Unsafe,,0.009,0,2,20.06,0.42,0.05,40,false,Unsafe,,0.009,0,2,20.25,0.42,0.06,40,false
compare_single_p_907_with_base_x3,compare_single_p_907_resume,base,FMCAD08/Int/misc/traffic_e7_46.lus,Unsafe,,0.009,0,1,19.38,0.42,0.03,40,false,Unsafe,,0.009,0,1,32.38,0.43,0.04,40,false,Unsafe,,0.009,0,1,32.28,0.43,0.04,40,false,Unsafe,,0.008,0,1,59.34,0.42,0.05,40,false,Unsafe,,0.008,0,1,59.66,0.42,0.05,40,false
compare_single_p_907_with_base_x3,compare_single_p_907_resume,base,FMCAD08/Int/misc/twisted_counters.lus,Safe,22 20 16 13 9,2.017,6,2787,54.61,2.49,1.98,0,false,Safe,51 49 44 41 37 27 14,6.015,8,6872,65.36,6.43,5.76,0,false,Safe,21 19 15 12 10,1.805,6,2524,53.70,2.28,1.78,0,false,Safe,28 26 22 19 17 15 9,3.713,8,4365,134.06,4.09,10.93,0,false,Safe,22 20 16 13 9,2.228,6,2787,122.95,2.61,6.57,0,false
compare_single_p_907_with_base_x3,compare_single_p_907_resume,base,FMCAD08/Int/misc/durationThm_1_e3_389_e5_5.lus,Safe,1,0.036,2,23,46.09,0.52,0.05,0,false,Safe,1,0.053,2,23,41.16,0.53,0.08,0,false,Safe,1,0.035,2,23,46.11,0.52,0.05,0,false,Safe,1,0.036,2,23,101.59,0.52,0.12,0,false,Safe,1,0.036,2,23,19.95,0.53,0.13,0,false
compare_single_p_907_with_base_x3,compare_single_p_907_resume,base,FMCAD08/Int/misc/durationThm_2_e2_63.lus,Safe,3,0.052,2,45,45.40,0.52,0.07,0,false,Safe,3,0.056,2,45,46.40,0.52,0.07,0,false,Safe,3,0.053,2,45,46.65,0.53,0.07,0,false,Safe,3,0.053,2,45,100.13,0.52,0.17,0,false,Safe,3,0.054,2,45,99.69,0.52,0.17,0,false
compare_single_p_907_with_base_x3,compare_single_p_907_resume,base,FMCAD08/Int/misc/durationThm_2_e3_99.lus,Safe,2,0.043,2,33,41.90,0.53,0.07,0,false,Safe,2,0.048,2,35,46.06,0.52,0.06,0,false,Safe,2,0.043,2,33,46.03,0.53,0.07,0,false,Safe,2,0.043,2,33,101.04,0.52,0.14,0,false,Safe,2,0.043,2,33,99.74,0.53,0.14,0,false
compare_single_p_907_with_base_x3,compare_single_p_907_resume,base,FMCAD08/Int/misc/ticket3i_all_e2_1117_e7_553.lus,Safe,6,0.147,2,105,47.33,0.63,0.18,0,false,Safe,1 0,0.227,3,181,48.04,0.73,0.24,0,false,Safe,6,0.152,2,105,47.29,0.63,0.19,0,false,Safe,6,0.153,2,105,103.43,0.63,0.51,0,false,Safe,6,0.178,2,105,102.64,0.63,0.57,0,false
compare_single_p_907_with_base_x3,compare_single_p_907_resume,base,FMCAD08/Int/misc/ticket3i_7.lus,Safe,6,0.140,2,105,47.31,0.62,0.17,0,false,Safe,6,0.135,2,99,47.28,0.63,0.16,0,false,Safe,6,0.162,2,105,47.65,0.64,0.21,0,false,Safe,6,0.140,2,105,103.26,0.64,0.46,0,false,Safe,6,0.144,2,105,104.02,0.64,0.47,0,false
compare_single_p_907_with_base_x3,compare_single_p_907_resume,base,FMCAD08/Int/misc/ticket3i_4_e7_1775_e7_3320.lus,Safe,2,0.061,2,34,44.25,0.52,0.09,0,false,Safe,2,0.065,2,37,31.02,0.53,0.10,0,false,Safe,2,0.066,2,39,44.38,0.52,0.10,0,false,Safe,2,0.060,2,34,94.21,0.52,0.21,0,false,Safe,2,0.063,2,34,94.26,0.52,0.22,0,false
compare_single_p_907_with_base_x3,compare_single_p_907_resume,base,FMCAD08/Int/misc/durationThm_1_e3_389_e4_294.lus,Safe,1,0.033,2,23,33.53,0.43,0.05,0,false,Safe,1,0.036,2,23,46.07,0.54,0.06,0,false,Safe,1,0.034,2,23,33.96,0.52,0.05,0,false,Safe,1,0.034,2,23,63.41,0.52,0.11,0,false,Safe,1,0.036,2,23,100.10,0.52,0.12,0,false
compare_single_p_907_with_base_x3,compare_single_p_907_resume,base,FMCAD08/Int/misc/ticket3i_all.lus,Safe,6,0.138,2,105,47.17,0.63,0.17,0,false,Safe,6,0.137,2,99,47.54,0.64,0.17,0,false,Safe,6,0.137,2,105,47.72,0.63,0.17,0,false,Safe,6,0.138,2,105,104.34,0.63,0.43,0,false,Safe,6,0.147,2,105,102.60,0.63,0.47,0,false
compare_single_p_907_with_base_x3,compare_single_p_907_resume,base,FMCAD08/Int/misc/durationThm_1_e7_217_e2_352.lus,Safe,3,0.055,2,50,42.73,0.53,0.08,0,false,Safe,3,0.072,2,48,41.82,0.54,0.10,0,false,Safe,3,0.055,2,50,45.91,0.52,0.07,0,false,Safe,3,0.056,2,50,99.90,0.52,0.18,0,false,Safe,3,0.059,2,50,98.21,0.54,0.19,0,false
compare_single_p_907_with_base_x3,compare_single_p_907_resume,base,FMCAD08/Int/misc/ticket3i_7_e8_2126_e7_78.lus,Safe,6,0.148,2,100,47.66,0.64,0.18,0,false,Safe,6,0.148,2,99,47.36,0.63,0.18,0,false,Safe,6,0.152,2,105,47.24,0.63,0.19,0,false,Safe,6,0.152,2,100,104.26,0.65,0.49,0,false,Safe,6,0.169,2,100,103.44,0.63,0.54,0,false
compare_single_p_907_with_base_x3,compare_single_p_907_resume,base,FMCAD08/Int/misc/ticket3i_all_e1_2706_e7_1776.lus,Safe,6,0.147,2,102,46.79,0.63,0.19,0,false,Safe,6,0.143,2,95,47.30,0.63,0.17,0,false,Safe,6,0.145,2,97,47.67,0.62,0.18,0,false,Safe,6,0.150,2,102,102.81,0.64,0.47,0,false,Safe,6,0.165,2,102,103.36,0.64,0.53,0,false
compare_single_p_907_with_base_x3,compare_single_p_907_resume,base,FMCAD08/Int/misc/durationThm_3_e2_63.lus,Safe,1,0.034,2,24,45.39,0.53,0.06,0,false,Safe,1,0.064,2,24,46.28,0.54,0.09,0,false,Safe,1,0.036,2,28,46.62,0.52,0.06,0,false,Safe,1,0.034,2,24,100.26,0.53,0.12,0,false,Safe,1,0.036,2,24,98.20,0.52,0.12,0,false
compare_single_p_907_with_base_x3,compare_single_p_907_resume,base,FMCAD08/Int/misc/ticket3i_5.lus,Safe,2,0.062,2,39,43.17,0.52,0.10,0,false,Safe,2,0.061,2,37,26.93,0.52,0.09,0,false,Safe,2,0.063,2,39,47.36,0.62,0.10,0,false,Safe,2,0.065,2,39,100.84,0.52,0.22,0,false,Safe,2,0.068,2,39,99.77,0.53,0.23,0,false
compare_single_p_907_with_base_x3,compare_single_p_907_resume,base,FMCAD08/Int/misc/ticket3i_6_e7_1096_e7_2688.lus,Safe,2,0.066,2,39,46.17,0.52,0.09,0,false,Safe,2,0.063,2,37,34.63,0.52,0.11,0,false,Safe,2,0.066,2,39,42.25,0.54,0.10,0,false,Safe,2,0.066,2,39,102.08,0.54,0.22,0,false,Safe,2,0.071,2,39,30.52,0.52,0.24,0,false
compare_single_p_907_with_base_x3,compare_single_p_907_resume,base,FMCAD08/Int/misc/ex8_e8_220.lus,Unsafe,0,0.026,2,13,33.37,0.42,0.04,40,false,Unsafe,0,0.028,2,13,44.95,0.52,0.04,40,false,Unsafe,0,0.027,2,13,33.45,0.42,0.04,40,false,Unsafe,0,0.035,2,13,96.00,0.52,0.12,40,false,Unsafe,0,0.026,2,13,61.68,0.42,0.08,40,false
compare_single_p_907_with_base_x3,compare_single_p_907_resume,base,FMCAD08/Int/misc/ex3.lus,Safe,4 3,0.110,3,138,46.09,0.52,0.12,0,false,Safe,3 2,0.099,3,114,43.74,0.54,0.11,0,false,Safe,3 2,0.093,3,112,46.16,0.52,0.10,0,false,Safe,4 3,0.115,3,138,101.16,0.52,0.30,0,false,Safe,4 3,0.119,3,138,100.18,0.52,0.34,0,false
compare_single_p_907_with_base_x3,compare_single_p_907_resume,base,FMCAD08/Int/misc/ticket3i_6.lus,Safe,2,0.067,2,39,46.77,0.52,0.10,0,false,Safe,2,0.062,2,37,19.28,0.52,0.09,0,false,Safe,2,0.065,2,39,46.17,0.52,0.10,0,false,Safe,2,0.071,2,39,93.96,0.52,0.26,0,false,Safe,2,0.073,2,39,101.89,0.52,0.24,0,false
compare_single_p_907_with_base_x3,compare_single_p_907_resume,base,FMCAD08/Int/memory1/DRAGON_2_e7_25_e8_3171.lus,Safe,1,0.063,2,22,55.39,0.52,0.11,0,false,Safe,1,0.105,2,22,47.62,0.63,0.15,0,false,Safe,1,0.064,2,22,42.50,0.52,0.11,0,false,Safe,1,0.063,2,22,20.17,0.52,0.23,0,false,Safe,1,0.066,2,22,53.03,0.52,0.25,0,false
compare_single_p_907_with_base_x3,compare_single_p_907_resume,base,FMCAD08/Int/memory1/DRAGON_10_e1_3587_e7_872.lus,Unsafe,,0.023,0,2,23.14,0.52,0.08,40,false,Unsafe,,0.023,0,2,21.50,0.52,0.09,40,false,Unsafe,,0.024,0,2,56.39,0.52,0.08,40,false,Unsafe,,0.022,0,2,38.30,0.54,0.15,40,false,Unsafe,,0.023,0,2,58.23,0.53,0.13,40,false
compare_single_p_907_with_base_x3,compare_single_p_907_resume,base,FMCAD08/Int/memory1/FIREFLY_luke_1b_e2_3049.lus,Unsafe,0,0.056,1,17,46.05,0.52,0.09,40,false,Unsafe,0,0.056,1,17,21.39,0.53,0.10,40,false,Unsafe,0,0.055,1,17,45.98,0.53,0.09,40,false,Unsafe,0,0.059,1,17,100.79,0.52,0.21,40,false,Unsafe,0,0.061,1,17,97.10,0.52,0.22,40,false
compare_single_p_907_with_base_x3,compare_single_p_907_resume,base,FMCAD08/Int/memory1/FIREFLY_luke_1a_e2_284_e1_2924.lus,Timeout,,,,,,,,,true,Timeout,,,,,,,,,true,Timeout,,,,,,,,,true,Timeout,,,,,,,,,true,Timeout,,,,,,,,,true
compare_single_p_907_with_base_x3,compare_single_p_907_resume,base,FMCAD08/Int/memory1/DRAGON_4_e7_2329.lus,Unsafe,0,0.089,1,20,54.77,0.63,0.14,40,false,Unsafe,3,0.174,1,49,47.73,0.65,0.23,40,false,Unsafe,0,0.083,1,20,21.30,0.54,0.14,40,false,Unsafe,0,0.086,1,20,49.88,0.54,0.34,40,false,Unsafe,0,0.087,1,20,104.69,0.63,0.32,40,false
compare_single_p_907_with_base_x3,compare_single_p_907_resume,base,FMCAD08/Int/memory1/FIREFLY_luke_1b_e3_671_e5_1637.lus,Unsafe,0,0.054,1,17,43.73,0.53,0.10,40,false,Unsafe,0,0.056,1,17,42.23,0.53,0.09,40,false,Unsafe,0,0.055,1,17,29.86,0.52,0.10,40,false,Unsafe,0,0.056,1,17,101.91,0.52,0.20,40,false,Unsafe,0,0.056,1,17,94.35,0.52,0.21,40,false
compare_single_p_907_with_base_x3,compare_single_p_907_resume,base,FMCAD08/Int/memory1/FIREFLY_all_e3_1600_e7_1607.lus,Unsafe,,0.020,0,2,44.20,0.52,0.06,40,false,Unsafe,,0.021,0,2,45.78,0.52,0.06,40,false,Unsafe,,0.021,0,2,46.33,0.52,0.06,40,false,Unsafe,,0.020,0,2,64.19,0.52,0.11,40,false,Unsafe,,0.020,0,2,100.38,0.52,0.11,40,false
compare_single_p_907_with_base_x3,compare_single_p_907_resume,base,FMCAD08/Int/memory1/FIREFLY_3_e2_2236_e3_2657.lus,Unsafe,0,0.057,1,22,46.38,0.52,0.09,40,false,Unsafe,0,0.060,1,21,25.21,0.53,0.12,40,false,Unsafe,1,0.074,1,34,46.99,0.52,0.11,40,false,Unsafe,0,0.059,1,22,98.18,0.52,0.23,40,false,Unsafe,1,0.078,1,34,101.34,0.52,0.27,40,false
compare_single_p_907_with_base_x3,compare_single_p_907_resume,base,FMCAD08/Int/memory1/FIREFLY_all_e7_1909.lus,Unsafe,,0.024,0,2,21.37,0.54,0.10,40,false,Unsafe,,0.022,0,2,44.05,0.53,0.06,40,false,Unsafe,,0.021,0,2,46.91,0.52,0.06,40,false,Unsafe,,0.021,0,2,100.95,0.52,0.12,40,false,Unsafe,,0.021,0,2,77.84,0.53,0.11,40,false
compare_single_p_907_with_base_x3,compare_single_p_907_resume,base,FMCAD08/Int/memory1/DRAGON_all2_e8_5504_e1_4719.lus,Unsafe,,0.027,0,2,56.95,0.52,0.10,40,false,Unsafe,,0.029,0,2,45.04,0.52,0.11,40,false,Unsafe,,0.029,0,2,68.74,0.53,0.10,40,false,Unsafe,,0.028,0,2,58.62,0.52,0.17,40,false,Unsafe,,0.035,0,2,59.38,0.52,0.19,40,false
compare_single_p_907_with_base_x3,compare_single_p_907_resume,base,FMCAD08/Int/memory1/DRAGON_3_e3_5422_e2_3135.lus,Safe,1,0.070,2,27,46.18,0.66,0.18,0,false,Safe,1,0.075,2,27,57.92,0.52,0.12,0,false,Safe,1,0.077,2,27,55.79,0.53,0.13,0,false,Safe,1,0.072,2,27,87.91,0.52,0.26,0,false,Safe,1,0.075,2,27,67.21,0.52,0.27,0,false
compare_single_p_907_with_base_x3,compare_single_p_907_resume,base,FMCAD08/Int/memory1/DRAGON_all_e2_6104_e2_3308.lus,Safe,5,0.183,2,88,47.91,0.75,0.25,0,false,Safe,4,0.156,2,71,47.41,0.63,0.20,0,false,Safe,4,0.155,2,69,48.04,0.62,0.20,0,false,Safe,5,0.188,2,88,104.48,0.63,0.55,0,false,Safe,5,0.191,2,88,104.70,0.74,0.63,0,false
compare_single_p_907_with_base_x3,compare_single_p_907_resume,base,FMCAD08/Int/memory1/DRAGON_10_e1_998.lus,Safe,2,0.088,2,39,34.99,0.52,0.14,0,false,Safe,2,0.089,2,39,53.77,0.53,0.13,0,false,Safe,2,0.090,2,41,56.26,0.53,0.15,0,false,Safe,2,0.090,2,39,89.56,0.53,0.32,0,false,Safe,2,0.093,2,39,65.85,0.54,0.32,0,false
compare_single_p_907_with_base_x3,compare_single_p_907_resume,base,FMCAD08/Int/memory1/FIREFLY_a3_e1_3233.lus,Unsafe,0,0.064,1,22,36.62,0.54,0.11,40,false,Unsafe,0,0.065,1,22,24.14,0.52,0.11,40,false,Unsafe,0,0.063,1,22,44.05,0.53,0.10,40,false,Unsafe,0,0.064,1,22,94.66,0.52,0.23,40,false,Unsafe,0,0.064,1,22,93.97,0.54,0.24,40,false
compare_single_p_907_with_base_x3,compare_single_p_907_resume,base,FMCAD08/Int/memory1/DRAGON_all2_e7_5406_e7_6697.lus,Unsafe,,0.027,0,2,47.74,0.55,0.10,40,false,Unsafe,,0.028,0,2,34.86,0.52,0.11,40,false,Unsafe,,0.027,0,2,59.89,0.53,0.11,40,false,Unsafe,,0.028,0,2,35.27,0.52,0.16,40,false,Unsafe,,0.028,0,2,43.13,0.52,0.17,40,false
compare_single_p_907_with_base_x3,compare_single_p_907_resume,base,FMCAD08/Int/memory1/DRAGON_8_e3_786.lus,Timeout,77 76 74 72 70 69 68 67 66,293.429,9,32605,327.36,300.21,79.97,30,true,Timeout,8 7 3,0.350,3,262,388.45,300.23,85.97,30,true,Safe,38 37 7 4,14.465,5,4702,82.68,15.01,14.28,0,false,Timeout,"35 34 32 30 28 27 26 25 24 23 22 21
                                            20 19 18 17 16",282.732,17,43865,872.19,302.30,1.66,1,true,Timeout,"21 20 18 16 14 13 12 11 10 9 8 7 6
                                            5 4 2",69.610,16,21695,589.88,302.28,1.78,1,true
compare_single_p_907_with_base_x3,compare_single_p_907_resume,base,FMCAD08/Int/memory1/FIREFLY_u1.lus,Safe,17 15 14 12 7,1.304,6,1343,51.82,1.77,1.31,0,false,Safe,13 11 10 9 8,1.426,6,1463,52.79,1.88,1.39,0,false,Safe,15 13 12 10 5,1.126,6,1246,50.01,1.56,1.14,0,false,Safe,9 7 6 5,0.814,5,822,110.41,1.26,2.38,0,false,Safe,17 15 14 12 7,1.397,6,1343,116.39,1.89,4.18,0,false
compare_single_p_907_with_base_x3,compare_single_p_907_resume,base,FMCAD08/Int/memory1/DRAGON_all_e3_4821_e4_1791.lus,Safe,5,0.179,2,88,58.78,0.63,0.23,0,false,Safe,5,0.187,2,85,48.41,0.73,0.24,0,false,Safe,5,0.180,2,88,59.23,0.62,0.23,0,false,Safe,5,0.182,2,88,104.95,0.63,0.59,0,false,Safe,5,0.188,2,88,104.20,0.63,0.61,0,false
compare_single_p_907_with_base_x3,compare_single_p_907_resume,base,FMCAD08/Int/memory1/FIREFLY_3.lus,Safe,1,0.045,2,25,34.07,0.53,0.08,0,false,Safe,1,0.045,2,24,44.09,0.53,0.08,0,false,Safe,1,0.046,2,25,23.85,0.53,0.09,0,false,Safe,1,0.045,2,25,98.05,0.53,0.16,0,false,Safe,1,0.045,2,25,93.22,0.53,0.16,0,false
compare_single_p_907_with_base_x3,compare_single_p_907_resume,base,FMCAD08/Int/memory1/DRAGON_4_e1_4312.lus,Safe,23 18 12 7,2.914,5,2502,57.13,3.45,2.92,0,false,Safe,27 23 17 7,3.711,5,2970,59.78,4.25,3.62,0,false,Safe,11 6 2 1 0,5.296,6,4280,62.55,5.82,5.29,0,false,Safe,23 18 15 10 3,5.860,6,4004,142.90,6.28,17.39,0,false,Safe,23 18 12 7,3.443,5,2502,129.32,3.87,10.34,0,false
compare_single_p_907_with_base_x3,compare_single_p_907_resume,base,FMCAD08/Int/memory1/FIREFLY_2.lus,Safe,1,0.051,2,27,19.65,0.53,0.09,0,false,Safe,1,0.055,2,27,31.76,0.52,0.09,0,false,Safe,1,0.053,2,27,34.87,0.52,0.09,0,false,Safe,1,0.055,2,27,96.94,0.52,0.19,0,false,Safe,1,0.052,2,27,20.20,0.52,0.19,0,false
compare_single_p_907_with_base_x3,compare_single_p_907_resume,base,FMCAD08/Int/memory1/DRAGON_all_e1_4022_e1_1759.lus,Safe,4,0.154,2,65,47.82,0.62,0.21,0,false,Safe,5,0.170,2,81,48.04,0.63,0.22,0,false,Safe,5,0.181,2,86,47.95,0.62,0.23,0,false,Safe,4,0.154,2,65,104.36,0.63,0.56,0,false,Safe,4,0.166,2,65,104.58,0.63,0.54,0,false
compare_single_p_907_with_base_x3,compare_single_p_907_resume,base,FMCAD08/Int/memory1/FIREFLY_luke_rt_e3_1549.lus,Unsafe,0,0.061,1,22,44.13,0.53,0.10,40,false,Unsafe,0,0.062,1,22,43.25,0.52,0.10,40,false,Unsafe,0,0.060,1,22,46.34,0.53,0.10,40,false,Unsafe,0,0.062,1,22,98.08,0.52,0.22,40,false,Unsafe,0,0.064,1,22,99.77,0.52,0.23,40,false
compare_single_p_907_with_base_x3,compare_single_p_907_resume,base,FMCAD08/Int/memory1/FIREFLY_a3_e2_2086_e3_2542.lus,Safe,4,0.111,2,73,46.91,0.63,0.15,0,false,Safe,4,0.148,2,71,47.14,0.63,0.18,0,false,Safe,4,0.110,2,71,47.70,0.63,0.14,0,false,Safe,4,0.110,2,73,101.66,0.52,0.36,0,false,Safe,4,0.114,2,71,99.37,0.63,0.37,0,false
compare_single_p_907_with_base_x3,compare_single_p_907_resume,base,FMCAD08/Int/memory1/DRAGON_4.lus,Safe,35 30 22 12,3.073,5,2748,57.62,3.53,3.08,0,false,Safe,13 7 1 0,3.930,5,3365,60.09,4.45,3.81,0,false,Safe,26 21 13 7,3.577,5,3065,59.85,4.05,3.59,0,false,Safe,19 13 7 5 1,3.993,6,3117,134.32,4.39,11.84,0,false,Safe,36 31 24 11,4.360,5,3010,134.82,4.81,12.87,0,false
compare_single_p_907_with_base_x3,compare_single_p_907_resume,base,FMCAD08/Int/memory1/FIREFLY_5_e2_2884_e1_2678.lus,Safe,2,0.060,2,41,21.47,0.53,0.10,0,false,Safe,2,0.062,2,39,41.75,0.52,0.09,0,false,Safe,2,0.061,2,41,45.82,0.52,0.09,0,false,Safe,2,0.062,2,41,97.89,0.52,0.21,0,false,Safe,2,0.063,2,41,94.29,0.53,0.22,0,false
compare_single_p_907_with_base_x3,compare_single_p_907_resume,base,FMCAD08/Int/memory1/DRAGON_all_e2_6104_e3_2607.lus,Safe,5,0.181,2,92,47.46,0.62,0.23,0,false,Safe,5,0.179,2,87,59.06,0.62,0.22,0,false,Safe,5,0.186,2,92,48.29,0.62,0.23,0,false,Safe,5,0.185,2,92,105.89,0.63,0.60,0,false,Safe,5,0.195,2,92,104.22,0.63,0.63,0,false
compare_single_p_907_with_base_x3,compare_single_p_907_resume,base,FMCAD08/Int/memory1/DRAGON_10_e2_402.lus,Safe,2,0.089,2,39,47.87,0.63,0.14,0,false,Safe,2,0.088,2,39,46.52,0.62,0.13,0,false,Safe,2,0.087,2,39,46.17,0.63,0.14,0,false,Safe,2,0.086,2,39,66.62,0.65,0.31,0,false,Safe,2,0.088,2,39,66.61,0.52,0.31,0,false
compare_single_p_907_with_base_x3,compare_single_p_907_resume,base,FMCAD08/Int/memory1/FIREFLY_all_e2_2924_e7_3371.lus,Unsafe,,0.021,0,2,27.52,0.55,0.07,40,false,Unsafe,,0.021,0,2,31.92,0.54,0.06,40,false,Unsafe,,0.020,0,2,44.29,0.53,0.07,40,false,Unsafe,,0.020,0,2,94.10,0.52,0.11,40,false,Unsafe,,0.020,0,2,64.83,0.52,0.11,40,false
compare_single_p_907_with_base_x3,compare_single_p_907_resume,base,FMCAD08/Int/memory1/FIREFLY_luke_1b_e3_671_e3_941.lus,Unsafe,0,0.044,1,9,21.42,0.53,0.10,40,false,Unsafe,0,0.043,1,9,42.01,0.52,0.08,40,false,Unsafe,0,0.044,1,9,46.04,0.53,0.09,40,false,Unsafe,0,0.046,1,9,101.44,0.52,0.18,40,false,Unsafe,0,0.045,1,9,97.34,0.53,0.17,40,false
compare_single_p_907_with_base_x3,compare_single_p_907_resume,base,FMCAD08/Int/memory1/FIREFLY_11_e1_3457.lus,Timeout,,,,,,,,,true,Timeout,,,,,,,,,true,Timeout,,,,,,,,,true,Timeout,,,,,,,,,true,Timeout,,,,,,,,,true
compare_single_p_907_with_base_x3,compare_single_p_907_resume,base,FMCAD08/Int/memory1/DRAGON_2_e7_25_e2_5340.lus,Unsafe,,0.024,0,2,21.41,0.52,0.09,40,false,Unsafe,,0.025,0,2,56.90,0.52,0.08,40,false,Unsafe,,0.024,0,2,43.66,0.52,0.08,40,false,Unsafe,,0.024,0,2,21.70,0.53,0.13,40,false,Unsafe,,0.024,0,2,21.57,0.53,0.15,40,false
compare_single_p_907_with_base_x3,compare_single_p_907_resume,base,FMCAD08/Int/memory1/FIREFLY_8_e2_1711_e7_1962.lus,Unsafe,,0.019,0,2,21.16,0.55,0.08,40,false,Unsafe,,0.020,0,2,45.71,0.52,0.06,40,false,Unsafe,,0.019,0,2,34.46,0.54,0.06,40,false,Unsafe,,0.018,0,2,99.29,0.52,0.10,40,false,Unsafe,,0.018,0,2,98.94,0.53,0.11,40,false
compare_single_p_907_with_base_x3,compare_single_p_907_resume,base,FMCAD08/Int/memory1/DRAGON_2_e7_25_e7_4469.lus,Unsafe,,0.024,0,2,21.57,0.56,0.09,40,false,Unsafe,,0.026,0,2,53.78,0.52,0.09,40,false,Unsafe,,0.024,0,2,31.55,0.54,0.09,40,false,Unsafe,,0.024,0,2,88.84,0.52,0.14,40,false,Unsafe,,0.024,0,2,22.05,0.52,0.14,40,false
compare_single_p_907_with_base_x3,compare_single_p_907_resume,base,FMCAD08/Int/memory1/DRAGON_7.lus,Safe,3,0.120,2,60,56.52,0.63,0.17,0,false,Safe,3,0.117,2,57,47.00,0.64,0.17,0,false,Safe,2,0.091,2,41,34.73,0.63,0.14,0,false,Safe,3,0.117,2,60,94.55,0.53,0.37,0,false,Safe,3,0.125,2,60,104.48,0.63,0.42,0,false
compare_single_p_907_with_base_x3,compare_single_p_907_resume,base,FMCAD08/Int/memory1/DRAGON_all2_e3_4612_e1_6463.lus,Timeout,,,,,,,,,true,Timeout,,,,,,,,,true,Timeout,,,,,,,,,true,Timeout,,,,,,,,,true,Timeout,,,,,,,,,true
compare_single_p_907_with_base_x3,compare_single_p_907_resume,base,FMCAD08/Int/memory1/DRAGON_3_e1_4783.lus,Safe,1,0.070,2,27,57.92,0.52,0.12,0,false,Safe,1,0.074,2,27,43.67,0.52,0.12,0,false,Safe,1,0.072,2,27,29.18,0.52,0.12,0,false,Safe,1,0.070,2,27,20.96,0.53,0.26,0,false,Safe,1,0.069,2,27,57.55,0.52,0.26,0,false
compare_single_p_907_with_base_x3,compare_single_p_907_resume,base,FMCAD08/Int/memory1/FIREFLY_rt.lus,Safe,10 8 5,0.517,4,585,48.73,0.94,0.53,0,false,Safe,11 9 5,0.601,4,664,49.63,1.04,0.60,0,false,Safe,10 8 5,0.527,4,584,49.57,1.05,0.57,0,false,Safe,10 8 5,0.539,4,583,108.75,1.05,1.69,0,false,Safe,10 8 5,0.558,4,583,107.69,1.04,1.67,0,false
compare_single_p_907_with_base_x3,compare_single_p_907_resume,base,FMCAD08/Int/memory1/DRAGON_3_e1_4783_e3_511.lus,Safe,1,0.069,2,27,53.41,0.52,0.12,0,false,Safe,1,0.073,2,27,39.01,0.53,0.12,0,false,Safe,1,0.072,2,27,57.92,0.52,0.12,0,false,Safe,1,0.070,2,27,57.91,0.52,0.26,0,false,Safe,1,0.071,2,27,58.06,0.52,0.26,0,false
compare_single_p_907_with_base_x3,compare_single_p_907_resume,base,FMCAD08/Int/memory1/DRAGON_10_e7_3861_e7_2180.lus,Unsafe,,0.024,0,2,31.96,0.52,0.08,40,false,Unsafe,,0.023,0,2,42.14,0.54,0.08,40,false,Unsafe,,0.023,0,2,21.51,0.52,0.08,40,false,Unsafe,,0.022,0,2,87.82,0.52,0.13,40,false,Unsafe,,0.023,0,2,57.45,0.52,0.14,40,false
compare_single_p_907_with_base_x3,compare_single_p_907_resume,base,FMCAD08/Int/memory1/DRAGON_13_e7_2336_e1_541.lus,Unsafe,,0.024,0,2,42.36,0.52,0.08,40,false,Unsafe,,0.025,0,2,56.29,0.53,0.09,40,false,Unsafe,,0.024,0,2,34.51,0.62,0.10,40,false,Unsafe,,0.024,0,2,36.93,0.52,0.14,40,false,Unsafe,,0.025,0,2,91.67,0.52,0.14,40,false
compare_single_p_907_with_base_x3,compare_single_p_907_resume,base,FMCAD08/Int/memory1/DRAGON_5_e7_2017_e1_5832.lus,Unsafe,0,0.092,1,23,42.20,0.53,0.15,40,false,Unsafe,0,0.095,1,23,48.01,0.63,0.15,40,false,Unsafe,0,0.092,1,22,36.60,0.62,0.14,40,false,Unsafe,0,0.092,1,23,88.14,0.52,0.33,40,false,Unsafe,0,0.100,1,23,103.64,0.64,0.36,40,false
compare_single_p_907_with_base_x3,compare_single_p_907_resume,base,FMCAD08/Int/memory1/DRAGON_all_e2_6104_e1_6205.lus,Safe,4,0.154,2,71,55.56,0.63,0.21,0,false,Safe,4,0.151,2,67,51.15,0.62,0.20,0,false,Safe,4,0.152,2,71,49.03,0.64,0.23,0,false,Safe,4,0.156,2,71,105.58,0.64,0.54,0,false,Safe,4,0.161,2,71,105.82,0.63,0.54,0,false
compare_single_p_907_with_base_x3,compare_single_p_907_resume,base,FMCAD08/Int/memory1/DRAGON_all_e2_6104.lus,Safe,5,0.181,2,86,56.15,0.62,0.23,0,false,Safe,4,0.154,2,65,47.79,0.62,0.20,0,false,Safe,4,0.157,2,67,56.02,0.63,0.21,0,false,Safe,5,0.181,2,86,105.67,0.64,0.55,0,false,Safe,5,0.189,2,86,105.32,0.74,0.62,0,false
compare_single_p_907_with_base_x3,compare_single_p_907_resume,base,FMCAD08/Int/memory1/FIREFLY_luke_2_e2_1375_e1_418.lus,Safe,16 14 10 6,0.732,5,886,49.83,1.25,0.75,0,false,Safe,17 15 10 6,0.842,5,962,50.12,1.35,0.83,0,false,Safe,11 9 5,0.518,4,605,49.46,1.05,0.54,0,false,Safe,11 9 5,0.543,4,599,108.23,1.04,1.67,0,false,Safe,11 9 5,0.557,4,599,108.23,1.05,1.67,0,false
compare_single_p_907_with_base_x3,compare_single_p_907_resume,base,FMCAD08/Int/memory1/DRAGON_9_e7_1843_e7_2225.lus,Safe,1,0.063,2,25,55.89,0.54,0.11,0,false,Safe,1,0.065,2,24,49.89,0.52,0.11,0,false,Safe,1,0.064,2,25,19.55,0.54,0.12,0,false,Safe,1,0.069,2,25,20.27,0.54,0.26,0,false,Safe,1,0.067,2,25,53.40,0.54,0.25,0,false
compare_single_p_907_with_base_x3,compare_single_p_907_resume,base,FMCAD08/Int/memory1/DRAGON_4_e2_2799_e3_1915.lus,Safe,34 28 19 8,4.584,5,3696,59.20,5.09,4.58,0,false,Safe,36 30 23 10,3.544,5,2950,59.10,4.05,3.46,0,false,Safe,35 30 23 10,3.769,5,3318,58.71,4.27,3.78,0,false,Safe,29 23 20 13 5,3.957,5,3034,135.01,4.61,12.02,0,false,Safe,45 39 32 21 11,7.151,6,4924,146.04,7.85,21.59,0,false
compare_single_p_907_with_base_x3,compare_single_p_907_resume,base,FMCAD08/Int/memory1/DRAGON_2_e1_2316.lus,Safe,1,0.062,2,22,51.15,0.53,0.11,0,false,Safe,1,0.063,2,22,54.64,0.52,0.11,0,false,Safe,1,0.062,2,22,29.03,0.54,0.11,0,false,Safe,1,0.062,2,22,57.30,0.52,0.23,0,false,Safe,1,0.064,2,22,66.71,0.53,0.24,0,false
compare_single_p_907_with_base_x3,compare_single_p_907_resume,base,FMCAD08/Int/memory1/DRAGON_3_e2_5343_e1_988.lus,Safe,1,0.073,2,27,19.74,0.53,0.12,0,false,Safe,1,0.076,2,27,56.66,0.53,0.12,0,false,Safe,1,0.068,2,27,57.91,0.54,0.13,0,false,Safe,1,0.076,2,27,57.41,0.53,0.27,0,false,Safe,1,0.076,2,27,88.21,0.52,0.27,0,false
compare_single_p_907_with_base_x3,compare_single_p_907_resume,base,FMCAD08/Int/memory1/FIREFLY_luke_3.lus,Safe,25 22 20 17 8,1.912,6,2040,52.45,2.41,1.92,0,false,Safe,78 74 47 20 9,47.259,6,12768,120.48,47.74,46.54,0,false,Safe,14 11 8 6 5,1.476,6,1725,52.13,1.98,1.49,0,false,Safe,20 17 15 12 4,1.704,5,1666,117.27,2.10,5.06,0,false,Safe,25 22 20 17 8,2.195,6,2011,120.59,2.62,6.52,0,false
compare_single_p_907_with_base_x3,compare_single_p_907_resume,base,FMCAD08/Int/memory1/DRAGON_all_e7_1941_e2_6086.lus,Unsafe,,0.024,0,2,55.90,0.53,0.09,40,false,Unsafe,,0.025,0,2,40.76,0.52,0.09,40,false,Unsafe,,0.024,0,2,57.08,0.52,0.09,40,false,Unsafe,,0.024,0,2,58.91,0.52,0.14,40,false,Unsafe,,0.024,0,2,53.78,0.52,0.14,40,false
compare_single_p_907_with_base_x3,compare_single_p_907_resume,base,FMCAD08/Int/memory1/DRAGON_14_e7_3162.lus,Unsafe,14 8,0.581,2,316,49.66,1.05,0.63,40,false,Unsafe,15 9,0.810,2,423,56.43,1.24,0.84,40,false,Unsafe,15 9,0.703,2,440,56.64,1.15,0.76,40,false,Unsafe,14 8,0.620,2,316,108.05,1.15,1.95,40,false,Unsafe,14 8,0.628,2,316,108.61,1.15,1.93,40,false
compare_single_p_907_with_base_x3,compare_single_p_907_resume,base,FMCAD08/Int/memory1/FIREFLY_10.lus,Safe,2,0.061,2,39,44.12,0.52,0.09,0,false,Safe,2,0.061,2,37,41.86,0.52,0.09,0,false,Safe,2,0.063,2,39,44.74,0.53,0.09,0,false,Safe,2,0.062,2,39,99.02,0.52,0.21,0,false,Safe,2,0.067,2,39,98.30,0.52,0.22,0,false
compare_single_p_907_with_base_x3,compare_single_p_907_resume,base,FMCAD08/Int/memory1/FIREFLY_9.lus,Safe,1,0.046,2,27,34.36,0.56,0.09,0,false,Safe,1,0.047,2,26,45.74,0.52,0.08,0,false,Safe,1,0.048,2,27,45.74,0.52,0.08,0,false,Safe,1,0.047,2,27,101.81,0.52,0.16,0,false,Safe,1,0.049,2,27,99.79,0.52,0.17,0,false
compare_single_p_907_with_base_x3,compare_single_p_907_resume,base,FMCAD08/Int/memory1/FIREFLY_luke_1b_e1_1139_e2_2893.lus,Safe,1,0.045,2,22,43.64,0.53,0.08,0,false,Safe,1,0.047,2,22,45.62,0.53,0.08,0,false,Safe,1,0.045,2,22,43.77,0.52,0.08,0,false,Safe,1,0.047,2,22,22.10,0.54,0.18,0,false,Safe,1,0.045,2,22,101.12,0.52,0.16,0,false
compare_single_p_907_with_base_x3,compare_single_p_907_resume,base,FMCAD08/Int/memory1/DRAGON_all2_e7_5406_e1_6690.lus,Unsafe,,0.028,0,2,66.90,0.52,0.10,40,false,Unsafe,,0.030,0,2,37.05,0.53,0.13,40,false,Unsafe,,0.028,0,2,68.62,0.52,0.10,40,false,Unsafe,,0.028,0,2,51.28,0.53,0.17,40,false,Unsafe,,0.030,0,2,51.78,0.52,0.17,40,false
compare_single_p_907_with_base_x3,compare_single_p_907_resume,base,FMCAD08/Int/memory1/DRAGON_9.lus,Safe,1,0.060,2,25,40.64,0.52,0.11,0,false,Safe,1,0.063,2,24,19.65,0.52,0.11,0,false,Safe,1,0.060,2,25,34.65,0.62,0.11,0,false,Safe,1,0.060,2,25,66.19,0.52,0.22,0,false,Safe,1,0.066,2,25,67.74,0.54,0.25,0,false
compare_single_p_907_with_base_x3,compare_single_p_907_resume,base,FMCAD08/Int/memory1/FIREFLY_luke_rt_e1_913.lus,Unsafe,0,0.063,1,20,46.00,0.52,0.10,40,false,Unsafe,0,0.064,1,20,43.88,0.53,0.10,40,false,Unsafe,0,0.064,1,20,45.88,0.52,0.10,40,false,Unsafe,0,0.064,1,20,102.12,0.54,0.22,40,false,Unsafe,0,0.064,1,20,93.64,0.53,0.23,40,false
compare_single_p_907_with_base_x3,compare_single_p_907_resume,base,FMCAD08/Int/memory1/FIREFLY_luke_rt.lus,Safe,1,0.071,2,27,19.52,0.53,0.13,0,false,Safe,1,0.054,2,27,19.41,0.53,0.09,0,false,Safe,1,0.053,2,27,46.50,0.52,0.08,0,false,Safe,1,0.055,2,27,98.66,0.52,0.19,0,false,Safe,1,0.054,2,27,99.89,0.52,0.19,0,false
compare_single_p_907_with_base_x3,compare_single_p_907_resume,base,FMCAD08/Int/memory1/FIREFLY_1_e1_1092_e3_389.lus,Unsafe,0,0.055,1,15,44.24,0.52,0.09,40,false,Unsafe,0,0.054,1,15,21.39,0.52,0.10,40,false,Unsafe,0,0.055,1,15,46.86,0.52,0.09,40,false,Unsafe,0,0.053,1,15,21.52,0.52,0.20,40,false,Unsafe,0,0.061,1,15,94.23,0.52,0.22,40,false
compare_single_p_907_with_base_x3,compare_single_p_907_resume,base,FMCAD08/Int/memory1/FIREFLY_luke_1b_e3_671_e6_1974.lus,Safe,1,0.075,2,22,43.86,0.53,0.11,0,false,Safe,1,0.048,2,22,45.14,0.52,0.08,0,false,Safe,1,0.056,2,22,32.06,0.52,0.11,0,false,Safe,1,0.045,2,22,101.32,0.52,0.16,0,false,Safe,1,0.046,2,22,34.99,0.54,0.19,0,false
compare_single_p_907_with_base_x3,compare_single_p_907_resume,base,FMCAD08/Int/memory1/DRAGON_all_e3_4821_e1_1318.lus,Safe,5,0.177,2,86,48.32,0.63,0.22,0,false,Safe,4,0.153,2,65,47.82,0.63,0.21,0,false,Safe,5,0.180,2,84,50.80,0.73,0.23,0,false,Safe,5,0.179,2,86,105.55,0.63,0.55,0,false,Safe,5,0.190,2,86,105.20,0.63,0.61,0,false
compare_single_p_907_with_base_x3,compare_single_p_907_resume,base,FMCAD08/Int/memory1/FIREFLY_luke_rt_e1_913_e1_1993.lus,Unsafe,0,0.060,1,20,31.77,0.52,0.10,40,false,Unsafe,0,0.064,1,20,31.28,0.52,0.10,40,false,Unsafe,0,0.065,1,20,43.88,0.52,0.10,40,false,Unsafe,0,0.070,1,20,94.20,0.52,0.24,40,false,Unsafe,0,0.067,1,20,93.64,0.52,0.23,40,false
compare_single_p_907_with_base_x3,compare_single_p_907_resume,base,FMCAD08/Int/memory1/DRAGON_3_e1_4783_e2_158.lus,Safe,1,0.072,2,27,19.71,0.53,0.12,0,false,Safe,1,0.075,2,27,19.80,0.52,0.12,0,false,Safe,1,0.070,2,27,42.54,0.52,0.12,0,false,Safe,1,0.071,2,27,91.05,0.52,0.26,0,false,Safe,1,0.076,2,27,44.95,0.52,0.27,0,false
compare_single_p_907_with_base_x3,compare_single_p_907_resume,base,FMCAD08/Int/memory1/FIREFLY_11.lus,Timeout,,,,,,,,,true,Timeout,,,,,,,,,true,Timeout,,,,,,,,,true,Timeout,,,,,,,,,true,Timeout,,,,,,,,,true
compare_single_p_907_with_base_x3,compare_single_p_907_resume,base,FMCAD08/Int/memory1/DRAGON_5_e7_2017.lus,Unsafe,0,0.089,1,23,56.59,0.63,0.14,40,false,Unsafe,2,0.147,1,46,50.33,0.62,0.20,40,false,Unsafe,2,0.142,1,42,47.76,0.63,0.20,40,false,Unsafe,0,0.089,1,23,105.78,0.65,0.39,40,false,Unsafe,0,0.094,1,23,68.96,0.63,0.34,40,false
compare_single_p_907_with_base_x3,compare_single_p_907_resume,base,FMCAD08/Int/memory1/DRAGON_3_e1_4783_e7_4070.lus,Unsafe,,0.024,0,2,57.29,0.53,0.09,40,false,Unsafe,,0.025,0,2,49.32,0.52,0.08,40,false,Unsafe,,0.025,0,2,21.43,0.52,0.08,40,false,Unsafe,,0.024,0,2,52.43,0.53,0.15,40,false,Unsafe,,0.024,0,2,51.05,0.52,0.14,40,false
compare_single_p_907_with_base_x3,compare_single_p_907_resume,base,FMCAD08/Int/memory1/DRAGON_1_e1_14612_e2_2653_e7_4370.lus,Safe,2,0.095,2,41,43.26,0.52,0.14,0,false,Safe,2,0.094,2,41,39.15,0.53,0.14,0,false,Safe,2,0.098,2,43,56.04,0.63,0.15,0,false,Safe,2,0.093,2,41,91.93,0.52,0.32,0,false,Safe,2,0.104,2,41,66.28,0.64,0.36,0,false
compare_single_p_907_with_base_x3,compare_single_p_907_resume,base,FMCAD08/Int/memory1/DRAGON_14_e1_5710.lus,Timeout,,,,,,,,,true,Timeout,,,,,,,,,true,Timeout,,,,,,,,,true,Timeout,,,,,,,,,true,Timeout,,,,,,,,,true
compare_single_p_907_with_base_x3,compare_single_p_907_resume,base,FMCAD08/Int/memory1/DRAGON_all_e3_4821_e2_1089.lus,Safe,4,0.177,2,71,57.90,0.64,0.23,0,false,Safe,4,0.152,2,67,48.15,0.63,0.20,0,false,Safe,5,0.184,2,88,56.77,0.73,0.24,0,false,Safe,4,0.154,2,71,107.04,0.75,0.54,0,false,Safe,4,0.159,2,71,105.22,0.63,0.53,0,false
compare_single_p_907_with_base_x3,compare_single_p_907_resume,base,FMCAD08/Int/memory1/FIREFLY_a3_e1_3233_e1_3123.lus,Unsafe,0,0.063,1,22,44.42,0.52,0.10,40,false,Unsafe,0,0.066,1,22,31.92,0.52,0.10,40,false,Unsafe,0,0.063,1,22,43.92,0.53,0.10,40,false,Unsafe,0,0.068,1,22,94.16,0.52,0.24,40,false,Unsafe,0,0.065,1,22,94.60,0.53,0.25,40,false
compare_single_p_907_with_base_x3,compare_single_p_907_resume,base,FMCAD08/Int/memory1/DRAGON_4_e7_2329_e7_3856.lus,Unsafe,4,0.201,1,69,53.26,0.74,0.26,40,false,Unsafe,1,0.112,1,26,52.81,0.65,0.17,40,false,Unsafe,2,0.138,1,40,47.98,0.64,0.19,40,false,Unsafe,3,0.137,1,48,104.91,0.63,0.44,40,false,Unsafe,4,0.215,1,69,105.48,0.73,0.70,40,false
compare_single_p_907_with_base_x3,compare_single_p_907_resume,base,FMCAD08/Int/memory1/FIREFLY_all_e1_1207_e1_1201.lus,Unsafe,5,0.163,1,90,47.18,0.62,0.20,40,false,Unsafe,4,0.143,1,71,47.17,0.63,0.18,40,false,Unsafe,4,0.142,1,72,47.33,0.62,0.19,40,false,Unsafe,5,0.153,1,86,104.30,0.66,0.49,40,false,Unsafe,5,0.171,1,90,103.72,0.63,0.55,40,false
compare_single_p_907_with_base_x3,compare_single_p_907_resume,base,FMCAD08/Int/memory1/DRAGON_4_e2_2799.lus,Safe,34 29 22 12,3.401,5,2855,57.14,3.85,3.41,0,false,Safe,34 29 25 13,3.566,5,2945,58.05,4.04,3.49,0,false,Safe,23 18 10 5,3.178,5,2802,58.72,3.63,3.19,0,false,Safe,30 25 17 8,3.590,5,2869,133.44,3.97,10.41,0,false,Safe,31 26 17 7,4.065,5,3005,136.31,4.80,10.00,0,false
compare_single_p_907_with_base_x3,compare_single_p_907_resume,base,FMCAD08/Int/memory1/FIREFLY_8.lus,Safe,1,0.046,2,26,43.96,0.52,0.08,0,false,Safe,1,0.046,2,26,44.09,0.52,0.07,0,false,Safe,1,0.046,2,26,45.49,0.52,0.08,0,false,Safe,1,0.047,2,26,97.99,0.52,0.17,0,false,Safe,1,0.047,2,26,20.27,0.53,0.18,0,false
compare_single_p_907_with_base_x3,compare_single_p_907_resume,base,FMCAD08/Int/memory1/FIREFLY_all_e3_1600_e1_667.lus,Unsafe,0,0.064,1,18,45.96,0.55,0.10,40,false,Unsafe,0,0.096,1,18,44.29,0.62,0.13,40,false,Unsafe,2,0.099,1,41,46.17,0.52,0.13,40,false,Unsafe,0,0.064,1,18,100.12,0.52,0.27,40,false,Unsafe,0,0.069,1,18,99.35,0.53,0.25,40,false
compare_single_p_907_with_base_x3,compare_single_p_907_resume,base,FMCAD08/Int/memory1/DRAGON_10_e2_2785_e3_1744.lus,Safe,1,0.063,2,26,47.83,0.52,0.11,0,false,Safe,1,0.065,2,26,49.01,0.52,0.11,0,false,Safe,1,0.062,2,26,55.26,0.53,0.11,0,false,Safe,1,0.061,2,26,104.29,0.64,0.25,0,false,Safe,1,0.066,2,26,53.90,0.52,0.24,0,false
compare_single_p_907_with_base_x3,compare_single_p_907_resume,base,FMCAD08/Int/memory1/DRAGON_5_e7_2017_e7_2326.lus,Unsafe,2,0.154,1,53,47.95,0.63,0.21,40,false,Unsafe,0,0.094,1,25,56.12,0.62,0.15,40,false,Unsafe,0,0.090,1,24,47.93,0.64,0.17,40,false,Unsafe,2,0.123,1,48,81.14,0.63,0.37,40,false,Unsafe,2,0.174,1,53,104.29,0.63,0.58,40,false
compare_single_p_907_with_base_x3,compare_single_p_907_resume,base,FMCAD08/Int/memory1/FIREFLY_luke_2_e7_1826_e8_126.lus,Safe,10 8 5,0.447,4,527,48.33,0.95,0.47,0,false,Safe,10 8 5,0.509,4,529,48.83,0.94,0.51,0,false,Safe,11 9 5,0.518,4,605,49.80,1.05,0.55,0,false,Safe,10 8 5,0.490,4,526,105.78,0.96,1.56,0,false,Safe,10 8 5,0.477,4,526,105.80,0.95,1.44,0,false
compare_single_p_907_with_base_x3,compare_single_p_907_resume,base,FMCAD08/Int/memory1/FIREFLY_a3.lus,Safe,4,0.107,2,73,43.92,0.64,0.14,0,false,Safe,4,0.165,2,69,46.98,0.63,0.19,0,false,Safe,5,0.129,2,89,47.58,0.62,0.16,0,false,Safe,4,0.109,2,73,94.31,0.63,0.37,0,false,Safe,4,0.114,2,73,103.24,0.63,0.38,0,false
compare_single_p_907_with_base_x3,compare_single_p_907_resume,base,FMCAD08/Int/memory1/DRAGON_12_e2_1618_e1_6030.lus,Safe,24 21 20 17 9,3.128,6,2552,57.50,3.65,3.14,0,false,Safe,24 20 17 10 6,5.375,6,3977,62.61,5.91,5.26,0,false,Safe,24 19 17 11 6,4.596,6,3645,60.54,5.08,4.60,0,false,Safe,24 21 20 17 9,3.575,6,2698,133.50,4.07,10.83,0,false,Safe,24 21 20 17 9,3.571,6,2509,130.23,4.09,10.84,0,false
compare_single_p_907_with_base_x3,compare_single_p_907_resume,base,FMCAD08/Int/memory1/DRAGON_12_e2_1618.lus,Safe,20 17 13 7,1.955,5,1649,55.23,2.39,1.97,0,false,Safe,10 7 6 4,1.772,5,1414,55.11,2.29,1.75,0,false,Safe,10 8 7 4,1.188,5,1006,54.89,1.66,1.21,0,false,Safe,11 8 7 4,1.474,5,1200,119.30,2.00,4.49,0,false,Safe,20 17 13 7,2.367,5,1648,123.23,2.83,7.13,0,false
compare_single_p_907_with_base_x3,compare_single_p_907_resume,base,FMCAD08/Int/memory1/DRAGON_7_e2_2872_e3_2640.lus,Safe,3,0.119,2,58,53.42,0.62,0.16,0,false,Safe,3,0.118,2,53,47.94,0.63,0.17,0,false,Safe,3,0.118,2,58,54.77,0.64,0.17,0,false,Safe,3,0.120,2,58,104.57,0.63,0.39,0,false,Safe,3,0.123,2,58,104.87,0.63,0.42,0,false
compare_single_p_907_with_base_x3,compare_single_p_907_resume,base,FMCAD08/Int/memory1/DRAGON_9_e7_1843_e2_1145.lus,Safe,2,0.094,2,41,49.05,0.64,0.15,0,false,Safe,2,0.095,2,39,48.56,0.62,0.14,0,false,Safe,2,0.093,2,41,35.00,0.62,0.14,0,false,Safe,2,0.095,2,41,66.61,0.52,0.32,0,false,Safe,2,0.095,2,41,104.90,0.63,0.33,0,false
compare_single_p_907_with_base_x3,compare_single_p_907_resume,base,FMCAD08/Int/memory1/DRAGON_8_e7_3752.lus,Safe,11 10 7 4,1.096,5,840,50.53,1.57,1.14,0,false,Safe,12 11 10 5 3,1.340,6,1146,51.83,1.87,1.33,0,false,Safe,11 6,0.462,3,394,51.17,0.94,0.50,0,false,Safe,4 3 2 1,0.521,4,398,109.18,0.94,1.54,0,false,Safe,11 10 7 4,1.129,5,840,113.74,1.57,3.38,0,false
compare_single_p_907_with_base_x3,compare_single_p_907_resume,base,FMCAD08/Int/memory1/DRAGON_12_e2_1618_e3_2012.lus,Safe,6 2 0,1.305,4,1077,54.18,1.78,1.33,0,false,Safe,22 20 13 7,1.773,5,1435,53.06,2.28,1.76,0,false,Safe,3 1 0,1.022,4,870,55.42,1.57,1.05,0,false,Safe,4 1 0,1.083,3,798,112.44,1.47,3.19,0,false,Safe,6 2 0,1.547,4,1077,123.07,1.99,4.65,0,false
compare_single_p_907_with_base_x3,compare_single_p_907_resume,base,FMCAD08/Int/memory1/DRAGON_14_e7_3162_e7_3528.lus,Unsafe,18 11,0.729,2,460,49.81,1.25,0.78,40,false,Unsafe,14 8,0.587,2,341,49.11,1.14,0.62,40,false,Unsafe,18 11,0.853,2,524,50.14,1.37,0.92,40,false,Unsafe,16 10,0.665,2,395,108.54,1.15,1.93,40,false,Unsafe,18 11,0.833,2,460,111.15,1.36,2.55,40,false
compare_single_p_907_with_base_x3,compare_single_p_907_resume,base,FMCAD08/Int/memory1/DRAGON_11_e2_5396_e3_282.lus,Timeout,,,,,,,,,true,Timeout,,,,,,,,,true,Timeout,,,,,,,,,true,Timeout,,,,,,,,,true,Timeout,,,,,,,,,true
compare_single_p_907_with_base_x3,compare_single_p_907_resume,base,FMCAD08/Int/memory1/DRAGON_1.lus,Safe,2,0.088,2,43,53.31,0.63,0.13,0,false,Safe,2,0.083,2,41,51.65,0.53,0.13,0,false,Safe,2,0.086,2,43,42.42,0.52,0.14,0,false,Safe,2,0.095,2,43,66.71,0.52,0.32,0,false,Safe,2,0.092,2,43,104.90,0.63,0.33,0,false
compare_single_p_907_with_base_x3,compare_single_p_907_resume,base,FMCAD08/Int/memory1/DRAGON_8_e3_786_e7_4541.lus,Safe,23 22 17 9,2.942,5,2071,57.53,3.43,2.96,0,false,Safe,8 7 5 3,0.710,5,592,49.86,1.25,0.73,0,false,Safe,11 10 7 4,0.938,5,808,55.14,1.45,0.97,0,false,Safe,10 9 7 4,0.913,5,710,113.08,1.36,2.80,0,false,Safe,7 6 4 1,1.014,4,628,113.72,1.46,2.99,0,false
compare_single_p_907_with_base_x3,compare_single_p_907_resume,base,FMCAD08/Int/memory1/DRAGON_5_e7_2017_e2_664.lus,Unsafe,0,0.091,1,23,48.76,0.62,0.14,40,false,Unsafe,2,0.151,1,44,47.84,0.62,0.20,40,false,Unsafe,2,0.146,1,42,48.01,0.62,0.20,40,false,Unsafe,0,0.093,1,23,92.90,0.63,0.38,40,false,Unsafe,0,0.097,1,23,68.46,0.63,0.35,40,false
compare_single_p_907_with_base_x3,compare_single_p_907_resume,base,FMCAD08/Int/memory1/FIREFLY_10_e7_919_e2_3192.lus,Safe,1,0.046,2,25,22.34,0.52,0.08,0,false,Safe,1,0.046,2,24,31.84,0.53,0.08,0,false,Safe,1,0.045,2,25,45.50,0.52,0.07,0,false,Safe,1,0.050,2,25,88.99,0.53,0.17,0,false,Safe,1,0.046,2,25,94.32,0.52,0.17,0,false
compare_single_p_907_with_base_x3,compare_single_p_907_resume,base,FMCAD08/Int/memory1/FIREFLY_luke_1b_e3_671_e1_725.lus,Unsafe,0,0.044,1,9,45.78,0.52,0.08,40,false,Unsafe,0,0.048,1,9,21.15,0.53,0.09,40,false,Unsafe,0,0.042,1,9,34.76,0.62,0.09,40,false,Unsafe,0,0.049,1,9,34.09,0.53,0.23,40,false,Unsafe,0,0.043,1,9,34.86,0.53,0.18,40,false
compare_single_p_907_with_base_x3,compare_single_p_907_resume,base,FMCAD08/Int/memory1/FIREFLY_8_e2_1711.lus,Safe,1,0.045,2,24,19.42,0.53,0.08,0,false,Safe,1,0.047,2,24,46.05,0.52,0.07,0,false,Safe,1,0.045,2,24,45.98,0.52,0.07,0,false,Safe,1,0.044,2,24,33.72,0.52,0.16,0,false,Safe,1,0.049,2,24,20.52,0.53,0.18,0,false
compare_single_p_907_with_base_x3,compare_single_p_907_resume,base,FMCAD08/Int/memory1/DRAGON_2_e2_4481.lus,Safe,1,0.062,2,22,31.79,0.52,0.11,0,false,Safe,1,0.065,2,22,19.66,0.52,0.11,0,false,Safe,1,0.062,2,22,31.79,0.52,0.12,0,false,Safe,1,0.062,2,22,87.95,0.54,0.23,0,false,Safe,1,0.061,2,22,52.91,0.54,0.24,0,false
compare_single_p_907_with_base_x3,compare_single_p_907_resume,base,FMCAD08/Int/memory1/DRAGON_11_e3_382_e1_505.lus,Timeout,,,,,,,,,true,Timeout,,,,,,,,,true,Timeout,,,,,,,,,true,Timeout,,,,,,,,,true,Timeout,,,,,,,,,true
compare_single_p_907_with_base_x3,compare_single_p_907_resume,base,FMCAD08/Int/memory1/FIREFLY_1_e1_1092_e1_1486.lus,Unsafe,0,0.053,1,15,21.39,0.54,0.09,40,false,Unsafe,0,0.055,1,15,44.23,0.53,0.09,40,false,Unsafe,0,0.053,1,15,46.39,0.53,0.10,40,false,Unsafe,0,0.054,1,15,98.41,0.52,0.19,40,false,Unsafe,0,0.054,1,15,99.10,0.53,0.21,40,false
compare_single_p_907_with_base_x3,compare_single_p_907_resume,base,FMCAD08/Int/memory1/DRAGON_all_e1_4037.lus,Safe,4,0.158,2,69,47.91,0.64,0.21,0,false,Safe,4,0.158,2,67,47.73,0.63,0.21,0,false,Safe,4,0.158,2,71,48.20,0.63,0.21,0,false,Safe,4,0.160,2,69,105.55,0.63,0.52,0,false,Safe,4,0.169,2,69,104.95,0.62,0.55,0,false
compare_single_p_907_with_base_x3,compare_single_p_907_resume,base,FMCAD08/Int/memory1/FIREFLY_luke_rt_e1_913_e7_1403.lus,Unsafe,,0.019,0,2,43.79,0.54,0.06,40,false,Unsafe,,0.019,0,2,31.79,0.52,0.06,40,false,Unsafe,,0.019,0,2,45.62,0.52,0.06,40,false,Unsafe,,0.018,0,2,21.48,0.53,0.11,40,false,Unsafe,,0.019,0,2,93.89,0.54,0.11,40,false
compare_single_p_907_with_base_x3,compare_single_p_907_resume,base,FMCAD08/Int/memory1/DRAGON_3_e3_5422_e1_2288.lus,Safe,1,0.072,2,27,47.48,0.63,0.17,0,false,Safe,1,0.075,2,27,57.70,0.52,0.12,0,false,Safe,1,0.071,2,27,43.07,0.52,0.14,0,false,Safe,1,0.070,2,27,57.79,0.52,0.26,0,false,Safe,1,0.073,2,27,67.03,0.52,0.27,0,false
compare_single_p_907_with_base_x3,compare_single_p_907_resume,base,FMCAD08/Int/memory1/DRAGON_11_e2_1678_e1_3565.lus,Timeout,,,,,,,,,true,Timeout,,,,,,,,,true,Timeout,,,,,,,,,true,Timeout,,,,,,,,,true,Timeout,,,,,,,,,true
compare_single_p_907_with_base_x3,compare_single_p_907_resume,base,FMCAD08/Int/memory1/FIREFLY_luke_1b_e2_3049_e3_2697.lus,Unsafe,0,0.042,1,9,43.64,0.52,0.08,40,false,Unsafe,0,0.044,1,9,45.61,0.52,0.08,40,false,Unsafe,0,0.043,1,9,46.86,0.52,0.08,40,false,Unsafe,0,0.043,1,9,101.41,0.52,0.16,40,false,Unsafe,0,0.045,1,9,99.36,0.52,0.17,40,false
compare_single_p_907_with_base_x3,compare_single_p_907_resume,base,FMCAD08/Int/memory1/FIREFLY_luke_1b_e3_671_e2_2131.lus,Unsafe,0,0.055,1,17,46.36,0.52,0.09,40,false,Unsafe,0,0.057,1,17,44.39,0.53,0.09,40,false,Unsafe,0,0.053,1,17,34.53,0.62,0.10,40,false,Unsafe,0,0.056,1,17,102.16,0.52,0.20,40,false,Unsafe,0,0.061,1,17,101.24,0.52,0.22,40,false
compare_single_p_907_with_base_x3,compare_single_p_907_resume,base,FMCAD08/Int/memory1/FIREFLY_a3_e1_3233_e7_906.lus,Unsafe,,0.020,0,2,21.27,0.54,0.07,40,false,Unsafe,,0.021,0,2,23.64,0.53,0.07,40,false,Unsafe,,0.020,0,2,44.42,0.54,0.06,40,false,Unsafe,,0.020,0,2,64.01,0.52,0.11,40,false,Unsafe,,0.020,0,2,94.73,0.52,0.11,40,false
compare_single_p_907_with_base_x3,compare_single_p_907_resume,base,FMCAD08/Int/memory1/FIREFLY_luke_rt_e2_3460_e2_2670.lus,Unsafe,0,0.061,1,22,45.50,0.55,0.10,40,false,Unsafe,0,0.065,1,22,44.12,0.54,0.11,40,false,Unsafe,0,0.062,1,22,45.29,0.53,0.11,40,false,Unsafe,0,0.065,1,22,92.02,0.53,0.25,40,false,Unsafe,0,0.067,1,22,100.66,0.52,0.24,40,false
compare_single_p_907_with_base_x3,compare_single_p_907_resume,base,FMCAD08/Int/memory1/DRAGON_all_e1_4022_e2_267.lus,Safe,5,0.181,2,90,58.81,0.64,0.23,0,false,Safe,4,0.151,2,69,47.58,0.63,0.20,0,false,Safe,5,0.184,2,88,54.03,0.75,0.24,0,false,Safe,5,0.181,2,90,104.80,0.63,0.55,0,false,Safe,5,0.193,2,90,104.70,0.63,0.64,0,false
compare_single_p_907_with_base_x3,compare_single_p_907_resume,base,FMCAD08/Int/memory1/FIREFLY_a3_e2_2086_e7_2614.lus,Unsafe,,0.021,0,2,41.82,0.52,0.06,40,false,Unsafe,,0.020,0,2,42.05,0.53,0.07,40,false,Unsafe,,0.020,0,2,31.64,0.54,0.07,40,false,Unsafe,,0.019,0,2,94.21,0.53,0.11,40,false,Unsafe,,0.019,0,2,21.43,0.53,0.12,40,false
compare_single_p_907_with_base_x3,compare_single_p_907_resume,base,FMCAD08/Int/memory1/DRAGON_all2_e3_4612_e2_5774.lus,Timeout,,,,,,,,,true,Timeout,,,,,,,,,true,Timeout,,,,,,,,,true,Timeout,,,,,,,,,true,Timeout,,,,,,,,,true
compare_single_p_907_with_base_x3,compare_single_p_907_resume,base,FMCAD08/Int/memory1/FIREFLY_3_e2_2236_e7_3681.lus,Safe,2,0.065,2,41,46.13,0.52,0.09,0,false,Safe,2,0.063,2,39,45.73,0.52,0.09,0,false,Safe,2,0.066,2,41,45.88,0.54,0.10,0,false,Safe,2,0.065,2,41,22.24,0.52,0.22,0,false,Safe,2,0.070,2,41,99.96,0.52,0.23,0,false
compare_single_p_907_with_base_x3,compare_single_p_907_resume,base,FMCAD08/Int/memory1/DRAGON_2_e7_25_e3_829.lus,Unsafe,,0.037,0,2,42.27,0.53,0.13,40,false,Unsafe,,0.025,0,2,45.89,0.52,0.08,40,false,Unsafe,,0.023,0,2,49.55,0.52,0.09,40,false,Unsafe,,0.023,0,2,88.35,0.53,0.14,40,false,Unsafe,,0.024,0,2,88.23,0.52,0.14,40,false
compare_single_p_907_with_base_x3,compare_single_p_907_resume,base,FMCAD08/Int/memory1/FIREFLY_4.lus,Safe,1,0.050,2,27,45.51,0.52,0.08,0,false,Safe,1,0.053,2,27,45.79,0.52,0.08,0,false,Safe,1,0.065,2,27,46.71,0.55,0.11,0,false,Safe,1,0.049,2,27,20.06,0.53,0.18,0,false,Safe,1,0.054,2,27,101.54,0.52,0.19,0,false
compare_single_p_907_with_base_x3,compare_single_p_907_resume,base,FMCAD08/Int/memory1/FIREFLY_1_e1_1092_e2_1853.lus,Safe,1,0.044,2,20,46.38,0.52,0.07,0,false,Safe,1,0.046,2,20,41.89,0.52,0.08,0,false,Safe,1,0.043,2,20,44.23,0.52,0.09,0,false,Safe,1,0.043,2,20,98.95,0.53,0.16,0,false,Safe,1,0.049,2,20,97.36,0.52,0.17,0,false
compare_single_p_907_with_base_x3,compare_single_p_907_resume,base,FMCAD08/Int/memory1/FIREFLY_4_e3_3511_e1_2375.lus,Unsafe,10 4,0.761,2,532,50.13,1.28,0.79,40,false,Unsafe,2 1,0.185,2,97,47.39,0.62,0.21,40,false,Unsafe,20 9,1.689,2,1272,53.55,2.19,1.71,40,false,Unsafe,3 1,0.212,2,139,104.25,0.63,0.62,40,false,Unsafe,10 4,0.761,2,532,111.14,1.25,2.31,40,false
compare_single_p_907_with_base_x3,compare_single_p_907_resume,base,FMCAD08/Int/memory1/DRAGON_2_e7_25_e1_154.lus,Unsafe,,0.025,0,2,21.29,0.53,0.09,40,false,Unsafe,,0.025,0,2,41.52,0.53,0.09,40,false,Unsafe,,0.023,0,2,53.02,0.53,0.09,40,false,Unsafe,,0.023,0,2,22.94,0.52,0.13,40,false,Unsafe,,0.024,0,2,54.16,0.52,0.14,40,false
compare_single_p_907_with_base_x3,compare_single_p_907_resume,base,FMCAD08/Int/memory1/DRAGON_1_e1_14612_e1_268_e7_501.lus,Safe,2,0.098,2,41,35.01,0.62,0.14,0,false,Safe,2,0.095,2,39,48.01,0.63,0.15,0,false,Safe,2,0.098,2,43,42.38,0.52,0.15,0,false,Safe,2,0.096,2,41,93.89,0.52,0.33,0,false,Safe,2,0.101,2,41,90.46,0.52,0.35,0,false
compare_single_p_907_with_base_x3,compare_single_p_907_resume,base,FMCAD08/Int/memory1/DRAGON_all.lus,Safe,5,0.232,2,92,59.16,0.73,0.28,0,false,Safe,4,0.157,2,69,48.40,0.73,0.21,0,false,Safe,5,0.212,2,90,58.53,0.73,0.26,0,false,Safe,5,0.182,2,92,105.33,0.63,0.55,0,false,Safe,5,0.192,2,92,104.82,0.63,0.62,0,false
compare_single_p_907_with_base_x3,compare_single_p_907_resume,base,FMCAD08/Int/memory1/FIREFLY_luke_1b_e3_671.lus,Unsafe,0,0.043,1,9,44.09,0.52,0.08,40,false,Unsafe,0,0.044,1,9,43.27,0.53,0.08,40,false,Unsafe,0,0.042,1,9,44.61,0.52,0.08,40,false,Unsafe,0,0.046,1,9,98.54,0.53,0.18,40,false,Unsafe,0,0.045,1,9,94.09,0.52,0.17,40,false
compare_single_p_907_with_base_x3,compare_single_p_907_resume,base,FMCAD08/Int/memory1/FIREFLY_all_e3_1600_e5_84.lus,Unsafe,0,0.059,1,17,35.02,0.54,0.10,40,false,Unsafe,0,0.064,1,17,44.17,0.52,0.10,40,false,Unsafe,0,0.059,1,17,46.16,0.53,0.10,40,false,Unsafe,0,0.062,1,17,93.79,0.52,0.22,40,false,Unsafe,0,0.061,1,17,21.69,0.53,0.23,40,false
compare_single_p_907_with_base_x3,compare_single_p_907_resume,base,FMCAD08/Int/memory1/FIREFLY_luke_rt_e1_913_e2_3353.lus,Safe,1,0.053,2,27,34.47,0.64,0.11,0,false,Safe,1,0.054,2,27,45.13,0.52,0.08,0,false,Safe,1,0.053,2,27,45.76,0.53,0.08,0,false,Safe,1,0.052,2,27,102.08,0.52,0.18,0,false,Safe,1,0.055,2,27,99.52,0.52,0.19,0,false
compare_single_p_907_with_base_x3,compare_single_p_907_resume,base,FMCAD08/Int/memory1/FIREFLY_a3_e2_2952.lus,Safe,4,0.108,2,73,44.08,0.64,0.15,0,false,Safe,5,0.169,2,87,47.18,0.63,0.20,0,false,Safe,4,0.109,2,73,44.18,0.64,0.15,0,false,Safe,4,0.112,2,73,93.99,0.65,0.38,0,false,Safe,4,0.120,2,73,101.52,0.63,0.39,0,false
compare_single_p_907_with_base_x3,compare_single_p_907_resume,base,FMCAD08/Int/memory1/DRAGON_1_e1_3184_e7_1888.lus,Safe,1,0.062,2,25,19.67,0.54,0.11,0,false,Safe,1,0.083,2,24,34.89,0.64,0.14,0,false,Safe,1,0.063,2,25,49.54,0.53,0.12,0,false,Safe,1,0.062,2,25,26.99,0.52,0.22,0,false,Safe,1,0.062,2,25,47.59,0.53,0.23,0,false
compare_single_p_907_with_base_x3,compare_single_p_907_resume,base,FMCAD08/Int/memory1/FIREFLY_luke_1a_e2_284_e3_3091.lus,Timeout,,,,,,,,,true,Timeout,,,,,,,,,true,Timeout,,,,,,,,,true,Timeout,,,,,,,,,true,Timeout,,,,,,,,,true
compare_single_p_907_with_base_x3,compare_single_p_907_resume,base,FMCAD08/Int/memory1/FIREFLY_7.lus,Safe,31 19 8 3 1,35.227,6,15490,103.36,35.74,34.82,0,false,Timeout,56 48 41 32 30 29 28 27,286.690,8,43816,282.34,300.22,73.87,30,true,Timeout,67 57 53 49 48 44 33 26 22 19 17,220.949,11,47063,233.14,302.25,1.25,1,true,Safe,33 22 12 10 7,29.384,6,12664,245.41,30.20,69.82,0,false,Safe,68 54 39 18,25.685,5,10805,232.81,26.14,76.59,0,false
compare_single_p_907_with_base_x3,compare_single_p_907_resume,base,FMCAD08/Int/memory1/FIREFLY_all_e3_3496.lus,Unsafe,5,0.163,1,90,47.79,0.63,0.20,40,false,Unsafe,1,0.083,1,27,21.25,0.52,0.12,40,false,Unsafe,1,0.079,1,27,45.78,0.52,0.12,40,false,Unsafe,3,0.102,1,53,93.41,0.52,0.30,40,false,Unsafe,5,0.178,1,90,103.60,0.64,0.57,40,false
compare_single_p_907_with_base_x3,compare_single_p_907_resume,base,FMCAD08/Int/memory1/DRAGON_14_e3_1259_e1_5798.lus,Timeout,,,,,,,,,true,Timeout,,,,,,,,,true,Timeout,,,,,,,,,true,Timeout,,,,,,,,,true,Timeout,,,,,,,,,true
compare_single_p_907_with_base_x3,compare_single_p_907_resume,base,FMCAD08/Int/memory1/FIREFLY_luke_1b_e7_2574.lus,Unsafe,,0.019,0,2,43.76,0.53,0.06,40,false,Unsafe,,0.020,0,2,44.73,0.55,0.08,40,false,Unsafe,,0.018,0,2,20.97,0.54,0.07,40,false,Unsafe,,0.018,0,2,64.04,0.43,0.11,40,false,Unsafe,,0.019,0,2,94.35,0.52,0.11,40,false
compare_single_p_907_with_base_x3,compare_single_p_907_resume,base,FMCAD08/Int/memory1/FIREFLY_5_e2_2884_e3_1882.lus,Safe,1,0.046,2,25,46.22,0.54,0.09,0,false,Safe,1,0.047,2,24,31.71,0.53,0.08,0,false,Safe,1,0.046,2,25,46.87,0.56,0.08,0,false,Safe,1,0.046,2,25,99.49,0.53,0.16,0,false,Safe,1,0.051,2,25,100.18,0.53,0.19,0,false
compare_single_p_907_with_base_x3,compare_single_p_907_resume,base,FMCAD08/Int/memory1/DRAGON_3.lus,Safe,1,0.108,2,27,47.53,0.63,0.16,0,false,Safe,1,0.073,2,27,23.17,0.53,0.12,0,false,Safe,1,0.069,2,27,36.91,0.53,0.14,0,false,Safe,1,0.071,2,27,66.01,0.63,0.27,0,false,Safe,1,0.073,2,27,66.82,0.52,0.27,0,false
compare_single_p_907_with_base_x3,compare_single_p_907_resume,base,FMCAD08/Int/memory1/FIREFLY_11_e3_2076_e1_1270.lus,Timeout,,,,,,,,,true,Timeout,,,,,,,,,true,Timeout,,,,,,,,,true,Timeout,,,,,,,,,true,Timeout,,,,,,,,,true
compare_single_p_907_with_base_x3,compare_single_p_907_resume,base,FMCAD08/Int/memory1/DRAGON_4_e2_2799_e1_1303.lus,Safe,36 31 23 12,3.283,5,2902,57.17,3.74,3.30,0,false,Safe,43 38 31 13,3.886,5,3343,58.93,4.35,3.81,0,false,Safe,45 40 29 11,5.034,5,4184,60.32,5.49,5.04,0,false,Safe,34 29 21 11,3.627,5,2782,131.90,4.18,11.00,0,false,Safe,34 29 21 11,3.778,5,2802,132.34,4.29,11.34,0,false
compare_single_p_907_with_base_x3,compare_single_p_907_resume,base,FMCAD08/Int/memory1/DRAGON_1_e3_11891_e7_4569_e4_4881.lus,Safe,1,0.065,2,25,53.66,0.52,0.11,0,false,Safe,1,0.062,2,24,45.16,0.52,0.11,0,false,Safe,1,0.063,2,25,52.91,0.52,0.11,0,false,Safe,1,0.064,2,25,43.54,0.52,0.25,0,false,Safe,1,0.066,2,25,48.91,0.52,0.24,0,false
compare_single_p_907_with_base_x3,compare_single_p_907_resume,base,FMCAD08/Int/memory1/DRAGON_14.lus,Timeout,,,,,,,,,true,Timeout,,,,,,,,,true,Timeout,,,,,,,,,true,Timeout,,,,,,,,,true,Timeout,,,,,,,,,true
compare_single_p_907_with_base_x3,compare_single_p_907_resume,base,FMCAD08/Int/memory1/FIREFLY_3_e2_2236_e2_1058.lus,Safe,2,0.063,2,41,46.43,0.52,0.09,0,false,Safe,2,0.061,2,39,45.48,0.52,0.09,0,false,Safe,2,0.062,2,41,46.39,0.52,0.09,0,false,Safe,2,0.063,2,41,97.89,0.52,0.21,0,false,Safe,2,0.070,2,41,101.86,0.52,0.24,0,false
compare_single_p_907_with_base_x3,compare_single_p_907_resume,base,FMCAD08/Int/memory1/FIREFLY_5_e2_2884_e7_3594.lus,Safe,1,0.046,2,25,19.41,0.54,0.10,0,false,Safe,1,0.048,2,24,45.02,0.52,0.08,0,false,Safe,1,0.048,2,25,32.76,0.52,0.08,0,false,Safe,1,0.049,2,25,19.88,0.54,0.18,0,false,Safe,1,0.052,2,25,99.57,0.54,0.18,0,false
compare_single_p_907_with_base_x3,compare_single_p_907_resume,base,FMCAD08/Int/memory1/DRAGON_2_e2_3183_e2_3580.lus,Safe,1,0.062,2,22,44.95,0.53,0.11,0,false,Safe,1,0.065,2,22,19.79,0.52,0.12,0,false,Safe,1,0.062,2,22,42.38,0.52,0.11,0,false,Safe,1,0.063,2,22,88.27,0.52,0.23,0,false,Safe,1,0.064,2,22,52.92,0.53,0.24,0,false
compare_single_p_907_with_base_x3,compare_single_p_907_resume,base,FMCAD08/Int/memory1/DRAGON_13_e7_2336_e7_685.lus,Unsafe,,0.024,0,2,54.64,0.52,0.08,40,false,Unsafe,,0.025,0,2,51.55,0.52,0.08,40,false,Unsafe,,0.024,0,2,31.73,0.53,0.09,40,false,Unsafe,,0.025,0,2,21.74,0.52,0.16,40,false,Unsafe,,0.024,0,2,58.08,0.52,0.14,40,false
compare_single_p_907_with_base_x3,compare_single_p_907_resume,base,FMCAD08/Int/memory1/DRAGON_2_e7_25.lus,Unsafe,,0.024,0,2,42.04,0.52,0.09,40,false,Unsafe,,0.026,0,2,57.64,0.52,0.08,40,false,Unsafe,,0.023,0,2,51.68,0.54,0.09,40,false,Unsafe,,0.023,0,2,39.52,0.52,0.17,40,false,Unsafe,,0.025,0,2,54.66,0.52,0.15,40,false
compare_single_p_907_with_base_x3,compare_single_p_907_resume,base,FMCAD08/Int/memory1/DRAGON_11_e1_2450_e7_5791.lus,Unsafe,,0.025,0,2,21.39,0.55,0.09,40,false,Unsafe,,0.026,0,2,21.32,0.54,0.08,40,false,Unsafe,,0.024,0,2,53.77,0.52,0.09,40,false,Unsafe,,0.024,0,2,21.65,0.55,0.14,40,false,Unsafe,,0.026,0,2,47.65,0.54,0.19,40,false
compare_single_p_907_with_base_x3,compare_single_p_907_resume,base,FMCAD08/Int/memory1/FIREFLY_4_e3_3511_e2_1923.lus,Safe,3 2,0.123,3,101,46.92,0.64,0.16,0,false,Safe,3 2,0.123,3,103,47.39,0.62,0.15,0,false,Safe,3 2,0.121,3,101,47.71,0.64,0.15,0,false,Safe,3 2,0.125,3,101,103.71,0.63,0.39,0,false,Safe,3 2,0.132,3,101,103.16,0.63,0.42,0,false
compare_single_p_907_with_base_x3,compare_single_p_907_resume,base,FMCAD08/Int/memory1/FIREFLY_2_e3_151_e3_1540.lus,Unsafe,0,0.061,1,22,41.91,0.54,0.10,40,false,Unsafe,0,0.061,1,22,32.00,0.52,0.10,40,false,Unsafe,0,0.063,1,22,43.31,0.53,0.11,40,false,Unsafe,0,0.063,1,22,98.70,0.52,0.22,40,false,Unsafe,0,0.063,1,22,92.34,0.53,0.23,40,false
compare_single_p_907_with_base_x3,compare_single_p_907_resume,base,FMCAD08/Int/memory1/FIREFLY_luke_5.lus,Timeout,,,,,,,,,true,Timeout,,,,,,,,,true,Timeout,,,,,,,,,true,Timeout,,,,,,,,,true,Timeout,,,,,,,,,true
compare_single_p_907_with_base_x3,compare_single_p_907_resume,base,FMCAD08/Int/memory1/DRAGON_all2_e3_4612_e4_3719.lus,Timeout,,,,,,,,,true,Timeout,,,,,,,,,true,Timeout,,,,,,,,,true,Timeout,,,,,,,,,true,Timeout,,,,,,,,,true
compare_single_p_907_with_base_x3,compare_single_p_907_resume,base,FMCAD08/Int/memory1/DRAGON_all2_e8_4626.lus,Unsafe,,0.027,0,2,51.91,0.52,0.10,40,false,Unsafe,,0.028,0,2,44.46,0.52,0.10,40,false,Unsafe,,0.028,0,2,57.16,0.53,0.11,40,false,Unsafe,,0.027,0,2,31.96,0.54,0.17,40,false,Unsafe,,0.028,0,2,29.15,0.54,0.18,40,false
compare_single_p_907_with_base_x3,compare_single_p_907_resume,base,FMCAD08/Int/memory1/FIREFLY_luke_1b_e7_3191_e1_1303.lus,Unsafe,,0.022,0,2,34.85,0.54,0.10,40,false,Unsafe,,0.021,0,2,43.86,0.53,0.07,40,false,Unsafe,,0.020,0,2,33.98,0.52,0.06,40,false,Unsafe,,0.019,0,2,98.66,0.54,0.11,40,false,Unsafe,,0.019,0,2,100.61,0.52,0.11,40,false
compare_single_p_907_with_base_x3,compare_single_p_907_resume,base,FMCAD08/Int/memory1/FIREFLY_luke_1b.lus,Safe,1,0.046,2,22,43.72,0.54,0.08,0,false,Safe,1,0.046,2,22,31.96,0.52,0.08,0,false,Safe,1,0.047,2,22,46.97,0.53,0.08,0,false,Safe,1,0.050,2,22,20.14,0.53,0.20,0,false,Safe,1,0.047,2,22,100.37,0.53,0.17,0,false
compare_single_p_907_with_base_x3,compare_single_p_907_resume,base,FMCAD08/Int/memory1/DRAGON_2.lus,Safe,1,0.061,2,22,57.61,0.52,0.12,0,false,Safe,1,0.064,2,22,47.68,0.65,0.13,0,false,Safe,1,0.063,2,22,35.09,0.63,0.12,0,false,Safe,1,0.063,2,22,57.46,0.52,0.23,0,false,Safe,1,0.064,2,22,66.03,0.63,0.25,0,false
compare_single_p_907_with_base_x3,compare_single_p_907_resume,base,FMCAD08/Int/memory1/DRAGON_all2_e7_5406.lus,Unsafe,,0.029,0,2,69.63,0.52,0.10,40,false,Unsafe,,0.029,0,2,21.68,0.56,0.11,40,false,Unsafe,,0.028,0,2,21.56,0.52,0.10,40,false,Unsafe,,0.028,0,2,41.14,0.53,0.17,40,false,Unsafe,,0.028,0,2,56.77,0.53,0.17,40,false
compare_single_p_907_with_base_x3,compare_single_p_907_resume,base,FMCAD08/Int/memory1/FIREFLY_a3_e3_314_e4_897.lus,Unsafe,13 6,1.037,2,740,50.29,1.46,1.06,40,false,Unsafe,9 4,0.713,2,498,49.79,1.25,0.73,40,false,Unsafe,13 6,1.028,2,767,50.79,1.56,1.06,40,false,Unsafe,11 5,0.866,2,611,111.16,1.26,2.58,40,false,Unsafe,14 6,1.155,2,800,112.77,1.57,3.42,40,false
compare_single_p_907_with_base_x3,compare_single_p_907_resume,base,FMCAD08/Int/memory1/FIREFLY_all_e2_3678.lus,Unsafe,0,0.060,1,15,43.82,0.52,0.10,40,false,Unsafe,0,0.062,1,15,21.42,0.53,0.10,40,false,Unsafe,3,0.118,1,56,47.54,0.62,0.15,40,false,Unsafe,0,0.060,1,15,94.91,0.52,0.24,40,false,Unsafe,0,0.078,1,15,21.69,0.53,0.28,40,false
compare_single_p_907_with_base_x3,compare_single_p_907_resume,base,FMCAD08/Int/memory1/DRAGON_4_e2_2799_e2_2251.lus,Safe,38 33 28 18 9,4.970,6,3812,59.90,5.51,4.97,0,false,Safe,45 39 29 10,4.995,5,4002,61.73,5.49,4.88,0,false,Safe,21 15 10 9 5,3.534,6,3101,58.92,4.04,3.57,0,false,Safe,18 13 6 1,2.238,4,1741,123.48,2.72,6.74,0,false,Safe,29 24 17 8,3.001,5,2446,126.97,3.45,9.08,0,false
compare_single_p_907_with_base_x3,compare_single_p_907_resume,base,FMCAD08/Int/memory1/FIREFLY_6.lus,Safe,10 8 5,0.440,4,512,48.71,0.94,0.46,0,false,Safe,10 8 5,0.460,4,514,48.84,0.93,0.46,0,false,Safe,10 8 5,0.444,4,516,48.62,0.93,0.46,0,false,Safe,10 8 5,0.467,4,513,106.49,0.94,1.41,0,false,Safe,10 8 5,0.467,4,513,106.05,0.94,1.41,0,false
compare_single_p_907_with_base_x3,compare_single_p_907_resume,base,FMCAD08/Int/memory1/FIREFLY_all.lus,Safe,1 0,0.225,3,172,48.79,0.73,0.25,0,false,Safe,1 0,0.235,3,174,48.29,0.74,0.25,0,false,Safe,1 0,0.229,3,175,48.61,0.73,0.25,0,false,Safe,1 0,0.232,3,172,107.29,0.73,0.70,0,false,Safe,1 0,0.241,3,172,106.57,0.73,0.73,0,false
compare_single_p_907_with_base_x3,compare_single_p_907_resume,base,FMCAD08/Int/memory1/DRAGON_9_e7_1843.lus,Safe,2,0.097,2,39,54.89,0.63,0.14,0,false,Safe,2,0.091,2,37,47.65,0.64,0.15,0,false,Safe,2,0.106,2,39,47.96,0.63,0.18,0,false,Safe,2,0.096,2,39,66.43,0.52,0.31,0,false,Safe,2,0.107,2,39,104.87,0.63,0.36,0,false
compare_single_p_907_with_base_x3,compare_single_p_907_resume,base,FMCAD08/Int/memory1/DRAGON_8.lus,Safe,96 95 7 4,289.526,5,23865,385.23,290.01,288.72,0,false,Safe,13 12 7 4,0.838,5,721,49.53,1.35,0.85,0,false,Safe,14 13 7 4,0.964,5,818,50.62,1.45,0.99,0,false,Safe,9 8 2 1,0.992,4,642,112.82,1.36,2.81,0,false,Safe,28 27 7 4,5.199,5,2335,141.49,5.76,15.77,0,false
compare_single_p_907_with_base_x3,compare_single_p_907_resume,base,FMCAD08/Int/memory1/DRAGON_10_e7_3861_e2_1020.lus,Unsafe,,0.024,0,2,54.89,0.53,0.08,40,false,Unsafe,,0.024,0,2,44.05,0.52,0.08,40,false,Unsafe,,0.023,0,2,21.51,0.52,0.08,40,false,Unsafe,,0.023,0,2,56.26,0.52,0.13,40,false,Unsafe,,0.023,0,2,53.00,0.52,0.14,40,false
compare_single_p_907_with_base_x3,compare_single_p_907_resume,base,FMCAD08/Int/memory1/FIREFLY_6_e2_3302.lus,Safe,11 8 5,0.520,4,587,48.46,0.94,0.55,0,false,Safe,11 8 5,0.548,4,593,49.21,1.04,0.55,0,false,Safe,11 8 5,0.523,4,596,48.77,0.95,0.55,0,false,Safe,11 8 5,0.553,4,594,107.73,1.06,1.68,0,false,Safe,11 8 5,0.558,4,594,108.82,1.04,1.66,0,false
compare_single_p_907_with_base_x3,compare_single_p_907_resume,base,FMCAD08/Int/memory1/DRAGON_3_e1_4783_e1_3755.lus,Safe,1,0.071,2,25,54.29,0.52,0.12,0,false,Safe,1,0.071,2,25,47.41,0.53,0.12,0,false,Safe,1,0.066,2,25,57.62,0.52,0.12,0,false,Safe,1,0.070,2,25,20.18,0.52,0.25,0,false,Safe,1,0.072,2,25,67.21,0.52,0.27,0,false
compare_single_p_907_with_base_x3,compare_single_p_907_resume,base,FMCAD08/Int/memory1/FIREFLY_all_e2_2924_e2_1767.lus,Unsafe,3,0.123,1,58,47.82,0.63,0.16,40,false,Unsafe,1,0.079,1,27,31.67,0.53,0.12,40,false,Unsafe,3,0.121,1,58,46.17,0.64,0.17,40,false,Unsafe,3,0.103,1,53,77.45,0.54,0.35,40,false,Unsafe,3,0.129,1,58,103.99,0.63,0.43,40,false
compare_single_p_907_with_base_x3,compare_single_p_907_resume,base,FMCAD08/Int/memory1/DRAGON_all_e7_4065.lus,Unsafe,,0.024,0,2,47.44,0.52,0.09,40,false,Unsafe,,0.025,0,2,34.78,0.52,0.09,40,false,Unsafe,,0.024,0,2,58.94,0.53,0.09,40,false,Unsafe,,0.024,0,2,35.23,0.53,0.16,40,false,Unsafe,,0.024,0,2,51.55,0.52,0.14,40,false
compare_single_p_907_with_base_x3,compare_single_p_907_resume,base,FMCAD08/Int/memory1/FIREFLY_luke_1a_e2_284_e7_998.lus,Unsafe,3 2,0.130,2,76,47.46,0.62,0.16,40,false,Timeout,3,0.074,1,42,341.20,300.23,85.89,30,true,Unsafe,7 4,0.271,2,218,47.74,0.74,0.31,40,false,Unsafe,3 2,0.139,2,76,103.99,0.63,0.47,40,false,Unsafe,3 2,0.141,2,76,103.80,0.63,0.45,40,false
compare_single_p_907_with_base_x3,compare_single_p_907_resume,base,FMCAD08/Int/memory1/DRAGON_10_e3_3429.lus,Safe,1,0.060,2,24,54.64,0.53,0.11,0,false,Safe,1,0.063,2,24,49.17,0.53,0.11,0,false,Safe,1,0.063,2,24,19.52,0.52,0.11,0,false,Safe,1,0.061,2,24,48.90,0.53,0.24,0,false,Safe,1,0.061,2,24,49.96,0.52,0.23,0,false
compare_single_p_907_with_base_x3,compare_single_p_907_resume,base,FMCAD08/Int/memory1/FIREFLY_luke_1b_e7_3191_e2_1864.lus,Unsafe,,0.020,0,2,46.23,0.52,0.06,40,false,Unsafe,,0.020,0,2,45.11,0.53,0.06,40,false,Unsafe,,0.020,0,2,34.12,0.52,0.06,40,false,Unsafe,,0.020,0,2,77.70,0.52,0.11,40,false,Unsafe,,0.019,0,2,100.59,0.52,0.11,40,false
compare_single_p_907_with_base_x3,compare_single_p_907_resume,base,FMCAD08/Int/memory1/DRAGON_13_e3_1418_e3_2761.lus,Timeout,6,0.205,1,92,423.43,302.25,1.31,1,true,Safe,26 20 9,3.028,4,2324,58.61,3.52,2.98,0,false,Safe,27 22 18 12 10 9 8 7 6 5 4 3 2 1 0,139.527,16,42316,164.54,139.95,138.44,0,false,Safe,31 16,3.620,3,2348,133.46,4.07,8.84,0,false,Timeout,6,0.237,1,92,988.91,302.26,1.67,1,true
compare_single_p_907_with_base_x3,compare_single_p_907_resume,base,FMCAD08/Int/memory1/DRAGON_10_e1_3587_e3_2749.lus,Safe,2,0.086,2,39,35.07,0.53,0.14,0,false,Safe,2,0.091,2,39,54.51,0.63,0.14,0,false,Safe,2,0.088,2,39,35.36,0.53,0.14,0,false,Safe,2,0.117,2,39,103.91,0.63,0.40,0,false,Safe,2,0.096,2,39,66.75,0.53,0.33,0,false
compare_single_p_907_with_base_x3,compare_single_p_907_resume,base,FMCAD08/Int/memory1/FIREFLY_a3_e1_3233_e2_2392.lus,Safe,4,0.111,2,73,47.42,0.64,0.16,0,false,Safe,4,0.107,2,69,47.17,0.53,0.15,0,false,Safe,5,0.169,2,89,47.18,0.63,0.20,0,false,Safe,4,0.108,2,73,94.41,0.63,0.37,0,false,Safe,4,0.118,2,73,98.74,0.63,0.38,0,false
compare_single_p_907_with_base_x3,compare_single_p_907_resume,base,FMCAD08/Int/memory1/DRAGON_10_e3_144_e7_523.lus,Unsafe,,0.022,0,2,24.39,0.54,0.09,40,false,Unsafe,,0.024,0,2,49.02,0.53,0.09,40,false,Unsafe,,0.023,0,2,21.40,0.52,0.08,40,false,Unsafe,,0.023,0,2,21.65,0.52,0.13,40,false,Unsafe,,0.023,0,2,47.91,0.52,0.14,40,false
compare_single_p_907_with_base_x3,compare_single_p_907_resume,base,FMCAD08/Int/memory1/DRAGON_14_e3_5120.lus,Timeout,,,,,,,,,true,Timeout,,,,,,,,,true,Timeout,,,,,,,,,true,Timeout,,,,,,,,,true,Timeout,,,,,,,,,true
compare_single_p_907_with_base_x3,compare_single_p_907_resume,base,FMCAD08/Int/memory1/DRAGON_6.lus,Safe,1,0.060,2,25,42.11,0.52,0.11,0,false,Safe,1,0.062,2,24,37.14,0.53,0.12,0,false,Safe,1,0.063,2,25,42.86,0.52,0.11,0,false,Safe,1,0.063,2,25,88.30,0.52,0.23,0,false,Safe,1,0.067,2,25,20.16,0.52,0.24,0,false
compare_single_p_907_with_base_x3,compare_single_p_907_resume,base,FMCAD08/Int/memory1/FIREFLY_luke_1b_e7_3191_e7_2146.lus,Unsafe,,0.051,0,2,41.77,0.54,0.10,40,false,Unsafe,,0.020,0,2,21.18,0.53,0.06,40,false,Unsafe,,0.020,0,2,34.23,0.52,0.06,40,false,Unsafe,,0.020,0,2,64.34,0.52,0.10,40,false,Unsafe,,0.019,0,2,64.35,0.52,0.10,40,false
compare_single_p_907_with_base_x3,compare_single_p_907_resume,base,FMCAD08/Int/memory1/FIREFLY_luke_3_e1_2217_e3_1200.lus,Safe,26 23 20 17 8,2.115,6,2185,53.28,2.60,2.12,0,false,Timeout,19 16 13 8,0.826,4,835,404.68,300.20,107.13,30,true,Safe,17 14 8,0.743,4,839,49.99,1.26,0.76,0,false,Safe,14 11 8 4,0.827,5,830,111.49,1.25,2.45,0,false,Safe,26 23 20 17 8,2.341,6,2185,121.15,2.82,6.97,0,false
compare_single_p_907_with_base_x3,compare_single_p_907_resume,base,FMCAD08/Int/memory1/FIREFLY_luke_rt_e2_3460_e7_471.lus,Unsafe,,0.020,0,2,21.18,0.54,0.11,40,false,Unsafe,,0.020,0,2,41.38,0.52,0.06,40,false,Unsafe,,0.019,0,2,32.00,0.52,0.06,40,false,Unsafe,,0.019,0,2,94.95,0.53,0.11,40,false,Unsafe,,0.020,0,2,94.39,0.52,0.11,40,false
compare_single_p_907_with_base_x3,compare_single_p_907_resume,base,FMCAD08/Int/memory1/DRAGON_11_e1_2450_e3_2330.lus,Timeout,,,,,,,,,true,Timeout,,,,,,,,,true,Timeout,,,,,,,,,true,Timeout,,,,,,,,,true,Timeout,,,,,,,,,true
compare_single_p_907_with_base_x3,compare_single_p_907_resume,base,FMCAD08/Int/memory1/DRAGON_5.lus,Safe,9 7 4,0.457,4,378,49.36,0.94,0.50,0,false,Safe,10 8 4,0.551,4,467,56.64,1.05,0.58,0,false,Safe,12 8 4,0.638,4,563,50.45,1.15,0.67,0,false,Safe,9 7 4,0.473,4,378,108.29,0.94,1.54,0,false,Safe,10 8 5,0.576,4,418,108.61,1.05,1.72,0,false
compare_single_p_907_with_base_x3,compare_single_p_907_resume,base,FMCAD08/Int/memory1/FIREFLY_8_e2_1711_e2_2673.lus,Safe,1,0.045,2,24,43.98,0.52,0.07,0,false,Safe,1,0.047,2,24,41.71,0.52,0.07,0,false,Safe,1,0.046,2,24,45.84,0.53,0.08,0,false,Safe,1,0.045,2,24,98.38,0.52,0.16,0,false,Safe,1,0.047,2,24,93.12,0.53,0.17,0,false
compare_single_p_907_with_base_x3,compare_single_p_907_resume,base,FMCAD08/Int/memory1/DRAGON_all2.lus,Timeout,,,,,,,,,true,Timeout,,,,,,,,,true,Timeout,,,,,,,,,true,Timeout,,,,,,,,,true,Timeout,,,,,,,,,true
compare_single_p_907_with_base_x3,compare_single_p_907_resume,base,FMCAD08/Int/memory1/DRAGON_11_e3_382_e4_4421.lus,Timeout,,,,,,,,,true,Timeout,,,,,,,,,true,Timeout,,,,,,,,,true,Timeout,,,,,,,,,true,Timeout,,,,,,,,,true
compare_single_p_907_with_base_x3,compare_single_p_907_resume,base,FMCAD08/Int/memory1/FIREFLY_all_e1_3406.lus,Unsafe,2,0.099,1,42,47.45,0.64,0.15,40,false,Unsafe,4,0.142,1,69,47.20,0.64,0.18,40,false,Unsafe,2,0.098,1,42,46.20,0.53,0.14,40,false,Unsafe,2,0.104,1,42,94.79,0.52,0.37,40,false,Unsafe,2,0.109,1,42,99.10,0.52,0.37,40,false
compare_single_p_907_with_base_x3,compare_single_p_907_resume,base,FMCAD08/Int/memory1/DRAGON_6_e7_5046_e7_3623.lus,Safe,1,0.063,2,25,34.85,0.54,0.14,0,false,Safe,1,0.063,2,24,45.64,0.53,0.11,0,false,Safe,1,0.060,2,25,43.08,0.52,0.11,0,false,Safe,1,0.061,2,25,56.12,0.52,0.24,0,false,Safe,1,0.065,2,25,53.78,0.52,0.24,0,false
compare_single_p_907_with_base_x3,compare_single_p_907_resume,base,FMCAD08/Int/memory1/FIREFLY_luke_1b_e1_1139_e1_1565.lus,Unsafe,0,0.043,1,9,43.52,0.53,0.09,40,false,Unsafe,0,0.044,1,9,31.77,0.54,0.09,40,false,Unsafe,0,0.061,1,9,31.73,0.53,0.11,40,false,Unsafe,0,0.042,1,9,97.66,0.53,0.16,40,false,Unsafe,0,0.043,1,9,64.74,0.62,0.17,40,false
compare_single_p_907_with_base_x3,compare_single_p_907_resume,base,FMCAD08/Int/memory1/FIREFLY_luke_1a_e2_284_e2_2755.lus,Timeout,,,,,,,,,true,Timeout,,,,,,,,,true,Timeout,,,,,,,,,true,Timeout,,,,,,,,,true,Timeout,,,,,,,,,true
compare_single_p_907_with_base_x3,compare_single_p_907_resume,base,FMCAD08/Int/memory1/FIREFLY_a3_e2_2086_e1_3235.lus,Safe,4,0.107,2,69,45.92,0.52,0.14,0,false,Safe,5,0.127,2,85,47.45,0.62,0.16,0,false,Safe,4,0.109,2,71,46.64,0.52,0.14,0,false,Safe,4,0.106,2,69,103.32,0.63,0.37,0,false,Safe,4,0.109,2,69,91.48,0.63,0.36,0,false
compare_single_p_907_with_base_x3,compare_single_p_907_resume,base,FMCAD08/Int/memory1/FIREFLY_luke_rt_e2_3460_e3_1333.lus,Unsafe,0,0.043,1,9,45.51,0.52,0.08,40,false,Unsafe,0,0.043,1,9,25.59,0.55,0.09,40,false,Unsafe,0,0.043,1,9,44.38,0.55,0.09,40,false,Unsafe,0,0.042,1,9,93.84,0.52,0.16,40,false,Unsafe,0,0.046,1,9,27.76,0.53,0.19,40,false
compare_single_p_907_with_base_x3,compare_single_p_907_resume,base,FMCAD08/Int/memory1/DRAGON_all_e3_5957.lus,Safe,5,0.178,2,86,47.54,0.62,0.23,0,false,Safe,5,0.178,2,83,56.28,0.64,0.22,0,false,Safe,5,0.182,2,86,47.94,0.74,0.24,0,false,Safe,5,0.177,2,86,103.76,0.62,0.59,0,false,Safe,5,0.180,2,86,105.97,0.75,0.61,0,false
compare_single_p_907_with_base_x3,compare_single_p_907_resume,base,FMCAD08/Int/memory1/DRAGON_2_e2_3183_e1_2644.lus,Safe,1,0.064,2,22,57.65,0.54,0.11,0,false,Safe,1,0.065,2,22,47.02,0.52,0.11,0,false,Safe,1,0.063,2,22,57.31,0.52,0.11,0,false,Safe,1,0.063,2,22,44.31,0.54,0.24,0,false,Safe,1,0.066,2,22,56.79,0.52,0.24,0,false
compare_single_p_907_with_base_x3,compare_single_p_907_resume,base,FMCAD08/Int/memory1/DRAGON_12.lus,Safe,23 20 16 8,2.291,5,1879,54.85,2.82,2.35,0,false,Safe,19 15 13 7,2.462,5,2030,56.18,3.00,2.41,0,false,Safe,23 19 16 11 6,3.932,6,3241,59.02,4.47,3.94,0,false,Safe,21 18 14 7,2.429,5,1829,125.12,3.03,7.51,0,false,Safe,23 20 16 7,2.569,4,1805,123.84,3.03,7.70,0,false
compare_single_p_907_with_base_x3,compare_single_p_907_resume,base,FMCAD08/Int/memory1/DRAGON_all2_e7_5406_e2_3084.lus,Unsafe,,0.029,0,2,53.00,0.52,0.10,40,false,Unsafe,,0.031,0,2,48.25,0.52,0.10,40,false,Unsafe,,0.029,0,2,53.62,0.52,0.10,40,false,Unsafe,,0.029,0,2,65.88,0.52,0.17,40,false,Unsafe,,0.030,0,2,66.06,0.53,0.18,40,false
compare_single_p_907_with_base_x3,compare_single_p_907_resume,base,FMCAD08/Int/memory1/DRAGON_9_e7_1843_e1_5434.lus,Safe,2,0.094,2,41,41.91,0.62,0.14,0,false,Safe,2,0.095,2,39,34.99,0.62,0.14,0,false,Safe,2,0.093,2,41,42.50,0.53,0.14,0,false,Safe,2,0.091,2,41,104.56,0.64,0.32,0,false,Safe,2,0.098,2,41,66.45,0.63,0.34,0,false
compare_single_p_907_with_base_x3,compare_single_p_907_resume,base,FMCAD08/Int/memory1/FIREFLY_3_e2_2236.lus,Safe,1,0.045,2,25,43.97,0.52,0.08,0,false,Safe,1,0.045,2,24,24.99,0.55,0.08,0,false,Safe,1,0.045,2,25,45.73,0.52,0.07,0,false,Safe,1,0.044,2,25,98.27,0.52,0.16,0,false,Safe,1,0.046,2,25,91.83,0.52,0.17,0,false
compare_single_p_907_with_base_x3,compare_single_p_907_resume,base,FMCAD08/Int/memory1/DRAGON_14_e7_3162_e2_753.lus,Unsafe,21 12,1.103,2,732,51.29,1.56,1.15,40,false,Unsafe,14 8,0.650,2,362,49.78,1.14,0.68,40,false,Unsafe,20 12,0.795,2,520,50.51,1.35,0.83,40,false,Unsafe,18 11,0.686,2,478,110.77,1.15,2.11,40,false,Unsafe,20 12,0.939,2,599,112.72,1.47,2.93,40,false
compare_single_p_907_with_base_x3,compare_single_p_907_resume,base,FMCAD08/Int/memory1/DRAGON_4_e3_4133.lus,Safe,15 10 5 1 0,3.857,6,3393,59.43,4.36,3.85,0,false,Safe,39 34 32 25 11,5.992,6,4487,62.20,6.53,5.87,0,false,Safe,15 10 8 6,2.529,5,2403,56.96,3.00,2.53,0,false,Safe,24 19 10 1,2.888,4,2142,125.31,3.35,8.66,0,false,Safe,26 21 15 7,3.061,5,2315,125.68,3.66,9.53,0,false
compare_single_p_907_with_base_x3,compare_single_p_907_resume,base,FMCAD08/Int/memory1/DRAGON_11_e1_2450_e1_5887.lus,Timeout,,,,,,,,,true,Timeout,,,,,,,,,true,Timeout,,,,,,,,,true,Timeout,,,,,,,,,true,Timeout,,,,,,,,,true
compare_single_p_907_with_base_x3,compare_single_p_907_resume,base,FMCAD08/Int/memory1/DRAGON_14_e2_3606.lus,Timeout,,,,,,,,,true,Timeout,,,,,,,,,true,Timeout,,,,,,,,,true,Timeout,,,,,,,,,true,Timeout,,,,,,,,,true
compare_single_p_907_with_base_x3,compare_single_p_907_resume,base,FMCAD08/Int/memory1/FIREFLY_a3_e1_3233_e3_2970.lus,Safe,4,0.116,2,73,47.67,0.62,0.15,0,false,Safe,5,0.131,2,87,47.43,0.63,0.17,0,false,Safe,4,0.108,2,73,47.22,0.62,0.14,0,false,Safe,4,0.113,2,73,94.71,0.53,0.38,0,false,Safe,4,0.116,2,73,103.48,0.64,0.38,0,false
compare_single_p_907_with_base_x3,compare_single_p_907_resume,base,FMCAD08/Int/memory1/FIREFLY_a3_e3_314_e2_2812.lus,Safe,1 0,0.189,3,157,47.42,0.64,0.22,0,false,Safe,1 0,0.218,3,171,48.33,0.73,0.23,0,false,Safe,4,0.142,2,73,47.37,0.63,0.17,0,false,Safe,1 0,0.169,2,119,102.04,0.52,0.45,0,false,Safe,1 0,0.204,3,157,103.35,0.63,0.62,0,false
compare_single_p_907_with_base_x3,compare_single_p_907_resume,base,FMCAD08/Int/memory1/DRAGON_all_e3_4821_e5_1536.lus,Safe,4,0.157,2,69,47.92,0.63,0.21,0,false,Safe,4,0.158,2,67,48.42,0.74,0.25,0,false,Safe,4,0.163,2,71,48.17,0.64,0.22,0,false,Safe,4,0.164,2,71,105.64,0.63,0.53,0,false,Safe,4,0.161,2,71,105.05,0.63,0.53,0,false
compare_single_p_907_with_base_x3,compare_single_p_907_resume,base,FMCAD08/Int/memory1/FIREFLY_luke_4.lus,Timeout,,,,,,,,,true,Timeout,,,,,,,,,true,Timeout,,,,,,,,,true,Timeout,,,,,,,,,true,Timeout,,,,,,,,,true
compare_single_p_907_with_base_x3,compare_single_p_907_resume,base,FMCAD08/Int/memory1/DRAGON_11.lus,Timeout,,,,,,,,,true,Timeout,,,,,,,,,true,Timeout,,,,,,,,,true,Timeout,,,,,,,,,true,Timeout,,,,,,,,,true
compare_single_p_907_with_base_x3,compare_single_p_907_resume,base,FMCAD08/Int/memory1/FIREFLY_all_e1_1207_e2_3220.lus,Safe,1 0,0.264,3,170,47.59,0.74,0.29,0,false,Safe,1 0,0.229,3,172,48.30,0.74,0.25,0,false,Safe,1 0,0.222,3,177,48.92,0.73,0.25,0,false,Safe,1 0,0.237,3,170,107.07,0.73,0.70,0,false,Safe,1 0,0.246,3,170,106.11,0.73,0.74,0,false
compare_single_p_907_with_base_x3,compare_single_p_907_resume,base,FMCAD08/Int/memory1/FIREFLY_luke_4_e2_325.lus,Timeout,,,,,,,,,true,Timeout,,,,,,,,,true,Timeout,,,,,,,,,true,Timeout,,,,,,,,,true,Timeout,,,,,,,,,true
compare_single_p_907_with_base_x3,compare_single_p_907_resume,base,FMCAD08/Int/memory1/DRAGON_8_e2_3896_e3_3125.lus,Safe,32 31 7 4,6.215,5,2968,65.10,6.77,6.18,0,false,Timeout,4 3 2,0.291,3,222,375.37,302.26,1.29,1,true,Safe,17 16 7 4,1.379,5,1083,52.56,1.88,1.41,0,false,Safe,17 16 7 4,1.421,5,1031,116.68,1.98,4.52,0,false,Safe,12 11 2 1,1.595,4,868,116.85,1.99,4.73,0,false
compare_single_p_907_with_base_x3,compare_single_p_907_resume,base,FMCAD08/Int/memory1/DRAGON_3_e7_4884.lus,Unsafe,,0.024,0,2,54.14,0.52,0.09,40,false,Unsafe,,0.025,0,2,51.57,0.52,0.09,40,false,Unsafe,,0.023,0,2,33.54,0.55,0.11,40,false,Unsafe,,0.023,0,2,57.77,0.52,0.13,40,false,Unsafe,,0.024,0,2,57.04,0.52,0.14,40,false
compare_single_p_907_with_base_x3,compare_single_p_907_resume,base,FMCAD08/Int/memory1/FIREFLY_luke_1b_e1_1139_e3_1839.lus,Unsafe,0,0.055,1,17,45.86,0.54,0.10,40,false,Unsafe,0,0.057,1,17,45.26,0.54,0.09,40,false,Unsafe,0,0.055,1,17,21.30,0.52,0.10,40,false,Unsafe,0,0.056,1,17,101.95,0.52,0.20,40,false,Unsafe,0,0.061,1,17,94.11,0.53,0.22,40,false
compare_single_p_907_with_base_x3,compare_single_p_907_resume,base,FMCAD08/Int/memory1/FIREFLY_4_e3_3511_e3_422.lus,Safe,3 2,0.125,3,106,47.04,0.64,0.16,0,false,Safe,3 2,0.130,3,107,47.43,0.63,0.16,0,false,Safe,3 2,0.122,3,105,46.88,0.63,0.15,0,false,Safe,3 2,0.127,3,106,103.90,0.63,0.39,0,false,Safe,3 2,0.133,3,106,104.02,0.63,0.42,0,false
compare_single_p_907_with_base_x3,compare_single_p_907_resume,base,FMCAD08/Int/memory1/FIREFLY_8_e2_1711_e1_1489.lus,Safe,1,0.050,2,24,34.33,0.53,0.10,0,false,Safe,1,0.048,2,24,42.59,0.53,0.08,0,false,Safe,1,0.085,2,24,43.59,0.53,0.11,0,false,Safe,1,0.044,2,24,98.75,0.52,0.15,0,false,Safe,1,0.046,2,24,57.00,0.53,0.17,0,false
compare_single_p_907_with_base_x3,compare_single_p_907_resume,base,FMCAD08/Int/memory1/DRAGON_all_e1_4022_e7_2886.lus,Unsafe,,0.025,0,2,21.55,0.53,0.09,40,false,Unsafe,,0.027,0,2,46.94,0.52,0.09,40,false,Unsafe,,0.025,0,2,58.90,0.52,0.08,40,false,Unsafe,,0.025,0,2,88.32,0.52,0.14,40,false,Unsafe,,0.026,0,2,21.89,0.52,0.15,40,false
compare_single_p_907_with_base_x3,compare_single_p_907_resume,base,FMCAD08/Int/memory1/FIREFLY_all_e3_1600_e4_2415.lus,Unsafe,1,0.081,1,31,44.05,0.53,0.12,40,false,Unsafe,1,0.085,1,31,21.05,0.63,0.13,40,false,Unsafe,1,0.083,1,31,46.07,0.52,0.12,40,false,Unsafe,1,0.089,1,31,94.07,0.52,0.30,40,false,Unsafe,1,0.089,1,31,90.54,0.53,0.31,40,false
compare_single_p_907_with_base_x3,compare_single_p_907_resume,base,FMCAD08/Int/memory1/FIREFLY_5.lus,Safe,2,0.061,2,41,26.88,0.53,0.09,0,false,Safe,2,0.060,2,39,40.33,0.52,0.09,0,false,Safe,2,0.062,2,41,19.50,0.54,0.11,0,false,Safe,2,0.062,2,41,103.01,0.54,0.21,0,false,Safe,2,0.074,2,41,98.56,0.52,0.25,0,false
compare_single_p_907_with_base_x3,compare_single_p_907_resume,base,FMCAD08/Int/memory1/FIREFLY_1.lus,Safe,1,0.043,2,20,46.10,0.53,0.08,0,false,Safe,1,0.046,2,20,43.24,0.52,0.08,0,false,Safe,1,0.044,2,20,46.36,0.53,0.08,0,false,Safe,1,0.042,2,20,98.54,0.53,0.16,0,false,Safe,1,0.048,2,20,100.12,0.52,0.17,0,false
compare_single_p_907_with_base_x3,compare_single_p_907_resume,base,FMCAD08/Int/memory1/FIREFLY_4_e3_3511_e7_3568.lus,Unsafe,,0.019,0,2,46.14,0.55,0.07,40,false,Unsafe,,0.020,0,2,35.61,0.53,0.07,40,false,Unsafe,,0.019,0,2,45.52,0.53,0.06,40,false,Unsafe,,0.018,0,2,64.02,0.52,0.10,40,false,Unsafe,,0.019,0,2,21.79,0.52,0.11,40,false
compare_single_p_907_with_base_x3,compare_single_p_907_resume,base,FMCAD08/Int/memory1/FIREFLY_5_e2_2229.lus,Safe,1,0.047,2,25,45.07,0.53,0.08,0,false,Safe,1,0.046,2,24,41.75,0.52,0.08,0,false,Safe,1,0.046,2,25,45.87,0.54,0.09,0,false,Safe,1,0.046,2,25,99.11,0.52,0.16,0,false,Safe,1,0.049,2,25,100.61,0.54,0.18,0,false
compare_single_p_907_with_base_x3,compare_single_p_907_resume,base,FMCAD08/Int/memory1/DRAGON_all2_e3_4612_e5_3642.lus,Timeout,,,,,,,,,true,Timeout,,,,,,,,,true,Timeout,,,,,,,,,true,Timeout,,,,,,,,,true,Timeout,,,,,,,,,true
compare_single_p_907_with_base_x3,compare_single_p_907_resume,base,FMCAD08/Int/memory1/DRAGON_5_e2_3018_e2_936.lus,Safe,9 7 4,0.468,4,385,49.36,0.94,0.50,0,false,Safe,10 8 4,0.503,4,391,49.02,0.95,0.53,0,false,Safe,10 8 4,0.503,4,416,53.92,1.05,0.54,0,false,Safe,9 7 4,0.469,4,380,108.00,0.94,1.48,0,false,Safe,9 7 4,0.507,4,385,108.59,1.05,1.55,0,false
compare_single_p_907_with_base_x3,compare_single_p_907_resume,base,FMCAD08/Int/memory1/FIREFLY_luke_2.lus,Safe,10 8 5,0.450,4,527,48.09,0.94,0.47,0,false,Safe,10 8 5,0.466,4,529,48.49,0.94,0.47,0,false,Safe,11 9 5,0.524,4,605,48.80,0.93,0.54,0,false,Safe,10 8 5,0.466,4,527,107.86,0.96,1.48,0,false,Safe,10 8 5,0.473,4,527,106.80,0.95,1.43,0,false
compare_single_p_907_with_base_x3,compare_single_p_907_resume,base,FMCAD08/Int/memory1/FIREFLY_all_e1_1207_e3_1928.lus,Unsafe,1,0.076,1,27,44.43,0.54,0.12,40,false,Unsafe,1,0.083,1,27,42.29,0.52,0.12,40,false,Unsafe,1,0.076,1,27,31.88,0.53,0.12,40,false,Unsafe,1,0.078,1,27,94.41,0.52,0.27,40,false,Unsafe,1,0.081,1,27,89.16,0.52,0.29,40,false
compare_single_p_907_with_base_x3,compare_single_p_907_resume,base,FMCAD08/Int/memory1/FIREFLY_all_e1_1207_e7_156.lus,Unsafe,,0.020,0,2,44.17,0.53,0.07,40,false,Unsafe,,0.022,0,2,43.95,0.53,0.07,40,false,Unsafe,,0.038,0,2,35.18,0.54,0.11,40,false,Unsafe,,0.020,0,2,64.44,0.52,0.11,40,false,Unsafe,,0.020,0,2,98.97,0.52,0.11,40,false
compare_single_p_907_with_base_x3,compare_single_p_907_resume,base,FMCAD08/Int/memory1/DRAGON_9_e7_1843_e3_5316.lus,Safe,1,0.063,2,25,47.95,0.63,0.11,0,false,Safe,1,0.063,2,24,53.27,0.53,0.11,0,false,Safe,1,0.104,2,25,44.28,0.62,0.15,0,false,Safe,1,0.063,2,25,26.75,0.53,0.23,0,false,Safe,1,0.069,2,25,55.41,0.52,0.25,0,false
compare_single_p_907_with_base_x3,compare_single_p_907_resume,base,FMCAD08/Int/memory1/FIREFLY_4_e3_3511_e5_3248.lus,Safe,3 2,0.121,3,101,47.42,0.63,0.15,0,false,Safe,3 2,0.124,3,103,47.14,0.64,0.16,0,false,Safe,3 2,0.120,3,101,47.39,0.63,0.15,0,false,Safe,3 2,0.125,3,101,103.62,0.63,0.39,0,false,Safe,3 2,0.132,3,101,103.91,0.63,0.41,0,false
compare_single_p_907_with_base_x3,compare_single_p_907_resume,base,FMCAD08/Int/memory1/FIREFLY_1_e1_1092_e7_1119.lus,Unsafe,,0.019,0,2,45.73,0.52,0.06,40,false,Unsafe,,0.020,0,2,31.73,0.52,0.06,40,false,Unsafe,,0.019,0,2,45.61,0.53,0.07,40,false,Unsafe,,0.019,0,2,28.39,0.55,0.13,40,false,Unsafe,,0.019,0,2,94.10,0.52,0.11,40,false
compare_single_p_907_with_base_x3,compare_single_p_907_resume,base,FMCAD08/Int/memory1/FIREFLY_a3_e2_2086_e2_2689.lus,Safe,4,0.111,2,73,45.83,0.52,0.14,0,false,Safe,5,0.130,2,89,47.38,0.62,0.16,0,false,Safe,4,0.108,2,73,47.30,0.64,0.15,0,false,Safe,4,0.113,2,73,94.54,0.63,0.38,0,false,Safe,4,0.119,2,73,99.36,0.63,0.38,0,false
compare_single_p_907_with_base_x3,compare_single_p_907_resume,base,FMCAD08/Int/memory1/DRAGON_14_e7_3162_e1_3998.lus,Unsafe,13 5,0.753,2,494,51.11,1.25,0.80,40,false,Unsafe,6 2,0.465,2,216,52.26,0.93,0.51,40,false,Unsafe,8 3,0.495,2,269,51.16,0.96,0.57,40,false,Unsafe,7 2,0.460,2,206,108.91,0.94,1.50,40,false,Unsafe,13 5,0.832,2,494,112.74,1.36,2.54,40,false
compare_single_p_907_with_base_x3,compare_single_p_907_resume,base,FMCAD08/Int/memory1/DRAGON_12_e2_1618_e2_138.lus,Safe,35 31 27 20 9,4.760,6,3642,59.62,5.31,4.77,0,false,Safe,14 8 2 0,3.121,5,2423,59.05,3.63,3.06,0,false,Safe,15 10 7 3,2.503,5,2069,57.43,3.01,2.52,0,false,Safe,13 8 5 3,2.159,5,1647,122.34,2.61,6.32,0,false,Safe,24 20 18 15 8,3.509,6,2582,131.08,3.97,10.62,0,false
compare_single_p_907_with_base_x3,compare_single_p_907_resume,base,FMCAD08/Int/memory1/DRAGON_12_e1_4640_e7_128.lus,Unsafe,,0.024,0,2,52.55,0.56,0.09,40,false,Unsafe,,0.026,0,2,42.51,0.52,0.08,40,false,Unsafe,,0.024,0,2,21.55,0.53,0.08,40,false,Unsafe,,0.024,0,2,55.89,0.53,0.14,40,false,Unsafe,,0.024,0,2,49.55,0.52,0.14,40,false
compare_single_p_907_with_base_x3,compare_single_p_907_resume,base,FMCAD08/Int/memory1/DRAGON_all2_e8_5504_e7_579.lus,Unsafe,,0.027,0,2,51.14,0.53,0.10,40,false,Unsafe,,0.029,0,2,64.32,0.52,0.10,40,false,Unsafe,,0.028,0,2,57.76,0.54,0.10,40,false,Unsafe,,0.027,0,2,59.92,0.52,0.16,40,false,Unsafe,,0.032,0,2,65.40,0.52,0.18,40,false
compare_single_p_907_with_base_x3,compare_single_p_907_resume,base,FMCAD08/Int/memory1/DRAGON_5_e1_1835.lus,Safe,9 7 4,0.565,4,398,49.38,1.06,0.60,0,false,Safe,9 7 4,0.581,4,482,49.64,1.04,0.60,0,false,Safe,11 8 4,0.593,4,513,53.42,1.05,0.63,0,false,Safe,9 7 4,0.517,4,398,108.44,0.94,1.62,0,false,Safe,9 7 4,0.522,4,398,108.35,1.04,1.59,0,false
compare_single_p_907_with_base_x3,compare_single_p_907_resume,base,FMCAD08/Int/memory1/FIREFLY_u1_e7_3318.lus,Unsafe,0,0.057,1,15,27.20,0.54,0.13,40,false,Unsafe,0,0.061,1,15,31.60,0.52,0.09,40,false,Unsafe,0,0.057,1,15,45.73,0.52,0.10,40,false,Unsafe,0,0.059,1,15,97.20,0.52,0.21,40,false,Unsafe,0,0.059,1,15,94.21,0.52,0.22,40,false
compare_single_p_907_with_base_x3,compare_single_p_907_resume,base,FMCAD08/Int/memory1/DRAGON_13_e7_2336.lus,Unsafe,,0.023,0,2,39.77,0.52,0.10,40,false,Unsafe,,0.026,0,2,21.39,0.52,0.08,40,false,Unsafe,,0.023,0,2,49.14,0.54,0.09,40,false,Unsafe,,0.023,0,2,90.04,0.52,0.13,40,false,Unsafe,,0.024,0,2,21.72,0.52,0.14,40,false
compare_single_p_907_with_base_x3,compare_single_p_907_resume,base,FMCAD08/Int/memory1/DRAGON_11_e1_2450_e2_1483.lus,Timeout,,,,,,,,,true,Timeout,,,,,,,,,true,Timeout,,,,,,,,,true,Timeout,,,,,,,,,true,Timeout,,,,,,,,,true
compare_single_p_907_with_base_x3,compare_single_p_907_resume,base,FMCAD08/Int/memory1/DRAGON_5_e7_2017_e3_1763.lus,Unsafe,2,0.145,1,42,47.77,0.62,0.20,40,false,Unsafe,1,0.118,1,30,47.98,0.62,0.17,40,false,Unsafe,3,0.177,1,60,49.27,0.63,0.23,40,false,Unsafe,2,0.160,1,42,105.29,0.63,0.50,40,false,Unsafe,2,0.160,1,42,104.35,0.63,0.53,40,false
compare_single_p_907_with_base_x3,compare_single_p_907_resume,base,FMCAD08/Int/memory1/DRAGON_12_e2_1618_e7_4732.lus,Unsafe,,0.024,0,2,56.39,0.54,0.08,40,false,Unsafe,,0.024,0,2,42.71,0.52,0.08,40,false,Unsafe,,0.024,0,2,30.51,0.54,0.09,40,false,Unsafe,,0.023,0,2,21.52,0.53,0.14,40,false,Unsafe,,0.024,0,2,52.60,0.52,0.14,40,false
compare_single_p_907_with_base_x3,compare_single_p_907_resume,base,FMCAD08/Int/memory1/FIREFLY_luke_rt_e1_913_e3_2128.lus,Unsafe,0,0.060,1,22,21.40,0.53,0.11,40,false,Unsafe,0,0.064,1,22,44.16,0.52,0.10,40,false,Unsafe,0,0.062,1,22,46.25,0.52,0.10,40,false,Unsafe,0,0.062,1,22,99.36,0.52,0.22,40,false,Unsafe,0,0.068,1,22,98.89,0.52,0.24,40,false
compare_single_p_907_with_base_x3,compare_single_p_907_resume,base,FMCAD08/Int/memory1/FIREFLY_4_e3_3511.lus,Safe,2,0.075,2,43,45.64,0.52,0.10,0,false,Safe,3 2,0.137,3,114,47.88,0.62,0.16,0,false,Safe,2,0.075,2,44,46.64,0.52,0.10,0,false,Safe,2,0.073,2,43,100.88,0.55,0.28,0,false,Safe,2,0.079,2,43,99.66,0.52,0.26,0,false
compare_single_p_907_with_base_x3,compare_single_p_907_resume,base,FMCAD08/Int/memory1/DRAGON_2_e2_3183_e3_5972.lus,Safe,1,0.061,2,22,51.90,0.52,0.11,0,false,Safe,1,0.065,2,22,42.27,0.52,0.12,0,false,Safe,1,0.063,2,22,43.13,0.52,0.11,0,false,Safe,1,0.061,2,22,57.05,0.52,0.23,0,false,Safe,1,0.066,2,22,53.66,0.52,0.24,0,false
compare_single_p_907_with_base_x3,compare_single_p_907_resume,base,FMCAD08/Int/memory1/DRAGON_11_e1_2450.lus,Timeout,,,,,,,,,true,Timeout,,,,,,,,,true,Timeout,,,,,,,,,true,Timeout,,,,,,,,,true,Timeout,,,,,,,,,true
compare_single_p_907_with_base_x3,compare_single_p_907_resume,base,FMCAD08/Int/memory1/DRAGON_4_e7_2329_e3_4574.lus,Unsafe,0,0.061,1,9,21.53,0.52,0.11,40,false,Unsafe,0,0.064,1,9,33.15,0.52,0.12,40,false,Unsafe,0,0.063,1,9,42.37,0.53,0.12,40,false,Unsafe,0,0.061,1,9,105.28,0.64,0.25,40,false,Unsafe,0,0.072,1,9,58.45,0.52,0.27,40,false
compare_single_p_907_with_base_x3,compare_single_p_907_resume,base,FMCAD08/Int/memory1/FIREFLY_luke_rt_e2_3460_e1_1455.lus,Safe,1,0.052,2,27,47.08,0.66,0.10,0,false,Safe,1,0.056,2,27,46.41,0.53,0.09,0,false,Safe,1,0.051,2,27,44.50,0.54,0.09,0,false,Safe,1,0.051,2,27,99.08,0.52,0.18,0,false,Safe,1,0.055,2,27,99.64,0.52,0.19,0,false
compare_single_p_907_with_base_x3,compare_single_p_907_resume,base,FMCAD08/Int/memory1/DRAGON_4_e2_2799_e7_2499.lus,Unsafe,4,0.196,1,66,55.84,0.75,0.25,40,false,Unsafe,5,0.240,1,81,47.88,0.73,0.29,40,false,Unsafe,4,0.206,1,70,48.38,0.73,0.28,40,false,Unsafe,4,0.209,1,66,105.32,0.74,0.75,40,false,Unsafe,4,0.217,1,66,105.98,0.75,0.71,40,false
compare_single_p_907_with_base_x3,compare_single_p_907_resume,base,FMCAD08/Int/memory1/DRAGON_13.lus,Safe,17 12 9 7 5 4 3 2 1 0,28.277,11,16282,95.40,28.75,27.97,0,false,Safe,48 42 30 14,7.576,5,5212,66.59,8.08,7.44,0,false,Safe,11 6 2 1 0,9.599,6,6594,72.25,10.05,9.53,0,false,Safe,37 32 20,10.303,4,5211,168.70,10.88,30.78,0,false,Safe,17 12 9 7 5 4 3 2 1 0,32.740,11,15877,236.56,33.38,97.85,0,false
compare_single_p_907_with_base_x3,compare_single_p_907_resume,base,FMCAD08/Int/memory1/FIREFLY_luke_1b_e3_671_e4_147.lus,Unsafe,0,0.042,1,9,44.11,0.52,0.08,40,false,Unsafe,0,0.044,1,9,21.24,0.53,0.08,40,false,Unsafe,0,0.041,1,9,45.98,0.52,0.08,40,false,Unsafe,0,0.042,1,9,98.66,0.53,0.16,40,false,Unsafe,0,0.043,1,9,97.75,0.52,0.17,40,false
compare_single_p_907_with_base_x3,compare_single_p_907_resume,base,FMCAD08/Int/memory1/DRAGON_13_e7_2336_e2_1255.lus,Unsafe,,0.024,0,2,40.85,0.54,0.08,40,false,Unsafe,,0.025,0,2,56.27,0.54,0.10,40,false,Unsafe,,0.024,0,2,42.89,0.54,0.08,40,false,Unsafe,,0.024,0,2,30.04,0.52,0.14,40,false,Unsafe,,0.034,0,2,67.61,0.63,0.23,40,false
compare_single_p_907_with_base_x3,compare_single_p_907_resume,base,FMCAD08/Int/memory1/FIREFLY_luke_rt_e2_3460.lus,Unsafe,0,0.064,1,22,44.00,0.52,0.10,40,false,Unsafe,0,0.064,1,22,40.63,0.53,0.10,40,false,Unsafe,0,0.061,1,22,45.76,0.53,0.11,40,false,Unsafe,0,0.062,1,22,101.73,0.52,0.22,40,false,Unsafe,0,0.063,1,22,103.39,0.63,0.22,40,false
compare_single_p_907_with_base_x3,compare_single_p_907_resume,base,FMCAD08/Int/memory1/FIREFLY_9_e7_170_e3_3647.lus,Safe,1,0.050,2,27,45.87,0.52,0.08,0,false,Safe,1,0.051,2,26,40.49,0.52,0.08,0,false,Safe,1,0.083,2,27,42.25,0.53,0.12,0,false,Safe,1,0.049,2,27,94.36,0.53,0.18,0,false,Safe,1,0.052,2,27,91.40,0.53,0.19,0,false
compare_single_p_907_with_base_x3,compare_single_p_907_resume,base,FMCAD08/Int/memory1/DRAGON_all2_e3_4612_e8_5861.lus,Unsafe,,0.028,0,2,51.25,0.52,0.10,40,false,Unsafe,,0.028,0,2,54.77,0.52,0.10,40,false,Unsafe,,0.027,0,2,28.01,0.53,0.15,40,false,Unsafe,,0.027,0,2,52.63,0.53,0.16,40,false,Unsafe,,0.030,0,2,65.52,0.52,0.17,40,false
compare_single_p_907_with_base_x3,compare_single_p_907_resume,base,FMCAD08/Int/memory1/DRAGON_all_e1_4022_e3_3628.lus,Safe,4,0.160,2,67,47.79,0.63,0.21,0,false,Safe,4,0.164,2,63,57.81,0.62,0.21,0,false,Safe,4,0.166,2,65,48.03,0.63,0.22,0,false,Safe,4,0.163,2,67,105.39,0.63,0.53,0,false,Safe,4,0.170,2,67,104.70,0.63,0.56,0,false
compare_single_p_907_with_base_x3,compare_single_p_907_resume,base,FMCAD08/Int/memory1/DRAGON_all2_e7_5406_e3_506.lus,Unsafe,,0.028,0,2,47.39,0.56,0.11,40,false,Unsafe,,0.028,0,2,30.89,0.53,0.11,40,false,Unsafe,,0.027,0,2,21.56,0.54,0.10,40,false,Unsafe,,0.028,0,2,59.89,0.52,0.16,40,false,Unsafe,,0.028,0,2,52.52,0.52,0.17,40,false
compare_single_p_907_with_base_x3,compare_single_p_907_resume,base,FMCAD08/Int/memory1/FIREFLY_all_e2_2924_e1_768.lus,Safe,5,0.127,2,85,47.16,0.63,0.16,0,false,Safe,5,0.127,2,82,47.80,0.62,0.16,0,false,Safe,6,0.150,2,103,47.54,0.62,0.19,0,false,Safe,5,0.131,2,85,103.54,0.64,0.44,0,false,Safe,5,0.138,2,85,103.72,0.63,0.45,0,false
compare_single_p_907_with_base_x3,compare_single_p_907_resume,base,FMCAD08/Int/memory1/FIREFLY_8_e2_1711_e3_1753.lus,Safe,1,0.044,2,24,45.59,0.52,0.07,0,false,Safe,1,0.046,2,24,41.91,0.52,0.08,0,false,Safe,1,0.044,2,24,32.34,0.54,0.10,0,false,Safe,1,0.044,2,24,20.13,0.53,0.16,0,false,Safe,1,0.047,2,24,34.24,0.54,0.19,0,false
compare_single_p_907_with_base_x3,compare_single_p_907_resume,base,FMCAD08/Int/memory1/DRAGON_1_e2_1997.lus,Safe,2,0.088,2,43,43.42,0.63,0.14,0,false,Safe,2,0.086,2,39,54.78,0.53,0.13,0,false,Safe,2,0.130,2,41,56.16,0.63,0.17,0,false,Safe,2,0.091,2,43,66.85,0.52,0.30,0,false,Safe,2,0.089,2,43,104.86,0.63,0.32,0,false
compare_single_p_907_with_base_x3,compare_single_p_907_resume,base,FMCAD08/Int/memory1/FIREFLY_4_e3_3511_e4_1464.lus,Unsafe,10 4,0.585,2,473,48.74,1.05,0.61,40,false,Unsafe,12 5,0.829,2,628,49.52,1.35,0.84,40,false,Unsafe,6 2,0.372,2,266,48.39,0.84,0.45,40,false,Unsafe,7 2,0.422,2,319,106.90,0.84,1.29,40,false,Unsafe,10 4,0.648,2,473,110.36,1.15,1.97,40,false
compare_single_p_907_with_base_x3,compare_single_p_907_resume,base,FMCAD08/Int/memory1/DRAGON_7_e2_2872_e2_5844.lus,Safe,3,0.117,2,58,47.98,0.64,0.17,0,false,Safe,3,0.117,2,53,48.02,0.62,0.17,0,false,Safe,3,0.114,2,56,48.18,0.65,0.16,0,false,Safe,3,0.118,2,58,104.02,0.63,0.39,0,false,Safe,3,0.122,2,58,104.58,0.63,0.41,0,false
compare_single_p_907_with_base_x3,compare_single_p_907_resume,base,FMCAD08/Int/memory1/DRAGON_1_e1_5070.lus,Safe,1,0.061,2,25,32.66,0.53,0.12,0,false,Safe,1,0.061,2,24,41.66,0.62,0.11,0,false,Safe,1,0.060,2,25,51.79,0.52,0.11,0,false,Safe,1,0.060,2,25,20.16,0.52,0.22,0,false,Safe,1,0.061,2,25,51.05,0.52,0.23,0,false
compare_single_p_907_with_base_x3,compare_single_p_907_resume,base,FMCAD08/Int/memory1/DRAGON_10_e3_144_e5_2046.lus,Safe,2,0.087,2,39,46.05,0.64,0.14,0,false,Safe,2,0.088,2,39,47.75,0.54,0.14,0,false,Safe,2,0.094,2,39,47.62,0.63,0.17,0,false,Safe,2,0.097,2,39,102.55,0.64,0.35,0,false,Safe,2,0.093,2,39,66.73,0.52,0.33,0,false
compare_single_p_907_with_base_x3,compare_single_p_907_resume,base,FMCAD08/Int/memory1/FIREFLY_all_e3_1600_e2_676.lus,Unsafe,0,0.046,1,9,43.70,0.53,0.09,40,false,Unsafe,0,0.047,1,9,21.77,0.53,0.09,40,false,Unsafe,0,0.046,1,9,44.04,0.52,0.09,40,false,Unsafe,0,0.046,1,9,94.19,0.52,0.17,40,false,Unsafe,0,0.048,1,9,100.23,0.52,0.18,40,false
compare_single_p_907_with_base_x3,compare_single_p_907_resume,base,FMCAD08/Int/memory1/DRAGON_all2_e2_2073_e8_3691.lus,Unsafe,,0.029,0,2,69.62,0.52,0.10,40,false,Unsafe,,0.028,0,2,38.00,0.54,0.11,40,false,Unsafe,,0.027,0,2,69.75,0.52,0.10,40,false,Unsafe,,0.028,0,2,69.69,0.53,0.16,40,false,Unsafe,,0.031,0,2,53.78,0.52,0.17,40,false
compare_single_p_907_with_base_x3,compare_single_p_907_resume,base,FMCAD08/Int/memory1/DRAGON_4_e3_1540_e1_5048.lus,Safe,29 25 19 10,2.717,5,2405,56.98,3.24,2.73,0,false,Safe,47 42 35 17,5.624,5,4402,61.92,6.11,5.49,0,false,Safe,20 15 9 5,3.216,5,2696,59.42,3.73,3.22,0,false,Safe,29 25 19 10,2.927,5,2365,127.31,3.46,8.95,0,false,Safe,26 22 16 9,2.732,5,2232,125.68,3.24,8.20,0,false
compare_single_p_907_with_base_x3,compare_single_p_907_resume,base,FMCAD08/Int/memory1/DRAGON_13_e7_2336_e3_3117.lus,Unsafe,,0.024,0,2,29.02,0.53,0.11,40,false,Unsafe,,0.026,0,2,40.66,0.52,0.08,40,false,Unsafe,,0.023,0,2,21.52,0.53,0.08,40,false,Unsafe,,0.023,0,2,31.26,0.53,0.14,40,false,Unsafe,,0.024,0,2,21.91,0.52,0.14,40,false
compare_single_p_907_with_base_x3,compare_single_p_907_resume,base,FMCAD08/Int/memory1/FIREFLY_a3_e3_314_e1_1979.lus,Unsafe,9 4,0.723,2,508,49.67,1.15,0.75,40,false,Unsafe,13 6,1.100,2,773,50.94,1.56,1.10,40,false,Unsafe,9 4,0.703,2,502,49.26,1.14,0.73,40,false,Unsafe,10 5,0.831,2,561,110.79,1.26,2.38,40,false,Unsafe,9 4,0.784,2,510,110.91,1.25,2.37,40,false
compare_single_p_907_with_base_x3,compare_single_p_907_resume,base,FMCAD08/Int/memory1/FIREFLY_u1_e2_3403_e2_957.lus,Safe,36 32 28 23 15 8,5.117,7,4477,60.15,5.62,5.08,0,false,Safe,23 19 11,1.426,4,1420,52.00,1.86,1.40,0,false,Safe,"138 134 130 128 127 125 121 116 109
                                            99 86 70 51 30",226.137,15,48700,177.42,226.61,224.11,0,false,Safe,20 16 9,1.353,4,1308,113.57,1.77,3.85,0,false,Safe,19 15 11 7,2.087,5,1847,119.07,2.51,6.04,0,false
compare_single_p_907_with_base_x3,compare_single_p_907_resume,base,FMCAD08/Int/memory1/FIREFLY_luke_1a.lus,Timeout,,,,,,,,,true,Timeout,,,,,,,,,true,Timeout,,,,,,,,,true,Timeout,,,,,,,,,true,Timeout,,,,,,,,,true
compare_single_p_907_with_base_x3,compare_single_p_907_resume,base,FMCAD08/Int/memory1/FIREFLY_rt_e3_1770_e2_637.lus,Safe,10 8 5,0.549,4,602,49.11,1.04,0.56,0,false,Safe,11 9 5,0.652,4,692,49.39,1.15,0.65,0,false,Safe,10 8 5,0.551,4,600,49.86,1.07,0.57,0,false,Safe,10 8 5,0.570,4,602,108.27,1.06,1.79,0,false,Safe,10 8 5,0.616,4,602,109.35,1.05,1.85,0,false
compare_single_p_907_with_base_x3,compare_single_p_907_resume,base,FMCAD08/Int/memory1/DRAGON_14_e7_3162_e3_4298.lus,Unsafe,16 9,0.862,2,532,50.24,1.35,0.90,40,false,Unsafe,15 9,0.656,2,403,49.86,1.14,0.69,40,false,Unsafe,14 7,0.613,2,367,49.86,1.14,0.65,40,false,Unsafe,14 8,0.707,2,413,109.43,1.15,2.03,40,false,Unsafe,13 8,0.689,2,346,107.60,1.05,2.02,40,false
compare_single_p_907_with_base_x3,compare_single_p_907_resume,base,FMCAD08/Int/memory1/DRAGON_1_e2_1997_e7_3613_e2_3409.lus,Safe,1,0.061,2,25,53.03,0.52,0.11,0,false,Safe,1,0.063,2,24,49.07,0.52,0.11,0,false,Safe,1,0.063,2,25,44.94,0.53,0.12,0,false,Safe,1,0.063,2,25,56.16,0.52,0.23,0,false,Safe,1,0.066,2,25,52.17,0.52,0.25,0,false
compare_single_p_907_with_base_x3,compare_single_p_907_resume,base,FMCAD08/Int/memory1/FIREFLY_luke_1b_e3_671_e7_1882.lus,Unsafe,,0.020,0,2,46.73,0.52,0.06,40,false,Unsafe,,0.020,0,2,21.17,0.53,0.07,40,false,Unsafe,,0.020,0,2,21.06,0.53,0.07,40,false,Unsafe,,0.019,0,2,88.16,0.54,0.11,40,false,Unsafe,,0.019,0,2,64.35,0.54,0.11,40,false
compare_single_p_907_with_base_x3,compare_single_p_907_resume,base,FMCAD08/Int/memory1/DRAGON_all2_e3_4612_e3_1543.lus,Timeout,,,,,,,,,true,Timeout,,,,,,,,,true,Timeout,,,,,,,,,true,Timeout,,,,,,,,,true,Timeout,,,,,,,,,true
compare_single_p_907_with_base_x3,compare_single_p_907_resume,base,FMCAD08/Int/memory1/DRAGON_7_e7_3157_e2_2082.lus,Safe,3,0.130,2,60,47.61,0.62,0.18,0,false,Safe,3,0.123,2,55,48.12,0.63,0.18,0,false,Safe,3,0.128,2,60,48.15,0.63,0.18,0,false,Safe,3,0.127,2,60,105.34,0.63,0.42,0,false,Safe,3,0.137,2,60,104.38,0.63,0.45,0,false
compare_single_p_907_with_base_x3,compare_single_p_907_resume,base,FMCAD08/Int/memory1/FIREFLY_luke_1b_e1_1691.lus,Unsafe,0,0.045,1,9,21.18,0.52,0.08,40,false,Unsafe,0,0.045,1,9,21.18,0.52,0.08,40,false,Unsafe,0,0.042,1,9,45.46,0.52,0.08,40,false,Unsafe,0,0.043,1,9,98.07,0.54,0.17,40,false,Unsafe,0,0.044,1,9,93.97,0.52,0.17,40,false
compare_single_p_907_with_base_x3,compare_single_p_907_resume,base,FMCAD08/Int/memory1/FIREFLY_all_e2_2924_e3_3946.lus,Unsafe,2,0.096,1,42,45.71,0.52,0.13,40,false,Unsafe,2,0.099,1,42,43.91,0.52,0.14,40,false,Unsafe,1,0.078,1,29,38.80,0.55,0.12,40,false,Unsafe,2,0.103,1,42,51.82,0.53,0.34,40,false,Unsafe,2,0.102,1,42,102.97,0.63,0.35,40,false
compare_single_p_907_with_base_x3,compare_single_p_907_resume,base,FMCAD08/Int/memory1/FIREFLY_luke_1b_e2_3049_e2_698.lus,Unsafe,0,0.042,1,9,46.27,0.52,0.08,40,false,Unsafe,0,0.051,1,9,45.57,0.54,0.10,40,false,Unsafe,0,0.043,1,9,45.11,0.53,0.08,40,false,Unsafe,0,0.046,1,9,101.91,0.53,0.17,40,false,Unsafe,0,0.046,1,9,34.74,0.52,0.20,40,false
compare_single_p_907_with_base_x3,compare_single_p_907_resume,base,FMCAD08/Int/memory1/FIREFLY_5_e2_2884_e2_1492.lus,Safe,2,0.063,2,41,43.97,0.52,0.09,0,false,Safe,2,0.061,2,39,31.60,0.52,0.09,0,false,Safe,2,0.065,2,41,43.41,0.52,0.10,0,false,Safe,2,0.068,2,41,102.27,0.64,0.25,0,false,Safe,2,0.071,2,41,93.34,0.52,0.24,0,false
compare_single_p_907_with_base_x3,compare_single_p_907_resume,base,FMCAD08/Int/memory1/FIREFLY_luke_1a_e7_3042_e3_1213.lus,Timeout,"61 59 57 54 52 49 47 45 43 41 40 39
                                            38 37 36",190.424,15,45903,250.94,300.22,69.13,30,true,Timeout,15 14 13 12 11 10,2.083,6,1926,284.47,300.22,80.08,30,true,Safe,33 32 29 26 24 21 16 9,10.693,9,6899,70.71,11.20,10.65,0,false,Safe,22 20 18 16 13 11 9 8,12.831,9,7063,173.22,13.36,31.07,0,false,Timeout,42 41 40 39 38 37 36 35 34 33 32,207.489,11,28915,638.49,302.26,1.68,1,true
compare_single_p_907_with_base_x3,compare_single_p_907_resume,base,FMCAD08/Int/memory1/DRAGON_3_e3_3846.lus,Safe,1,0.067,2,25,53.28,0.52,0.12,0,false,Safe,1,0.071,2,25,45.03,0.52,0.12,0,false,Safe,1,0.068,2,25,20.08,0.52,0.12,0,false,Safe,1,0.067,2,25,29.03,0.52,0.24,0,false,Safe,1,0.075,2,25,51.29,0.52,0.27,0,false
compare_single_p_907_with_base_x3,compare_single_p_907_resume,base,FMCAD08/Int/memory1/FIREFLY_5_e1_2552_e7_1169.lus,Safe,1,0.047,2,25,46.65,0.53,0.08,0,false,Safe,1,0.048,2,24,31.83,0.52,0.08,0,false,Safe,1,0.047,2,25,47.17,0.53,0.08,0,false,Safe,1,0.048,2,25,101.91,0.52,0.16,0,false,Safe,1,0.050,2,25,101.22,0.52,0.18,0,false
compare_single_p_907_with_base_x3,compare_single_p_907_resume,base,FMCAD08/Int/memory1/FIREFLY_3_e2_2236_e1_2305.lus,Safe,1,0.046,2,25,44.25,0.52,0.07,0,false,Safe,1,0.046,2,24,43.97,0.52,0.08,0,false,Safe,1,0.046,2,25,45.50,0.52,0.07,0,false,Safe,1,0.045,2,25,99.82,0.53,0.16,0,false,Safe,1,0.050,2,25,94.20,0.54,0.18,0,false
compare_single_p_907_with_base_x3,compare_single_p_907_resume,base,FMCAD08/Int/memory1/FIREFLY_all_e3_1600_e3_2055.lus,Unsafe,0,0.064,1,18,44.20,0.52,0.10,40,false,Unsafe,0,0.066,1,18,43.70,0.52,0.10,40,false,Unsafe,2,0.100,1,41,42.04,0.55,0.15,40,false,Unsafe,0,0.064,1,18,101.19,0.52,0.25,40,false,Unsafe,0,0.077,1,18,91.22,0.52,0.27,40,false
compare_single_p_907_with_base_x3,compare_single_p_907_resume,base,FMCAD08/Int/memory1/FIREFLY_luke_1b_e2_3049_e1_946.lus,Safe,1,0.045,2,22,45.91,0.53,0.08,0,false,Safe,1,0.046,2,22,43.86,0.52,0.08,0,false,Safe,1,0.045,2,22,44.11,0.54,0.08,0,false,Safe,1,0.044,2,22,99.07,0.52,0.16,0,false,Safe,1,0.046,2,22,20.15,0.53,0.17,0,false
compare_single_p_907_with_base_x3,compare_single_p_907_resume,base,FMCAD08/Int/memory1/FIREFLY_1_e1_1092.lus,Unsafe,0,0.052,1,15,44.07,0.53,0.09,40,false,Unsafe,0,0.055,1,15,31.98,0.53,0.10,40,false,Unsafe,0,0.054,1,15,45.73,0.52,0.09,40,false,Unsafe,0,0.070,1,15,90.66,0.53,0.27,40,false,Unsafe,0,0.057,1,15,100.60,0.52,0.21,40,false
compare_single_p_907_with_base_x3,compare_single_p_907_resume,base,FMCAD08/Int/memory1/DRAGON_10.lus,Safe,2,0.084,2,39,41.40,0.52,0.13,0,false,Safe,2,0.088,2,39,52.90,0.62,0.14,0,false,Safe,2,0.090,2,39,48.03,0.62,0.14,0,false,Safe,2,0.084,2,39,104.11,0.63,0.32,0,false,Safe,2,0.091,2,39,65.62,0.63,0.32,0,false
compare_single_p_907_with_base_x3,compare_single_p_907_resume,base,FMCAD08/Int/simulation/metros_4_e1_917.lus,Timeout,69 66 53 41 38 34,225.396,6,40529,254.51,300.23,76.43,30,true,Timeout,86 83 81 79 75 73 69 66 60 50 38,247.326,11,52672,246.95,302.29,1.36,1,true,Timeout,37 34 27 24 21 16 13 10 9 8 7 6,291.057,12,41101,224.65,302.25,1.24,1,true,Timeout,88 85 83 79 72 61 30,52.483,7,18198,688.99,302.27,1.67,1,true,Timeout,28 25 21 17 15 13 11 9 7 5 3 2,84.174,12,21187,641.03,302.27,1.68,1,true
compare_single_p_907_with_base_x3,compare_single_p_907_resume,base,FMCAD08/Int/simulation/metros_1_e1_846_e2_1394.lus,Safe,7 4 2,0.946,4,1003,51.52,1.35,0.94,0,false,Safe,8 4 3,1.144,4,1164,51.74,1.66,1.11,0,false,Safe,5 3 2,0.715,4,719,49.70,1.14,0.71,0,false,Safe,6 3 1,0.804,3,785,110.68,1.25,2.46,0,false,Safe,7 4 2,1.048,4,1003,114.18,1.46,3.07,0,false
compare_single_p_907_with_base_x3,compare_single_p_907_resume,base,FMCAD08/Int/simulation/car_4_e7_592_e7_265.lus,Safe,2,0.044,2,34,46.25,0.52,0.06,0,false,Safe,2,0.044,2,33,46.26,0.52,0.06,0,false,Safe,2,0.042,2,34,46.39,0.52,0.06,0,false,Safe,2,0.043,2,34,100.11,0.52,0.14,0,false,Safe,2,0.045,2,34,100.58,0.52,0.15,0,false
compare_single_p_907_with_base_x3,compare_single_p_907_resume,base,FMCAD08/Int/simulation/car_all_e8_856.lus,Safe,5 2,0.285,3,355,47.95,0.73,0.29,0,false,Safe,5 2,0.248,3,294,47.81,0.73,0.24,0,false,Safe,5 2,0.278,3,337,48.40,0.73,0.28,0,false,Safe,5 2,0.315,3,355,104.76,0.74,0.87,0,false,Safe,5 2,0.310,3,355,105.20,0.73,0.91,0,false
compare_single_p_907_with_base_x3,compare_single_p_907_resume,base,FMCAD08/Int/simulation/PRODUCER_CONSUMER_all.lus,Safe,2,0.053,2,41,46.10,0.52,0.07,0,false,Safe,2,0.055,2,41,42.10,0.52,0.07,0,false,Safe,2,0.053,2,43,46.41,0.54,0.08,0,false,Safe,2,0.052,2,41,100.34,0.52,0.17,0,false,Safe,2,0.054,2,41,20.13,0.52,0.18,0,false
compare_single_p_907_with_base_x3,compare_single_p_907_resume,base,FMCAD08/Int/simulation/car_4_e3_57_e6_784.lus,Safe,2,0.045,2,39,46.00,0.55,0.07,0,false,Safe,2,0.046,2,37,19.20,0.54,0.08,0,false,Safe,2,0.045,2,39,46.05,0.54,0.07,0,false,Safe,2,0.045,2,39,100.98,0.52,0.14,0,false,Safe,2,0.047,2,39,101.31,0.52,0.15,0,false
compare_single_p_907_with_base_x3,compare_single_p_907_resume,base,FMCAD08/Int/simulation/metros_2_e1_190.lus,Safe,16 13 11 9 8 7 6 5 4 3 2 1 0,69.065,14,27779,128.04,69.57,68.42,0,false,Safe,20 17 14 12 11 10 9 8 7 6 5 4 3 1 0,115.536,16,35276,148.42,116.02,113.56,0,false,Safe,19 15 13 11 10 9 8 7 6 5 4 3 1 0,90.762,15,32038,140.82,91.23,89.87,0,false,Safe,19 15 13 11 10 9 8 7 6 5,27.621,10,13592,224.47,28.56,69.32,0,false,Safe,17 12 10 8 7 6 5 4 3 2 1 0,75.133,13,26135,341.60,75.87,181.10,0,false
compare_single_p_907_with_base_x3,compare_single_p_907_resume,base,FMCAD08/Int/simulation/metros_4_e3_1025.lus,Timeout,7 3 2,0.832,3,838,389.07,302.27,1.25,1,true,Unsafe,54 42 8,71.779,3,11031,157.28,72.28,70.69,40,false,Unsafe,47 27 12 4,28.571,4,6802,106.10,29.00,28.14,40,false,Unsafe,35 32 30 28 26 24 21 19 17 15 8,72.330,11,22637,402.52,84.80,155.10,40,false,Timeout,19 16 14 10 5,8.984,5,5499,759.50,302.27,1.66,1,true
compare_single_p_907_with_base_x3,compare_single_p_907_resume,base,FMCAD08/Int/simulation/car_3_e8_33_e1_856.lus,Unsafe,0,0.043,1,9,20.58,0.53,0.08,40,false,Unsafe,0,0.028,1,9,44.75,0.53,0.05,40,false,Unsafe,0,0.026,1,9,46.75,0.53,0.05,40,false,Unsafe,0,0.039,1,9,21.21,0.53,0.17,40,false,Unsafe,0,0.026,1,9,100.66,0.53,0.10,40,false
compare_single_p_907_with_base_x3,compare_single_p_907_resume,base,FMCAD08/Int/simulation/car_5_e7_244_e2_693.lus,Unsafe,8 1,0.474,2,373,48.64,0.94,0.49,40,false,Unsafe,8 1,0.511,2,373,48.18,0.94,0.51,40,false,Unsafe,8 1,0.496,2,381,48.77,1.04,0.52,40,false,Unsafe,8 1,0.507,2,373,106.68,0.94,1.55,40,false,Unsafe,8 1,0.514,2,373,106.27,0.96,1.55,40,false
compare_single_p_907_with_base_x3,compare_single_p_907_resume,base,FMCAD08/Int/simulation/metros_4_e2_968_e5_991.lus,Timeout,34 32 25 15 13 12 11 10 9 8 7 6 5 4,290.240,14,37276,197.04,302.28,1.30,1,true,Unsafe,48 28 11,28.408,3,5817,98.96,28.88,27.84,40,false,Unsafe,75 58 39 8,55.724,4,11893,138.09,56.19,55.04,40,false,Unsafe,112 101 55 30 8,128.625,5,18864,432.90,129.43,212.44,40,false,Unsafe,7 5 3 2,1.097,4,1068,450.70,124.72,209.16,40,false
compare_single_p_907_with_base_x3,compare_single_p_907_resume,base,FMCAD08/Int/simulation/PRODUCER_CONSUMER_3.lus,Safe,1,0.035,2,22,46.45,0.52,0.05,0,false,Safe,1,0.038,2,22,43.85,0.52,0.06,0,false,Safe,1,0.036,2,22,46.22,0.52,0.05,0,false,Safe,1,0.036,2,22,101.19,0.52,0.12,0,false,Safe,1,0.035,2,22,100.47,0.52,0.12,0,false
compare_single_p_907_with_base_x3,compare_single_p_907_resume,base,FMCAD08/Int/simulation/metros_1_e1_846_e1_1317.lus,Safe,13 11,0.471,3,448,48.84,0.95,0.49,0,false,Safe,8 5 4 3,1.444,5,1531,53.48,1.99,1.38,0,false,Safe,10 8 6,1.120,4,1101,53.67,1.56,1.10,0,false,Safe,11 9,0.441,3,397,106.29,0.94,1.45,0,false,Safe,13 11,0.527,3,448,108.49,0.94,1.57,0,false
compare_single_p_907_with_base_x3,compare_single_p_907_resume,base,FMCAD08/Int/simulation/car_all_e3_1068_e4_275.lus,Safe,3 1,0.199,3,242,46.65,0.62,0.21,0,false,Safe,2 1,0.165,3,174,46.47,0.63,0.17,0,false,Safe,3 1,0.163,3,200,46.65,0.64,0.17,0,false,Safe,3 1,0.207,3,242,102.39,0.63,0.52,0,false,Safe,3 1,0.217,3,242,102.00,0.74,0.64,0,false
compare_single_p_907_with_base_x3,compare_single_p_907_resume,base,FMCAD08/Int/simulation/PRODUCER_CONSUMER_vt_e7_1059_e8_1111.lus,Timeout,,,,,,,,,true,Timeout,,,,,,,,,true,Timeout,,,,,,,,,true,Timeout,,,,,,,,,true,Timeout,,,,,,,,,true
compare_single_p_907_with_base_x3,compare_single_p_907_resume,base,FMCAD08/Int/simulation/metros_4_e1_821_e5_911.lus,Timeout,,,,,,,,,true,Timeout,,,,,,,,,true,Timeout,,,,,,,,,true,Timeout,,,,,,,,,true,Timeout,,,,,,,,,true
compare_single_p_907_with_base_x3,compare_single_p_907_resume,base,FMCAD08/Int/simulation/car_3_e7_626.lus,Safe,2 1,0.080,3,99,46.27,0.52,0.10,0,false,Safe,2 1,0.077,3,89,44.38,0.52,0.09,0,false,Safe,2 1,0.079,3,99,46.26,0.52,0.09,0,false,Safe,2 1,0.081,3,99,101.14,0.52,0.24,0,false,Safe,2 1,0.085,3,99,99.95,0.53,0.26,0,false
compare_single_p_907_with_base_x3,compare_single_p_907_resume,base,FMCAD08/Int/simulation/PRODUCER_CONSUMER_vt.lus,Timeout,,,,,,,,,true,Timeout,,,,,,,,,true,Timeout,,,,,,,,,true,Timeout,,,,,,,,,true,Timeout,,,,,,,,,true
compare_single_p_907_with_base_x3,compare_single_p_907_resume,base,FMCAD08/Int/simulation/metros_4.lus,Timeout,,,,,,,,,true,Timeout,,,,,,,,,true,Timeout,,,,,,,,,true,Timeout,,,,,,,,,true,Timeout,,,,,,,,,true
compare_single_p_907_with_base_x3,compare_single_p_907_resume,base,FMCAD08/Int/simulation/car_2_e8_491_e7_826.lus,Safe,3 2,0.076,3,95,45.75,0.52,0.09,0,false,Safe,3 2,0.076,3,89,46.38,0.52,0.09,0,false,Safe,3 2,0.078,3,98,46.25,0.54,0.09,0,false,Safe,3 2,0.081,3,95,88.60,0.53,0.24,0,false,Safe,3 2,0.081,3,95,100.16,0.52,0.25,0,false
compare_single_p_907_with_base_x3,compare_single_p_907_resume,base,FMCAD08/Int/simulation/car_all.lus,Safe,4 1,0.260,3,323,48.06,0.73,0.26,0,false,Safe,4 1,0.277,3,327,47.62,0.73,0.27,0,false,Safe,3 1,0.211,3,249,47.15,0.64,0.22,0,false,Safe,4 1,0.280,3,323,102.64,0.63,0.77,0,false,Safe,4 1,0.283,3,323,105.34,0.74,0.83,0,false
compare_single_p_907_with_base_x3,compare_single_p_907_resume,base,FMCAD08/Int/simulation/car_all_e8_856_e3_180.lus,Unsafe,,0.014,0,2,20.25,0.42,0.04,40,false,Unsafe,,0.014,0,2,44.90,0.52,0.04,40,false,Unsafe,,0.031,0,2,32.56,0.44,0.07,40,false,Unsafe,,0.013,0,2,60.66,0.54,0.07,40,false,Unsafe,,0.013,0,2,60.39,0.52,0.07,40,false
compare_single_p_907_with_base_x3,compare_single_p_907_resume,base,FMCAD08/Int/simulation/metros_3.lus,Timeout,,,,,,,,,true,Timeout,,,,,,,,,true,Timeout,,,,,,,,,true,Timeout,,,,,,,,,true,Timeout,,,,,,,,,true
compare_single_p_907_with_base_x3,compare_single_p_907_resume,base,FMCAD08/Int/simulation/car_5_e2_405_e8_1055.lus,Unsafe,8 1,0.518,2,391,48.27,0.94,0.53,40,false,Unsafe,8 1,0.548,2,391,49.01,1.04,0.54,40,false,Unsafe,8 1,0.518,2,399,48.30,0.95,0.54,40,false,Unsafe,8 1,0.529,2,391,106.61,0.94,1.62,40,false,Unsafe,8 1,0.553,2,391,106.68,1.05,1.66,40,false
compare_single_p_907_with_base_x3,compare_single_p_907_resume,base,FMCAD08/Int/simulation/metros_1_e8_725_e3_556.lus,Safe,1 0,0.157,3,151,46.89,0.63,0.17,0,false,Safe,1 0,0.151,3,148,47.33,0.62,0.16,0,false,Safe,1 0,0.147,3,151,47.75,0.65,0.17,0,false,Safe,1 0,0.154,3,151,102.81,0.63,0.45,0,false,Safe,1 0,0.166,3,151,103.00,0.63,0.50,0,false
compare_single_p_907_with_base_x3,compare_single_p_907_resume,base,FMCAD08/Int/simulation/metros_4_e3_1091_e3_522.lus,Safe,10 7,0.383,3,354,48.69,0.83,0.39,0,false,Safe,8 4,0.368,3,406,47.82,0.83,0.36,0,false,Safe,8 4,0.390,3,412,48.37,0.95,0.43,0,false,Safe,8 5,0.308,3,312,104.41,0.73,1.05,0,false,Safe,10 7,0.386,3,354,107.23,0.85,1.16,0,false
compare_single_p_907_with_base_x3,compare_single_p_907_resume,base,FMCAD08/Int/simulation/metros_2_e2_704_e7_810.lus,Unsafe,20 9 3,2.742,3,1880,58.66,3.22,2.73,40,false,Unsafe,41 7,18.091,2,4676,88.08,18.53,17.65,40,false,Unsafe,50 30 10,16.280,3,6146,87.73,16.78,16.05,40,false,Unsafe,20 9 5,3.905,3,2461,138.44,4.28,11.12,40,false,Unsafe,20 9 3,3.267,3,1880,136.47,3.77,9.80,40,false
compare_single_p_907_with_base_x3,compare_single_p_907_resume,base,FMCAD08/Int/simulation/metros_4_e2_968_e6_236.lus,Unsafe,42 8,27.338,2,6827,99.01,27.84,27.02,40,false,Unsafe,27 1,11.843,2,3398,75.48,12.32,11.50,40,false,Timeout,35 26 19 14 11 10 9 8 7 6 5 4,281.023,12,40545,233.62,300.21,95.97,30,true,Unsafe,1,0.042,1,16,181.97,14.31,33.84,40,false,Unsafe,26 0,16.015,2,3512,187.26,16.75,32.43,40,false
compare_single_p_907_with_base_x3,compare_single_p_907_resume,base,FMCAD08/Int/simulation/metros_2_e1_1116_e1_556.lus,Unsafe,50 36 27 19 14 6,40.387,6,14295,115.19,40.91,39.96,40,false,Unsafe,37 30 27 25 20 15 8,16.978,7,9544,86.96,17.49,16.40,40,false,Unsafe,21 14 12 10 9 6 3,12.151,7,7903,78.99,12.65,11.98,40,false,Unsafe,24 18 14 11 9 6 2,19.760,7,10563,215.14,20.40,47.38,40,false,Unsafe,15 11 6 4 3 2 0,17.751,7,8460,203.18,18.54,53.30,40,false
compare_single_p_907_with_base_x3,compare_single_p_907_resume,base,FMCAD08/Int/simulation/metros_2_e2_704_e1_389.lus,Unsafe,24 16 10 6 2,6.114,5,3927,68.29,6.54,6.03,40,false,Unsafe,26 12 3,11.064,3,3548,75.07,11.49,10.75,40,false,Unsafe,33 21 13 5,9.053,4,4184,73.41,9.53,8.89,40,false,Unsafe,33 24 9,4.852,3,3012,141.89,5.24,14.39,40,false,Unsafe,25 12 6,5.204,3,2360,142.18,5.55,15.37,40,false
compare_single_p_907_with_base_x3,compare_single_p_907_resume,base,FMCAD08/Int/simulation/car_6_e2_589_e2_506.lus,Unsafe,11 2,0.526,2,459,48.48,0.94,0.54,40,false,Unsafe,11 2,0.571,2,453,49.13,1.04,0.56,40,false,Unsafe,11 2,0.521,2,449,48.86,1.06,0.54,40,false,Unsafe,11 2,0.583,2,459,108.36,1.04,1.74,40,false,Unsafe,11 2,0.629,2,459,107.41,1.05,1.89,40,false
compare_single_p_907_with_base_x3,compare_single_p_907_resume,base,FMCAD08/Int/simulation/speed_e7_207.lus,Safe,0,0.026,2,12,44.09,0.52,0.04,0,false,Safe,0,0.026,2,12,44.08,0.52,0.04,0,false,Safe,0,0.025,2,12,32.24,0.52,0.04,0,false,Safe,0,0.024,2,12,59.25,0.53,0.07,0,false,Safe,0,0.025,2,12,93.60,0.54,0.09,0,false
compare_single_p_907_with_base_x3,compare_single_p_907_resume,base,FMCAD08/Int/simulation/metros_3_e3_1275_e1_1350.lus,Timeout,18 16 13 12 11 10 9 8 7 6 5 3,52.494,12,20189,322.87,300.23,88.76,30,true,Timeout,22 20 15 13 10 9 8 7 6 5 4 2,49.958,12,17630,355.79,300.24,92.97,30,true,Unsafe,139 135 110 65 26,152.829,5,30448,201.44,153.32,151.55,40,false,Unsafe,9 6 5 3,1.272,4,1251,318.18,57.10,105.69,40,false,Unsafe,59 56 52 47 41 34 27 22 17 11 4,61.177,11,20224,308.99,61.64,182.22,40,false
compare_single_p_907_with_base_x3,compare_single_p_907_resume,base,FMCAD08/Int/simulation/metros_1_e1_846_e7_397.lus,Safe,4 1 0,0.997,4,1087,52.37,1.46,0.98,0,false,Safe,11 9 6,0.911,4,1020,51.09,1.35,0.90,0,false,Safe,16 15,0.440,3,392,49.17,0.93,0.45,0,false,Safe,5 2 0,0.989,4,935,112.90,1.36,2.71,0,false,Safe,4 1 0,1.174,4,1087,117.25,1.67,3.48,0,false
compare_single_p_907_with_base_x3,compare_single_p_907_resume,base,FMCAD08/Int/simulation/metros_2_e2_968.lus,Unsafe,50 37 28 21 16 13 10 7 3,45.466,9,14838,116.84,45.93,44.88,40,false,Unsafe,47 25 8,21.432,3,6790,95.05,21.85,21.13,40,false,Unsafe,47 35 22 6,13.264,4,5713,81.61,13.77,13.05,40,false,Unsafe,15 9,0.525,2,519,199.97,18.61,35.22,40,false,Unsafe,19 14 12 11 10 9 8 7 6 5,36.686,11,15063,249.07,37.37,90.38,40,false
compare_single_p_907_with_base_x3,compare_single_p_907_resume,base,FMCAD08/Int/simulation/cd_e7_621_e7_669.lus,Unsafe,9 8 7 6 5 4 2 0,1.279,8,1814,52.01,1.79,1.29,40,false,Unsafe,17 12 7 2,0.720,4,926,49.36,1.15,0.71,40,false,Unsafe,11 2,0.381,2,430,48.25,0.83,0.39,40,false,Unsafe,9 2,0.339,2,341,105.46,0.84,1.08,40,false,Unsafe,11 2,0.440,2,430,104.79,0.94,1.33,40,false
compare_single_p_907_with_base_x3,compare_single_p_907_resume,base,FMCAD08/Int/simulation/car_all_e3_1068_e3_163.lus,Unsafe,,0.014,0,2,32.55,0.52,0.04,40,false,Unsafe,,0.013,0,2,32.69,0.53,0.04,40,false,Unsafe,,0.013,0,2,32.78,0.52,0.04,40,false,Unsafe,,0.013,0,2,60.67,0.52,0.07,40,false,Unsafe,,0.015,0,2,60.32,0.52,0.08,40,false
compare_single_p_907_with_base_x3,compare_single_p_907_resume,base,FMCAD08/Int/simulation/metros_2_e2_704_e2_13.lus,Safe,6 5 2,0.812,4,919,50.79,1.25,0.80,0,false,Safe,5 3 1,0.924,4,1145,51.62,1.35,0.91,0,false,Safe,4 3 1,0.716,4,844,50.82,1.15,0.72,0,false,Safe,4 3 1,0.787,4,855,111.50,1.15,2.26,0,false,Safe,6 5 2,0.921,4,920,111.34,1.36,2.74,0,false
compare_single_p_907_with_base_x3,compare_single_p_907_resume,base,FMCAD08/Int/simulation/metros_4_e5_1150.lus,Timeout,,,,,,,,,true,Timeout,,,,,,,,,true,Timeout,,,,,,,,,true,Timeout,,,,,,,,,true,Timeout,,,,,,,,,true
compare_single_p_907_with_base_x3,compare_single_p_907_resume,base,FMCAD08/Int/simulation/hysteresis_1.lus,Safe,0,0.025,2,12,44.47,0.53,0.04,0,false,Safe,0,0.026,2,12,43.97,0.52,0.04,0,false,Safe,0,0.025,2,12,21.23,0.55,0.06,0,false,Safe,0,0.025,2,12,94.89,0.52,0.08,0,false,Safe,0,0.026,2,12,95.07,0.52,0.08,0,false
compare_single_p_907_with_base_x3,compare_single_p_907_resume,base,FMCAD08/Int/simulation/metros_1_e7_606.lus,Safe,9 7 5,0.801,4,821,50.20,1.27,0.80,0,false,Safe,16 13 10,1.188,4,1333,52.14,1.67,1.19,0,false,Safe,13 10 5,1.419,4,1543,53.95,1.87,1.40,0,false,Safe,9 7 5,0.834,4,818,110.54,1.26,2.61,0,false,Safe,9 7 5,0.912,4,821,112.42,1.36,2.70,0,false
compare_single_p_907_with_base_x3,compare_single_p_907_resume,base,FMCAD08/Int/simulation/hysteresis_3.lus,Safe,3 2,0.112,3,129,45.62,0.64,0.12,0,false,Safe,3 2,0.110,3,131,45.96,0.52,0.12,0,false,Safe,3 2,0.107,3,127,45.83,0.52,0.12,0,false,Safe,3 2,0.119,3,129,100.64,0.53,0.35,0,false,Safe,3 2,0.119,3,129,99.82,0.52,0.35,0,false
compare_single_p_907_with_base_x3,compare_single_p_907_resume,base,FMCAD08/Int/simulation/fast_1_e8_751.lus,Safe,2 1,0.187,3,189,46.88,0.63,0.21,0,false,Safe,2 1,0.169,3,168,47.21,0.64,0.20,0,false,Safe,2 1,0.171,3,171,47.32,0.62,0.19,0,false,Safe,2 1,0.204,3,189,101.94,0.63,0.57,0,false,Safe,2 1,0.205,3,189,102.38,0.63,0.61,0,false
compare_single_p_907_with_base_x3,compare_single_p_907_resume,base,FMCAD08/Int/simulation/metros_3_e3_1275_e7_529.lus,Timeout,8 4 2,0.911,3,951,354.80,302.30,1.28,1,true,Timeout,"34 31 20 19 18 17 16 15 14 13 12 11
                                            10 9 8",220.640,15,53096,211.12,300.23,68.50,30,true,Unsafe,43 24 6 5 4 3 1,67.284,7,11955,149.59,67.83,66.57,40,false,Unsafe,72 57 22 10 4,113.237,5,13863,461.61,113.76,337.28,40,false,Timeout,8 4 2,1.040,3,951,835.36,302.27,1.65,1,true
compare_single_p_907_with_base_x3,compare_single_p_907_resume,base,FMCAD08/Int/simulation/PRODUCER_CONSUMER_vt_e3_507.lus,Timeout,,,,,,,,,true,Timeout,,,,,,,,,true,Timeout,,,,,,,,,true,Timeout,,,,,,,,,true,Timeout,,,,,,,,,true
compare_single_p_907_with_base_x3,compare_single_p_907_resume,base,FMCAD08/Int/simulation/car_3_e2_695.lus,Safe,1,0.037,2,27,45.79,0.52,0.06,0,false,Safe,1,0.034,2,26,46.25,0.53,0.05,0,false,Safe,1,0.035,2,27,46.34,0.52,0.05,0,false,Safe,1,0.047,2,27,32.00,0.53,0.19,0,false,Safe,1,0.035,2,27,100.16,0.52,0.12,0,false
compare_single_p_907_with_base_x3,compare_single_p_907_resume,base,FMCAD08/Int/simulation/car_5_e2_405_e2_1083.lus,Unsafe,8 1,0.501,2,391,48.52,0.94,0.51,40,false,Unsafe,8 1,0.562,2,391,48.89,1.05,0.57,40,false,Unsafe,8 1,0.522,2,399,48.67,1.06,0.55,40,false,Unsafe,8 1,0.544,2,391,106.23,1.05,1.66,40,false,Unsafe,8 1,0.559,2,391,107.18,1.04,1.68,40,false
compare_single_p_907_with_base_x3,compare_single_p_907_resume,base,FMCAD08/Int/simulation/fast_1.lus,Safe,2 1,0.194,3,193,47.16,0.62,0.21,0,false,Safe,2 1,0.196,3,172,47.04,0.63,0.22,0,false,Safe,2 1,0.174,3,175,47.07,0.63,0.19,0,false,Safe,2 1,0.205,3,193,102.07,0.63,0.57,0,false,Safe,2 1,0.207,3,193,101.64,0.63,0.62,0,false
compare_single_p_907_with_base_x3,compare_single_p_907_resume,base,FMCAD08/Int/simulation/car_6_e2_589_e3_349.lus,Unsafe,10 1,0.561,2,454,49.13,1.04,0.57,40,false,Unsafe,11 2,0.550,2,457,48.88,1.04,0.56,40,false,Unsafe,10 1,0.554,2,455,49.41,1.04,0.56,40,false,Unsafe,10 1,0.585,2,454,108.60,1.05,1.74,40,false,Unsafe,10 1,0.590,2,454,108.98,1.04,1.77,40,false
compare_single_p_907_with_base_x3,compare_single_p_907_resume,base,FMCAD08/Int/simulation/fast_2.lus,Safe,2 1,0.299,3,277,48.04,0.73,0.31,0,false,Safe,1 0,0.240,3,215,48.38,0.73,0.25,0,false,Safe,2 1,0.282,3,257,47.69,0.73,0.29,0,false,Safe,1 0,0.276,3,212,104.44,0.73,0.79,0,false,Safe,2 1,0.327,3,277,106.93,0.83,0.97,0,false
compare_single_p_907_with_base_x3,compare_single_p_907_resume,base,FMCAD08/Int/simulation/fast_1_e8_747_e7_692.lus,Unsafe,,0.023,0,2,44.54,0.54,0.06,40,false,Unsafe,,0.023,0,2,43.95,0.52,0.05,40,false,Unsafe,,0.023,0,2,46.34,0.52,0.05,40,false,Unsafe,,0.024,0,2,96.81,0.52,0.11,40,false,Unsafe,,0.024,0,2,91.00,0.52,0.11,40,false
compare_single_p_907_with_base_x3,compare_single_p_907_resume,base,FMCAD08/Int/simulation/metros_1_e2_627.lus,Safe,2 1 0,0.753,4,742,50.73,1.25,0.76,0,false,Safe,7 5 4 2,1.238,5,1318,52.32,1.67,1.22,0,false,Safe,7 5 3,1.124,4,1140,53.70,1.56,1.11,0,false,Safe,5 4 2,0.752,4,687,111.21,1.26,2.44,0,false,Safe,2 1 0,0.833,4,742,112.33,1.25,2.46,0,false
compare_single_p_907_with_base_x3,compare_single_p_907_resume,base,FMCAD08/Int/simulation/metros_2_e2_704_e3_76.lus,Unsafe,11 6 2,1.617,3,1199,53.97,2.08,1.61,40,false,Unsafe,13 5,1.039,2,703,51.52,1.46,1.05,40,false,Unsafe,20 9,1.689,2,1068,54.45,2.18,1.69,40,false,Unsafe,11 6 2,1.565,3,1130,118.07,1.99,4.59,40,false,Unsafe,11 6 2,1.863,3,1199,123.14,2.30,5.52,40,false
compare_single_p_907_with_base_x3,compare_single_p_907_resume,base,FMCAD08/Int/simulation/speed_e8_649.lus,Safe,0,0.025,2,12,44.34,0.53,0.04,0,false,Safe,0,0.025,2,12,44.21,0.52,0.04,0,false,Safe,0,0.025,2,12,44.70,0.52,0.04,0,false,Safe,0,0.025,2,12,59.07,0.52,0.08,0,false,Safe,0,0.026,2,12,94.93,0.52,0.08,0,false
compare_single_p_907_with_base_x3,compare_single_p_907_resume,base,FMCAD08/Int/simulation/speed2.lus,Safe,4 3,0.111,3,138,46.20,0.52,0.12,0,false,Safe,3 2,0.093,3,114,40.83,0.65,0.12,0,false,Safe,3 2,0.092,3,112,46.33,0.52,0.10,0,false,Safe,4 3,0.115,3,138,100.75,0.52,0.30,0,false,Safe,4 3,0.130,3,138,99.68,0.63,0.38,0,false
compare_single_p_907_with_base_x3,compare_single_p_907_resume,base,FMCAD08/Int/simulation/car_3_e8_33_e2_1010.lus,Safe,1,0.034,2,27,33.64,0.52,0.05,0,false,Safe,1,0.035,2,26,46.00,0.53,0.06,0,false,Safe,1,0.034,2,27,33.96,0.52,0.05,0,false,Safe,1,0.034,2,27,89.47,0.53,0.12,0,false,Safe,1,0.038,2,27,99.18,0.53,0.14,0,false
compare_single_p_907_with_base_x3,compare_single_p_907_resume,base,FMCAD08/Int/simulation/metros_3_e4_987_e2_80.lus,Timeout,"29 27 25 21 19 17 16 15 14 13 12 11
                                            10 9 8 7 6 5 4 3",280.616,20,47729,205.37,300.23,65.36,30,true,Unsafe,56 36 11,41.973,3,7747,119.25,42.46,41.50,40,false,Unsafe,116 98 64 9,242.272,4,25095,292.14,242.77,241.06,40,false,Unsafe,7 5 3 2,1.199,4,1114,313.53,55.81,132.01,40,false,Timeout,39 37 35 30 26 22 20 19 18 16 15,298.730,11,41502,610.65,300.21,219.81,30,true
compare_single_p_907_with_base_x3,compare_single_p_907_resume,base,FMCAD08/Int/simulation/car_4_e8_118_e3_514.lus,Unsafe,,0.013,0,2,32.41,0.52,0.04,40,false,Unsafe,,0.013,0,2,32.75,0.54,0.04,40,false,Unsafe,,0.013,0,2,32.41,0.42,0.04,40,false,Unsafe,,0.012,0,2,20.49,0.42,0.06,40,false,Unsafe,,0.012,0,2,60.41,0.43,0.07,40,false
compare_single_p_907_with_base_x3,compare_single_p_907_resume,base,FMCAD08/Int/simulation/fast_1_e7_2044.lus,Unsafe,,0.023,0,2,34.30,0.53,0.06,40,false,Unsafe,,0.023,0,2,44.82,0.54,0.06,40,false,Unsafe,,0.023,0,2,21.34,0.53,0.07,40,false,Unsafe,,0.023,0,2,99.93,0.52,0.11,40,false,Unsafe,,0.023,0,2,64.13,0.53,0.11,40,false
compare_single_p_907_with_base_x3,compare_single_p_907_resume,base,FMCAD08/Int/simulation/metros_4_e2_968.lus,Timeout,5 3 1,0.437,3,463,357.00,302.27,1.27,1,true,Unsafe,39 20 4,21.753,3,5024,93.17,22.26,21.44,40,false,Unsafe,42 27 10 3,21.532,4,5531,93.48,21.95,21.21,40,false,Unsafe,89 87 64 33,33.691,4,12086,257.64,34.16,81.35,40,false,Timeout,5 3 1,0.472,3,463,719.43,300.21,262.00,30,true
compare_single_p_907_with_base_x3,compare_single_p_907_resume,base,FMCAD08/Int/simulation/metros_2.lus,Safe,"125 123 120 117 112 106 98 88 76 62
                                            45 23",95.707,13,33027,144.46,96.17,94.76,0,false,Safe,19 15 13 12 11 10 9 8 7 6 5 3,146.936,13,45886,187.95,147.35,145.52,0,false,Safe,"125 121 118 114 111 107 100 92 82
                                            70 56 40 20",153.207,14,44806,183.86,153.67,151.90,0,false,Safe,18 16 14 11 9 8 7 6 5 4 3 1,117.504,12,32112,411.61,132.36,304.14,0,false,Safe,17 14 11 9 8 7 6 5 4 3 2 0,142.150,12,36311,473.37,155.98,354.94,0,false
compare_single_p_907_with_base_x3,compare_single_p_907_resume,base,FMCAD08/Int/simulation/car_6_e3_294_e5_979.lus,Unsafe,17 4,1.111,2,853,50.91,1.58,1.12,40,false,Unsafe,11 2,0.702,2,523,49.54,1.14,0.71,40,false,Unsafe,10 1,0.653,2,493,48.63,1.14,0.66,40,false,Unsafe,15 4,0.744,2,653,109.52,1.15,2.20,40,false,Unsafe,17 4,1.314,2,853,115.52,1.78,3.94,40,false
compare_single_p_907_with_base_x3,compare_single_p_907_resume,base,FMCAD08/Int/simulation/metros_3_e3_1275_e5_846.lus,Unsafe,93 88 41 9,279.546,4,23967,332.52,280.03,279.20,40,false,Timeout,42 37 32 23 21 19 18 17 16 15,252.693,10,45586,254.15,302.26,1.23,1,true,Unsafe,61 43 10 4,85.133,4,11917,170.89,85.61,84.39,40,false,Unsafe,7 4 3 2,0.970,4,965,541.39,132.71,242.91,40,false,Timeout,"30 27 25 23 21 18 17 16 15 14 13 12
                                            11 10 9",281.481,15,35493,632.16,300.28,231.87,30,true
compare_single_p_907_with_base_x3,compare_single_p_907_resume,base,FMCAD08/Int/simulation/metros_5.lus,Timeout,,,,,,,,,true,Timeout,,,,,,,,,true,Timeout,,,,,,,,,true,Timeout,,,,,,,,,true,Timeout,,,,,,,,,true
compare_single_p_907_with_base_x3,compare_single_p_907_resume,base,FMCAD08/Int/simulation/speed2_e8_449_e8_517.lus,Safe,5 3,0.125,3,145,46.21,0.62,0.13,0,false,Safe,7 4,0.146,3,190,46.96,0.63,0.15,0,false,Safe,5 3,0.124,3,144,46.24,0.62,0.13,0,false,Safe,5 3,0.137,3,145,100.75,0.63,0.45,0,false,Safe,5 3,0.142,3,145,102.80,0.63,0.42,0,false
compare_single_p_907_with_base_x3,compare_single_p_907_resume,base,FMCAD08/Int/simulation/speed2_e7_223_e8_329.lus,Safe,4 3,0.111,3,138,46.12,0.53,0.12,0,false,Safe,3 2,0.105,3,114,34.21,0.64,0.14,0,false,Safe,3 2,0.091,3,112,45.96,0.53,0.10,0,false,Safe,4 3,0.112,3,138,102.75,0.63,0.30,0,false,Safe,4 3,0.118,3,138,100.35,0.63,0.35,0,false
compare_single_p_907_with_base_x3,compare_single_p_907_resume,base,FMCAD08/Int/simulation/PRODUCER_CONSUMMER_luke_2_e7_1068_e8_1019.lus,Timeout,,,,,,,,,true,Timeout,,,,,,,,,true,Timeout,,,,,,,,,true,Timeout,,,,,,,,,true,Timeout,,,,,,,,,true
compare_single_p_907_with_base_x3,compare_single_p_907_resume,base,FMCAD08/Int/simulation/fast_2_e8_460_e8_1920.lus,Safe,1 0,0.256,3,239,47.63,0.74,0.28,0,false,Safe,2 1,0.250,3,233,48.51,0.73,0.26,0,false,Safe,2 1,0.254,3,238,48.13,0.73,0.27,0,false,Safe,1 0,0.262,3,239,105.27,0.73,0.77,0,false,Safe,1 0,0.270,3,239,104.99,0.73,0.81,0,false
compare_single_p_907_with_base_x3,compare_single_p_907_resume,base,FMCAD08/Int/simulation/speed_e7_207_e7_538.lus,Safe,0,0.026,2,12,44.34,0.53,0.04,0,false,Safe,0,0.025,2,12,44.21,0.52,0.04,0,false,Safe,0,0.025,2,12,45.21,0.52,0.04,0,false,Safe,0,0.025,2,12,59.41,0.52,0.08,0,false,Safe,0,0.026,2,12,94.94,0.52,0.08,0,false
compare_single_p_907_with_base_x3,compare_single_p_907_resume,base,FMCAD08/Int/simulation/metros_3_e3_1275_e2_454.lus,Safe,5 3,0.187,3,173,47.54,0.62,0.20,0,false,Safe,10 6,0.478,3,485,49.07,0.94,0.50,0,false,Safe,13 9,0.489,3,519,48.94,0.93,0.50,0,false,Safe,5 3,0.193,3,173,104.12,0.63,0.64,0,false,Safe,5 3,0.202,3,173,103.86,0.63,0.61,0,false
compare_single_p_907_with_base_x3,compare_single_p_907_resume,base,FMCAD08/Int/simulation/fast_2_e7_2526.lus,Unsafe,,0.026,0,2,43.41,0.53,0.06,40,false,Unsafe,,0.027,0,2,43.26,0.53,0.07,40,false,Unsafe,,0.026,0,2,21.64,0.54,0.09,40,false,Unsafe,,0.026,0,2,94.99,0.52,0.12,40,false,Unsafe,,0.027,0,2,90.80,0.53,0.13,40,false
compare_single_p_907_with_base_x3,compare_single_p_907_resume,base,FMCAD08/Int/simulation/metros_4_e3_1091_e2_1317.lus,Safe,5 3,0.189,3,173,48.00,0.62,0.20,0,false,Safe,10 6,0.456,3,485,48.91,0.94,0.46,0,false,Safe,13 9,0.471,3,519,48.66,0.95,0.49,0,false,Safe,5 3,0.192,3,173,104.67,0.63,0.63,0,false,Safe,5 3,0.217,3,173,104.12,0.63,0.65,0,false
compare_single_p_907_with_base_x3,compare_single_p_907_resume,base,FMCAD08/Int/simulation/fast_2_e7_2526_e7_2736.lus,Unsafe,,0.027,0,2,43.88,0.54,0.07,40,false,Unsafe,,0.026,0,2,21.38,0.54,0.06,40,false,Unsafe,,0.026,0,2,43.59,0.55,0.07,40,false,Unsafe,,0.026,0,2,95.62,0.53,0.13,40,false,Unsafe,,0.028,0,2,91.80,0.54,0.14,40,false
compare_single_p_907_with_base_x3,compare_single_p_907_resume,base,FMCAD08/Int/simulation/metros_4_e2_968_e7_860.lus,Unsafe,85 69 38 23 8,65.146,5,13829,149.72,65.63,64.54,40,false,Unsafe,58 41 24 10,32.551,4,8598,108.17,33.05,32.13,40,false,Timeout,68 65 63 60 57 55 53 51 49 45 31,267.418,11,47029,264.27,302.26,1.23,1,true,Unsafe,28 26 19 14 11 10 9 8 7 6 5 4,85.615,12,26546,396.16,86.05,202.14,40,false,Unsafe,9 6 4 3 2,4.475,5,3518,459.61,122.06,200.13,40,false
compare_single_p_907_with_base_x3,compare_single_p_907_resume,base,FMCAD08/Int/simulation/car_4_e7_592_e3_442.lus,Unsafe,,0.012,0,2,32.35,0.52,0.04,40,false,Unsafe,,0.014,0,2,32.63,0.53,0.04,40,false,Unsafe,,0.013,0,2,32.91,0.52,0.04,40,false,Unsafe,,0.012,0,2,59.48,0.53,0.07,40,false,Unsafe,,0.012,0,2,59.66,0.52,0.07,40,false
compare_single_p_907_with_base_x3,compare_single_p_907_resume,base,FMCAD08/Int/simulation/car_5_e7_244.lus,Safe,57 55 51 49 47 45 43 40 38 31 21 11,58.863,13,27842,119.53,59.29,58.22,0,false,Safe,"110 108 104 98 91 84 75 66 55 42 29
                                            14",122.508,13,38610,142.42,123.03,121.40,0,false,Safe,37 36 33 30 27 24 19 18 15 11 6 3,131.093,13,42176,142.61,131.54,130.15,0,false,Safe,35 33 30 27 26 22 18 14 11 6 3,54.599,12,21527,274.55,55.22,162.14,0,false,Safe,48 46 42 40 38 36 34 31 30 25 17 9,71.657,13,26540,311.43,72.13,213.52,0,false
compare_single_p_907_with_base_x3,compare_single_p_907_resume,base,FMCAD08/Int/simulation/fast_1_e8_747_e8_1041.lus,Safe,2 1,0.170,3,171,47.16,0.62,0.19,0,false,Safe,2 1,0.149,3,151,47.04,0.64,0.17,0,false,Safe,2 1,0.148,3,154,47.45,0.63,0.17,0,false,Safe,2 1,0.174,3,171,103.04,0.63,0.48,0,false,Safe,2 1,0.185,3,171,102.40,0.63,0.55,0,false
compare_single_p_907_with_base_x3,compare_single_p_907_resume,base,FMCAD08/Int/simulation/speed2_e8_449.lus,Safe,1 0,0.072,3,86,33.99,0.62,0.08,0,false,Safe,3 2,0.093,3,117,46.08,0.53,0.11,0,false,Safe,1 0,0.068,3,82,46.33,0.54,0.08,0,false,Safe,1 0,0.072,3,86,100.38,0.52,0.22,0,false,Safe,1 0,0.075,3,86,101.31,0.52,0.22,0,false
compare_single_p_907_with_base_x3,compare_single_p_907_resume,base,FMCAD08/Int/simulation/car_4_e3_57.lus,Unsafe,,0.019,0,2,20.34,0.53,0.06,40,false,Unsafe,,0.013,0,2,20.34,0.42,0.04,40,false,Unsafe,,0.013,0,2,32.91,0.52,0.04,40,false,Unsafe,,0.012,0,2,20.86,0.43,0.07,40,false,Unsafe,,0.013,0,2,60.41,0.53,0.08,40,false
compare_single_p_907_with_base_x3,compare_single_p_907_resume,base,FMCAD08/Int/simulation/metros_1_e8_725_e1_919.lus,Safe,1,0.048,2,23,44.00,0.54,0.09,0,false,Safe,1,0.050,2,23,45.32,0.53,0.07,0,false,Safe,1,0.057,2,23,43.15,0.53,0.08,0,false,Safe,1,0.049,2,23,98.53,0.53,0.16,0,false,Safe,1,0.050,2,23,101.92,0.52,0.17,0,false
compare_single_p_907_with_base_x3,compare_single_p_907_resume,base,FMCAD08/Int/simulation/car_all_e1_618.lus,Unsafe,3,0.078,1,61,45.81,0.52,0.10,40,false,Unsafe,4,0.086,1,65,46.15,0.52,0.11,40,false,Unsafe,2,0.068,1,47,46.34,0.52,0.09,40,false,Unsafe,3,0.081,1,61,101.51,0.52,0.26,40,false,Unsafe,3,0.084,1,61,95.07,0.53,0.28,40,false
compare_single_p_907_with_base_x3,compare_single_p_907_resume,base,FMCAD08/Int/simulation/car_1.lus,Safe,2,0.047,2,39,46.05,0.52,0.06,0,false,Safe,2,0.044,2,37,46.03,0.52,0.06,0,false,Safe,2,0.047,2,39,46.52,0.52,0.06,0,false,Safe,2,0.047,2,39,19.97,0.52,0.15,0,false,Safe,2,0.049,2,39,101.06,0.52,0.16,0,false
compare_single_p_907_with_base_x3,compare_single_p_907_resume,base,FMCAD08/Int/simulation/metros_3_e3_1275_e4_164.lus,Timeout,5 3 1,0.437,3,463,365.19,300.24,96.50,30,true,Unsafe,49 30 4,38.898,3,7359,117.00,39.32,38.45,40,false,Unsafe,54 40 10 3,49.762,4,8594,126.25,50.27,49.26,40,false,Unsafe,5 3 1,0.455,3,463,299.93,51.82,97.63,40,false,Timeout,"21 19 18 17 16 15 14 13 12 11 10 9
                                            8 7",292.926,14,41298,672.00,302.26,1.70,1,true
compare_single_p_907_with_base_x3,compare_single_p_907_resume,base,FMCAD08/Int/simulation/fast_2_e8_976.lus,Safe,2 1,0.293,3,273,47.66,0.73,0.30,0,false,Safe,2 1,0.329,3,250,47.88,0.85,0.34,0,false,Safe,2 1,0.277,3,255,48.00,0.73,0.28,0,false,Safe,2 1,0.317,3,273,103.83,0.73,0.89,0,false,Safe,2 1,0.331,3,273,104.18,0.73,0.98,0,false
compare_single_p_907_with_base_x3,compare_single_p_907_resume,base,FMCAD08/Int/simulation/Gas.lus,Timeout,,,,,,,,,true,Timeout,,,,,,,,,true,Timeout,,,,,,,,,true,Timeout,,,,,,,,,true,Timeout,,,,,,,,,true
compare_single_p_907_with_base_x3,compare_single_p_907_resume,base,FMCAD08/Int/simulation/car_4_e7_592.lus,Safe,1 0,0.088,3,104,44.46,0.52,0.10,0,false,Safe,2,0.041,2,33,43.63,0.52,0.06,0,false,Safe,1 0,0.088,3,104,46.41,0.53,0.10,0,false,Safe,1 0,0.075,3,75,99.98,0.52,0.19,0,false,Safe,1 0,0.093,3,104,100.41,0.52,0.27,0,false
compare_single_p_907_with_base_x3,compare_single_p_907_resume,base,FMCAD08/Int/simulation/metros_4_e3_1091_e1_1044.lus,Unsafe,133 121 97 88 79 68 55 38 18,195.527,9,38351,241.48,195.99,194.32,40,false,Unsafe,74 65 39 34 26 21 14 6,155.330,8,27747,199.84,155.81,154.00,40,false,Unsafe,84 73 47 19 8,93.500,5,15973,182.04,94.01,92.68,40,false,Unsafe,68 65 55 37 14,23.360,5,9545,226.98,23.74,68.84,40,false,Unsafe,22 19 14 12 8 6 3,27.836,7,8957,309.95,67.29,119.46,40,false
compare_single_p_907_with_base_x3,compare_single_p_907_resume,base,FMCAD08/Int/simulation/metros_1_e2_1102_e7_1163.lus,Safe,9 7 5,0.845,4,871,51.16,1.35,0.84,0,false,Safe,13 10 8,1.002,4,1058,51.12,1.46,0.99,0,false,Safe,2 1 0,0.626,4,660,50.45,1.04,0.62,0,false,Safe,3 1 0,0.691,4,698,110.72,1.16,2.16,0,false,Safe,9 7 5,1.005,4,871,113.39,1.47,2.99,0,false
compare_single_p_907_with_base_x3,compare_single_p_907_resume,base,FMCAD08/Int/simulation/cd.lus,Safe,40 37 35 33 30 26 20 11,10.169,9,10001,70.88,10.59,10.06,0,false,Safe,62 59 55 51 46 40 31 18,15.512,9,14004,78.51,15.94,15.28,0,false,Safe,67 64 62 60 56 50 40 21,10.850,9,10490,72.83,11.29,10.71,0,false,Safe,31 28 26 24 21 17 12 6,11.086,9,9102,168.44,11.82,33.50,0,false,Safe,39 36 34 32 29 25 19 10,12.191,9,9561,168.30,12.57,36.26,0,false
compare_single_p_907_with_base_x3,compare_single_p_907_resume,base,FMCAD08/Int/simulation/metros_2_e1_1116_e7_1440.lus,Unsafe,91 85 79 75 69 62 46 38 28 18 9,253.934,11,44154,235.96,254.40,252.33,40,false,Unsafe,36 27 19 16 11 5,20.512,6,9985,92.89,21.01,20.21,40,false,Unsafe,38 21 10,6.727,3,3951,70.59,7.15,6.64,40,false,Unsafe,24 12 4,4.555,3,2401,143.33,5.24,14.17,40,false,Unsafe,25 13 4,6.014,3,2737,150.33,6.80,15.33,40,false
compare_single_p_907_with_base_x3,compare_single_p_907_resume,base,FMCAD08/Int/simulation/PRODUCER_CONSUMER_1.lus,Safe,2,0.056,2,49,46.26,0.52,0.07,0,false,Safe,2,0.056,2,47,46.16,0.53,0.08,0,false,Safe,2,0.055,2,49,46.29,0.53,0.08,0,false,Safe,2,0.057,2,49,101.40,0.52,0.18,0,false,Safe,2,0.060,2,49,100.59,0.52,0.20,0,false
compare_single_p_907_with_base_x3,compare_single_p_907_resume,base,FMCAD08/Int/simulation/metros_4_e2_968_e4_801.lus,Timeout,37 35 27 22 19 15 13 11 9 7,264.388,10,37917,215.56,302.30,1.28,1,true,Unsafe,44 28 10,21.881,3,5286,97.34,22.38,21.58,40,false,Unsafe,71 53 37 8,47.088,4,10936,128.79,47.63,46.46,40,false,Unsafe,8 6 4,0.781,3,747,234.75,25.20,59.67,40,false,Unsafe,7 5 3 2,1.166,4,1073,412.44,94.40,164.38,40,false
compare_single_p_907_with_base_x3,compare_single_p_907_resume,base,FMCAD08/Int/simulation/car_6.lus,Safe,31 29 25 23 20 17 15 13 10 7 6 5 2,104.724,14,33600,129.03,105.13,103.79,0,false,Safe,87 85 82 81 78 74 65 55 40 20,47.441,11,21264,107.09,47.93,46.93,0,false,Safe,"116 115 112 106 100 93 83 75 64 52
                                            39 27 12",172.810,14,49706,175.42,173.31,171.33,0,false,Safe,20 18 14 12 9 7 6 4 3,18.707,9,11716,213.80,23.75,69.21,0,false,Safe,31 29 25 23 20 17 15 13 10 7 6 5 2,102.290,13,30510,341.05,129.78,385.47,0,false
compare_single_p_907_with_base_x3,compare_single_p_907_resume,base,FMCAD08/Int/simulation/car_all_e3_1068_e1_178.lus,Unsafe,,0.013,0,2,32.90,0.52,0.04,40,false,Unsafe,,0.014,0,2,32.78,0.53,0.04,40,false,Unsafe,,0.014,0,2,33.15,0.52,0.04,40,false,Unsafe,,0.013,0,2,60.51,0.42,0.07,40,false,Unsafe,,0.014,0,2,59.43,0.52,0.07,40,false
compare_single_p_907_with_base_x3,compare_single_p_907_resume,base,FMCAD08/Int/simulation/metros_1_e2_1102_e3_961.lus,Safe,14 12,0.507,3,483,48.95,0.94,0.51,0,false,Safe,11 10 8 4,1.332,5,1470,52.45,1.78,1.32,0,false,Safe,16 12,0.659,3,657,49.59,1.18,0.69,0,false,Safe,13 11,0.513,3,464,107.71,1.04,1.66,0,false,Safe,14 12,0.545,3,483,107.29,1.04,1.63,0,false
compare_single_p_907_with_base_x3,compare_single_p_907_resume,base,FMCAD08/Int/simulation/car_3_e1_586.lus,Unsafe,0,0.026,1,9,45.96,0.52,0.05,40,false,Unsafe,0,0.057,1,9,44.63,0.55,0.09,40,false,Unsafe,0,0.027,1,9,42.29,0.53,0.06,40,false,Unsafe,0,0.026,1,9,64.10,0.52,0.10,40,false,Unsafe,0,0.033,1,9,100.16,0.52,0.13,40,false
compare_single_p_907_with_base_x3,compare_single_p_907_resume,base,FMCAD08/Int/simulation/metros_3_e4_987_e1_1115.lus,Timeout,,,,,,,,,true,Timeout,,,,,,,,,true,Timeout,,,,,,,,,true,Timeout,,,,,,,,,true,Timeout,,,,,,,,,true
compare_single_p_907_with_base_x3,compare_single_p_907_resume,base,FMCAD08/Int/simulation/metros_1.lus,Safe,8 5 4 2,1.454,5,1569,52.66,1.87,1.43,0,false,Safe,10 7 4,0.973,4,1068,52.37,1.45,0.96,0,false,Safe,14 10,0.673,3,695,49.88,1.15,0.69,0,false,Safe,8 5 3,1.137,4,1094,116.24,1.46,3.16,0,false,Safe,8 5 4 2,1.670,5,1569,117.87,2.09,4.96,0,false
compare_single_p_907_with_base_x3,compare_single_p_907_resume,base,FMCAD08/Int/simulation/speed2_e8_449_e7_353.lus,Safe,1 0,0.093,3,108,46.12,0.52,0.10,0,false,Safe,2,0.047,2,37,46.21,0.52,0.06,0,false,Safe,2 0,0.124,3,162,46.21,0.62,0.13,0,false,Safe,1 0,0.096,3,108,49.38,0.53,0.26,0,false,Safe,1 0,0.097,3,108,100.33,0.53,0.29,0,false
compare_single_p_907_with_base_x3,compare_single_p_907_resume,base,FMCAD08/Int/simulation/metros_1_e1_846_e3_1060.lus,Safe,9 7 5,0.626,4,664,49.37,1.04,0.63,0,false,Safe,9 6 5,0.782,4,857,50.20,1.24,0.78,0,false,Safe,9 7 6,0.723,4,738,50.04,1.15,0.72,0,false,Safe,10 8 6,0.847,4,768,111.18,1.38,2.66,0,false,Safe,9 7 5,0.700,4,664,110.43,1.16,2.17,0,false
compare_single_p_907_with_base_x3,compare_single_p_907_resume,base,FMCAD08/Int/simulation/metros_2_e1_1116_e2_617.lus,Safe,8 6 2,0.931,4,1047,51.41,1.36,0.92,0,false,Safe,5 4 3 1,0.964,5,1165,51.48,1.45,0.95,0,false,Safe,17 11,0.767,3,829,49.82,1.26,0.78,0,false,Safe,6 4 1,0.883,4,919,112.38,1.36,2.67,0,false,Safe,8 6 2,1.118,4,1047,112.82,1.57,3.28,0,false
compare_single_p_907_with_base_x3,compare_single_p_907_resume,base,FMCAD08/Int/simulation/car_5_e3_661.lus,Unsafe,8 1,0.649,2,447,48.98,1.14,0.66,40,false,Unsafe,8 1,0.667,2,447,48.90,1.14,0.69,40,false,Unsafe,8 1,0.660,2,455,49.51,1.15,0.68,40,false,Unsafe,8 1,0.708,2,447,109.39,1.15,2.16,40,false,Unsafe,8 1,0.739,2,447,108.75,1.16,2.23,40,false
compare_single_p_907_with_base_x3,compare_single_p_907_resume,base,FMCAD08/Int/simulation/car_3_e8_33_e7_220.lus,Safe,2 1,0.075,3,93,45.91,0.52,0.09,0,false,Safe,2 1,0.074,3,90,46.13,0.53,0.09,0,false,Safe,2 1,0.072,3,91,46.38,0.53,0.09,0,false,Safe,2 1,0.076,3,93,100.35,0.52,0.23,0,false,Safe,2 1,0.078,3,93,99.46,0.52,0.24,0,false
compare_single_p_907_with_base_x3,compare_single_p_907_resume,base,FMCAD08/Int/simulation/car_5_e2_405_e3_473.lus,Unsafe,8 1,0.500,2,391,48.76,0.94,0.51,40,false,Unsafe,8 1,0.525,2,391,47.77,0.93,0.54,40,false,Unsafe,8 1,0.541,2,399,48.92,1.04,0.56,40,false,Unsafe,8 1,0.524,2,391,106.98,0.94,1.60,40,false,Unsafe,8 1,0.556,2,391,106.05,1.05,1.67,40,false
compare_single_p_907_with_base_x3,compare_single_p_907_resume,base,FMCAD08/Int/simulation/car_6_e3_294_e3_47.lus,Unsafe,13 3,0.725,2,576,48.88,1.15,0.73,40,false,Unsafe,10 1,0.697,2,510,49.12,1.14,0.71,40,false,Unsafe,10 1,0.690,2,511,49.73,1.16,0.71,40,false,Unsafe,13 3,0.804,2,576,108.08,1.25,2.30,40,false,Unsafe,13 3,0.825,2,576,108.28,1.26,2.48,40,false
compare_single_p_907_with_base_x3,compare_single_p_907_resume,base,FMCAD08/Int/simulation/car_all_e3_1068_e2_13.lus,Unsafe,,0.013,0,2,32.74,0.52,0.04,40,false,Unsafe,,0.014,0,2,45.15,0.56,0.05,40,false,Unsafe,,0.014,0,2,32.56,0.52,0.04,40,false,Unsafe,,0.013,0,2,60.32,0.54,0.07,40,false,Unsafe,,0.015,0,2,60.20,0.52,0.08,40,false
compare_single_p_907_with_base_x3,compare_single_p_907_resume,base,FMCAD08/Int/simulation/metros_1_e8_725_e2_1144.lus,Safe,1,0.047,2,23,46.32,0.52,0.07,0,false,Safe,1,0.049,2,23,44.57,0.52,0.07,0,false,Safe,1,0.048,2,23,46.95,0.53,0.07,0,false,Safe,1,0.049,2,23,100.81,0.52,0.16,0,false,Safe,1,0.050,2,23,100.79,0.52,0.17,0,false
compare_single_p_907_with_base_x3,compare_single_p_907_resume,base,FMCAD08/Int/simulation/metros_1_e7_1255_e7_12.lus,Safe,14 12 9,0.888,4,930,50.84,1.35,0.88,0,false,Safe,13 10,0.469,3,508,48.35,0.93,0.48,0,false,Safe,6 4 2,0.988,4,976,52.32,1.47,0.97,0,false,Safe,12 10 6,0.859,4,891,112.01,1.36,2.61,0,false,Safe,14 12 9,0.992,4,930,112.86,1.47,2.95,0,false
compare_single_p_907_with_base_x3,compare_single_p_907_resume,base,FMCAD08/Int/simulation/car_6_e1_152.lus,Safe,16 15 12 10 8 6 5 2,6.011,9,6365,64.28,6.45,5.93,0,false,Safe,23 22 19 18 15 13 11 5,6.230,9,6609,67.00,6.73,6.13,0,false,Safe,59 57 53 50 44 36 28 19 9,11.974,10,10346,74.16,12.44,11.84,0,false,Safe,24 23 21 20 19 17 13 6,4.076,9,4055,132.48,4.62,12.15,0,false,Safe,16 15 12 10 8 6 5 2,7.223,9,6212,150.68,7.65,21.51,0,false
compare_single_p_907_with_base_x3,compare_single_p_907_resume,base,FMCAD08/Int/simulation/PRODUCER_CONSUMER_vt_e2_1352.lus,Timeout,,,,,,,,,true,Timeout,,,,,,,,,true,Timeout,,,,,,,,,true,Timeout,,,,,,,,,true,Timeout,,,,,,,,,true
compare_single_p_907_with_base_x3,compare_single_p_907_resume,base,FMCAD08/Int/simulation/car_5_e7_244_e1_823.lus,Safe,"30 28 26 24 21 20 18 15 14 10 9 6 5
                                            2",51.139,15,27858,116.52,51.61,50.46,0,false,Safe,"27 26 24 22 20 18 17 15 14 10 9 5 4
                                            2",40.481,15,23669,101.13,40.99,39.89,0,false,Safe,35 34 32 30 28 24 18 9,7.097,9,6435,65.96,7.56,7.04,0,false,Safe,18 17 14 12 10 7 6 3,6.190,9,5694,143.64,6.60,18.32,0,false,Safe,"31 29 27 25 22 21 19 16 15 11 10 6
                                            5 2",65.905,15,27923,305.16,66.28,195.71,0,false
compare_single_p_907_with_base_x3,compare_single_p_907_resume,base,FMCAD08/Int/simulation/car_all_e3_1068_e5_882.lus,Unsafe,,0.013,0,2,32.90,0.52,0.04,40,false,Unsafe,,0.013,0,2,32.78,0.43,0.04,40,false,Unsafe,,0.013,0,2,32.52,0.52,0.04,40,false,Unsafe,,0.013,0,2,60.26,0.53,0.07,40,false,Unsafe,,0.016,0,2,61.07,0.52,0.08,40,false
compare_single_p_907_with_base_x3,compare_single_p_907_resume,base,FMCAD08/Int/simulation/metros_4_e2_968_e2_1166.lus,Safe,8 6,0.289,3,279,47.66,0.75,0.30,0,false,Safe,13 9,0.478,3,484,49.04,0.93,0.49,0,false,Safe,7 5,0.265,3,264,47.91,0.73,0.28,0,false,Safe,6 4,0.210,3,186,102.79,0.64,0.67,0,false,Safe,8 6,0.291,3,279,105.10,0.73,0.87,0,false
compare_single_p_907_with_base_x3,compare_single_p_907_resume,base,FMCAD08/Int/simulation/cd_e7_8.lus,Unsafe,24 17 10 3,1.028,4,1282,50.68,1.46,1.03,40,false,Unsafe,7 6 5 4 3 2 1 0,0.964,8,1504,50.50,1.45,0.94,40,false,Unsafe,6 0,0.258,2,247,48.37,0.73,0.27,40,false,Unsafe,4 2 1 0,0.319,4,418,104.33,0.74,0.86,40,false,Unsafe,11 6 3 1,0.637,4,703,109.24,1.05,1.89,40,false
compare_single_p_907_with_base_x3,compare_single_p_907_resume,base,FMCAD08/Int/simulation/car_all_e8_856_e2_585.lus,Safe,2 1,0.140,3,164,47.16,0.63,0.15,0,false,Safe,2 1,0.136,3,157,46.96,0.65,0.15,0,false,Safe,2 1,0.143,3,164,46.93,0.63,0.15,0,false,Safe,2 1,0.145,3,164,102.40,0.64,0.42,0,false,Safe,2 1,0.151,3,164,102.50,0.63,0.45,0,false
compare_single_p_907_with_base_x3,compare_single_p_907_resume,base,FMCAD08/Int/simulation/car_6_e2_893.lus,Unsafe,11 2,0.521,2,449,48.25,0.94,0.53,40,false,Unsafe,10 1,0.522,2,436,47.87,1.05,0.54,40,false,Unsafe,11 2,0.540,2,450,48.75,1.04,0.55,40,false,Unsafe,11 2,0.564,2,449,108.32,1.05,1.69,40,false,Unsafe,11 2,0.588,2,449,108.18,1.05,1.78,40,false
compare_single_p_907_with_base_x3,compare_single_p_907_resume,base,FMCAD08/Int/simulation/PRODUCER_CONSUMMER_luke_2.lus,Timeout,,,,,,,,,true,Timeout,,,,,,,,,true,Timeout,,,,,,,,,true,Timeout,,,,,,,,,true,Timeout,,,,,,,,,true
compare_single_p_907_with_base_x3,compare_single_p_907_resume,base,FMCAD08/Int/simulation/metros_1_e8_725.lus,Safe,1,0.048,2,23,45.48,0.52,0.07,0,false,Safe,1,0.049,2,23,46.24,0.52,0.07,0,false,Safe,1,0.050,2,23,46.77,0.52,0.07,0,false,Safe,1,0.051,2,23,102.18,0.52,0.17,0,false,Safe,1,0.067,2,23,95.60,0.53,0.22,0,false
compare_single_p_907_with_base_x3,compare_single_p_907_resume,base,FMCAD08/Int/simulation/car_all_e8_856_e1_217.lus,Unsafe,5,0.122,1,89,46.40,0.53,0.14,40,false,Unsafe,4,0.131,1,69,46.78,0.64,0.15,40,false,Unsafe,5,0.124,1,92,46.43,0.52,0.14,40,false,Unsafe,5,0.113,1,89,101.51,0.52,0.34,40,false,Unsafe,5,0.116,1,89,101.07,0.52,0.36,40,false
compare_single_p_907_with_base_x3,compare_single_p_907_resume,base,FMCAD08/Int/simulation/speed2_e7_223_e7_213.lus,Safe,4 3,0.111,3,140,46.61,0.65,0.14,0,false,Safe,3 2,0.095,3,116,46.19,0.53,0.11,0,false,Safe,4 3,0.112,3,134,45.85,0.52,0.12,0,false,Safe,4 3,0.115,3,140,100.87,0.53,0.32,0,false,Safe,4 3,0.124,3,140,100.33,0.64,0.37,0,false
compare_single_p_907_with_base_x3,compare_single_p_907_resume,base,FMCAD08/Int/simulation/car_2.lus,Safe,2 1,0.079,3,98,46.38,0.53,0.10,0,false,Safe,2 1,0.078,3,96,46.16,0.53,0.09,0,false,Safe,2 1,0.085,3,98,46.04,0.52,0.10,0,false,Safe,2 1,0.084,3,98,100.97,0.52,0.25,0,false,Safe,2 1,0.085,3,98,101.04,0.52,0.26,0,false
compare_single_p_907_with_base_x3,compare_single_p_907_resume,base,FMCAD08/Int/simulation/metros_1_e2_1102_e2_943.lus,Safe,13 11,0.516,3,470,48.12,1.05,0.54,0,false,Safe,11 10,0.338,3,274,48.11,0.85,0.36,0,false,Safe,12 10,0.471,3,428,49.23,0.93,0.48,0,false,Safe,8 7,0.354,2,267,104.62,0.74,1.01,0,false,Safe,13 11,0.529,3,471,106.80,0.94,1.58,0,false
compare_single_p_907_with_base_x3,compare_single_p_907_resume,base,FMCAD08/Int/simulation/metros_3_e3_1275_e6_1315.lus,Timeout,,,,,,,,,true,Timeout,,,,,,,,,true,Timeout,,,,,,,,,true,Timeout,,,,,,,,,true,Timeout,,,,,,,,,true
compare_single_p_907_with_base_x3,compare_single_p_907_resume,base,FMCAD08/Int/simulation/car_6_e1_152_e1_391.lus,Safe,15 14 12 9 8 6 5 2,4.390,9,5417,60.88,4.89,4.33,0,false,Safe,18 17 14 13 11 5,2.134,7,2838,54.35,2.59,2.11,0,false,Safe,13 12 10 8 6 4 3,4.312,8,4867,60.29,4.77,4.28,0,false,Safe,22 21 19 16 10 4,1.762,7,2154,117.21,2.19,5.11,0,false,Safe,15 14 12 9 8 6 5 2,5.491,9,5417,138.98,5.98,16.27,0,false
compare_single_p_907_with_base_x3,compare_single_p_907_resume,base,FMCAD08/Int/simulation/fast_1_e7_2044_e7_1287.lus,Unsafe,,0.022,0,2,43.16,0.52,0.06,40,false,Unsafe,,0.023,0,2,21.34,0.52,0.08,40,false,Unsafe,,0.023,0,2,46.29,0.52,0.05,40,false,Unsafe,,0.023,0,2,64.07,0.52,0.11,40,false,Unsafe,,0.023,0,2,99.38,0.52,0.11,40,false
compare_single_p_907_with_base_x3,compare_single_p_907_resume,base,FMCAD08/Int/simulation/metros_4_e3_1091_e4_232.lus,Unsafe,140 113 91 47,143.971,4,22510,193.31,144.43,143.11,40,false,Unsafe,39 20 4,21.282,3,5024,92.53,21.73,21.00,40,false,Unsafe,42 27 10 3,22.016,4,5531,94.38,22.46,21.74,40,false,Unsafe,5 3 1,0.461,3,463,385.74,72.80,126.81,40,false,Unsafe,5 3 1,0.483,3,463,593.19,222.92,520.36,40,false
compare_single_p_907_with_base_x3,compare_single_p_907_resume,base,FMCAD08/Int/simulation/car_3.lus,Safe,2 1,0.084,3,105,46.38,0.52,0.10,0,false,Safe,2 1,0.082,3,103,46.38,0.53,0.10,0,false,Safe,2 1,0.084,3,105,46.51,0.52,0.10,0,false,Safe,2 1,0.094,3,105,100.47,0.52,0.28,0,false,Safe,2 1,0.094,3,105,99.41,0.52,0.29,0,false
compare_single_p_907_with_base_x3,compare_single_p_907_resume,base,FMCAD08/Int/simulation/car_5.lus,Safe,49 47 44 42 40 37 34 33 28 22 14 8,66.360,13,27645,122.96,66.77,65.52,0,false,Safe,20 18 16 14 12 10 8 6 4 1 0,47.273,12,21062,104.25,47.73,46.75,0,false,Safe,81 80 78 74 69 63 56 48 38 27 14,75.597,12,30370,125.21,76.10,74.79,0,false,Safe,21 19 16 14 12 10 8 6 4,19.267,10,11917,200.98,19.68,56.83,0,false,Safe,49 47 44 42 40 37 34 33 28 22 14 8,87.445,13,27645,316.71,88.14,261.14,0,false
compare_single_p_907_with_base_x3,compare_single_p_907_resume,base,FMCAD08/Int/simulation/PRODUCER_CONSUMER_2.lus,Safe,1,0.038,2,28,46.29,0.52,0.06,0,false,Safe,1,0.050,2,28,42.14,0.53,0.09,0,false,Safe,1,0.036,2,28,46.42,0.52,0.05,0,false,Safe,1,0.038,2,28,100.60,0.52,0.13,0,false,Safe,1,0.041,2,28,100.18,0.52,0.13,0,false
compare_single_p_907_with_base_x3,compare_single_p_907_resume,base,FMCAD08/Int/simulation/speed_e7_207_e8_507.lus,Safe,0,0.025,2,12,19.44,0.42,0.04,0,false,Safe,0,0.025,2,12,20.18,0.53,0.05,0,false,Safe,0,0.025,2,12,32.58,0.52,0.04,0,false,Safe,0,0.024,2,12,59.62,0.43,0.07,0,false,Safe,0,0.024,2,12,59.52,0.52,0.07,0,false
compare_single_p_907_with_base_x3,compare_single_p_907_resume,base,FMCAD08/Int/simulation/metros_4_e2_968_e1_956.lus,Timeout,24 22 16 13 10 6 5 3 2,58.778,9,20572,323.33,300.23,81.69,30,true,Unsafe,26 20 15 12 8 5 4 3 2 0,53.731,10,16993,120.64,54.25,53.06,40,false,Unsafe,62 45 30 13,16.882,4,6307,87.32,17.40,16.65,40,false,Unsafe,73 65 51 24,19.404,4,9193,208.26,19.77,57.10,40,false,Unsafe,5 2 1,0.804,3,709,269.98,45.96,110.14,40,false
compare_single_p_907_with_base_x3,compare_single_p_907_resume,base,FMCAD08/Int/simulation/hysteresis_all.lus,Safe,2 0,0.131,3,169,47.12,0.63,0.14,0,false,Safe,4 1 0,0.388,4,544,48.09,0.83,0.38,0,false,Safe,3 0,0.178,3,231,47.09,0.63,0.19,0,false,Safe,2 0,0.138,3,169,102.27,0.63,0.48,0,false,Safe,2 0,0.145,3,169,102.20,0.63,0.43,0,false
compare_single_p_907_with_base_x3,compare_single_p_907_resume,base,FMCAD08/Int/simulation/metros_2_e3_112.lus,Unsafe,89 70 21,66.992,3,15453,145.57,67.47,66.34,40,false,Unsafe,61 30 12,38.059,3,9958,104.78,38.51,37.62,40,false,Unsafe,61 29 6,94.186,3,13714,167.93,94.65,93.45,40,false,Unsafe,49 33 10,14.193,3,6036,184.59,14.64,41.71,40,false,Unsafe,27 22 18 16,47.431,4,13178,285.17,50.95,98.42,40,false
compare_single_p_907_with_base_x3,compare_single_p_907_resume,base,FMCAD08/Int/simulation/car_4.lus,Safe,2,0.047,2,39,45.66,0.52,0.06,0,false,Safe,2,0.045,2,37,46.26,0.52,0.06,0,false,Safe,2,0.046,2,39,45.88,0.52,0.06,0,false,Safe,2,0.046,2,39,100.47,0.53,0.15,0,false,Safe,2,0.047,2,39,100.54,0.52,0.16,0,false
compare_single_p_907_with_base_x3,compare_single_p_907_resume,base,FMCAD08/Int/simulation/hysteresis_2.lus,Safe,4 3,0.125,3,152,46.21,0.62,0.13,0,false,Safe,4 3,0.127,3,152,46.34,0.53,0.14,0,false,Safe,3 2,0.113,3,131,46.21,0.52,0.12,0,false,Safe,4 3,0.128,3,152,100.64,0.54,0.36,0,false,Safe,4 3,0.142,3,152,102.32,0.63,0.43,0,false
compare_single_p_907_with_base_x3,compare_single_p_907_resume,base,FMCAD08/Int/simulation/car_all_e7_188_e7_743.lus,Safe,5 1,0.264,3,344,48.09,0.73,0.27,0,false,Safe,4 1,0.209,3,270,46.23,0.63,0.22,0,false,Safe,5 1,0.273,3,342,48.05,0.74,0.28,0,false,Safe,5 1,0.278,3,344,102.04,0.63,0.76,0,false,Safe,5 1,0.282,3,344,105.45,0.73,0.84,0,false
compare_single_p_907_with_base_x3,compare_single_p_907_resume,base,FMCAD08/Int/simulation/fast_2_e8_460_e7_43.lus,Unsafe,,0.027,0,2,43.04,0.54,0.06,40,false,Unsafe,,0.027,0,2,43.39,0.54,0.07,40,false,Unsafe,,0.026,0,2,32.38,0.52,0.07,40,false,Unsafe,,0.026,0,2,95.96,0.53,0.12,40,false,Unsafe,,0.036,0,2,91.05,0.52,0.15,40,false
compare_single_p_907_with_base_x3,compare_single_p_907_resume,base,FMCAD08/Int/simulation/car_1_e7_184_e3_299.lus,Safe,2,0.046,2,39,44.68,0.54,0.07,0,false,Safe,2,0.042,2,33,46.31,0.52,0.06,0,false,Safe,2,0.088,2,39,46.02,0.54,0.11,0,false,Safe,2,0.046,2,39,100.87,0.52,0.14,0,false,Safe,2,0.048,2,39,100.74,0.52,0.16,0,false
compare_single_p_907_with_base_x3,compare_single_p_907_resume,base,FMCAD08/Int/simulation/car_4_e8_118.lus,Safe,1,0.066,2,25,44.26,0.53,0.08,0,false,Safe,1,0.033,2,24,19.11,0.52,0.05,0,false,Safe,1,0.035,2,25,46.38,0.52,0.05,0,false,Safe,1,0.034,2,25,99.48,0.53,0.12,0,false,Safe,1,0.034,2,25,100.66,0.52,0.12,0,false
compare_single_p_907_with_base_x3,compare_single_p_907_resume,base,FMCAD08/Int/simulation/metros_3_e4_987_e3_291.lus,Timeout,7 4 3,0.775,3,794,332.30,302.31,1.31,1,true,Timeout,32 27 22 17 15 13 11 9 7 4 3 2 1,87.156,13,25919,235.61,300.22,70.99,30,true,Timeout,35 32 27 22 18 16 14 12 10 6 3,235.214,11,46774,239.18,300.24,78.39,30,true,Timeout,"24 22 20 19 18 17 16 15 14 13 12 11
                                            10 9 8 7 6 5 4",287.999,19,46765,609.00,300.21,195.93,30,true,Unsafe,7 4 3,0.853,3,794,595.39,210.47,343.48,40,false
compare_single_p_907_with_base_x3,compare_single_p_907_resume,base,FMCAD08/Int/simulation/car_2_e7_1027_e7_359.lus,Safe,2 1,0.079,3,98,46.04,0.52,0.09,0,false,Safe,2 1,0.079,3,96,46.00,0.54,0.10,0,false,Safe,2 1,0.111,3,98,46.50,0.52,0.12,0,false,Safe,2 1,0.084,3,98,100.89,0.52,0.24,0,false,Safe,2 1,0.092,3,98,101.16,0.53,0.28,0,false
compare_single_p_907_with_base_x3,compare_single_p_907_resume,base,FMCAD08/Int/simulation/metros_3_e4_987.lus,Timeout,,,,,,,,,true,Timeout,,,,,,,,,true,Timeout,,,,,,,,,true,Timeout,,,,,,,,,true,Timeout,,,,,,,,,true
compare_single_p_907_with_base_x3,compare_single_p_907_resume,base,FMCAD08/Int/simulation/car_5_e3_11_e1_429.lus,Unsafe,8 1,0.629,2,447,49.39,1.04,0.64,40,false,Unsafe,8 1,0.635,2,447,49.14,1.15,0.65,40,false,Unsafe,8 1,0.652,2,455,49.02,1.17,0.66,40,false,Unsafe,8 1,0.698,2,447,109.25,1.15,2.14,40,false,Unsafe,8 1,0.710,2,447,109.66,1.16,2.15,40,false
compare_single_p_907_with_base_x3,compare_single_p_907_resume,base,FMCAD08/Int/simulation/car_all_e1_618_e3_303.lus,Unsafe,2,0.069,1,47,46.28,0.52,0.09,40,false,Unsafe,3,0.076,1,55,45.80,0.53,0.10,40,false,Unsafe,2,0.066,1,47,46.52,0.53,0.09,40,false,Unsafe,2,0.069,1,47,100.67,0.54,0.24,40,false,Unsafe,2,0.070,1,47,94.96,0.53,0.24,40,false
compare_single_p_907_with_base_x3,compare_single_p_907_resume,base,FMCAD08/Int/simulation/speed2_e7_496.lus,Safe,4 3,0.131,3,163,45.96,0.64,0.14,0,false,Safe,3,0.062,2,52,46.07,0.52,0.07,0,false,Safe,4 2,0.152,3,198,46.89,0.66,0.17,0,false,Safe,2 1,0.105,3,88,78.38,0.54,0.32,0,false,Safe,4 3,0.135,3,163,101.68,0.65,0.40,0,false
compare_single_p_907_with_base_x3,compare_single_p_907_resume,base,FMCAD08/Int/simulation/car_4_e3_57_e5_999.lus,Unsafe,,0.046,0,2,42.13,0.56,0.10,40,false,Unsafe,,0.013,0,2,32.41,0.53,0.04,40,false,Unsafe,,0.013,0,2,32.50,0.52,0.04,40,false,Unsafe,,0.013,0,2,20.84,0.42,0.07,40,false,Unsafe,,0.014,0,2,60.79,0.55,0.09,40,false
compare_single_p_907_with_base_x3,compare_single_p_907_resume,base,FMCAD08/Int/simulation/car_2_e7_1027_e1_1047.lus,Safe,2 1,0.082,3,97,45.91,0.52,0.10,0,false,Safe,2 1,0.079,3,98,45.66,0.52,0.10,0,false,Safe,2 1,0.081,3,97,46.17,0.52,0.09,0,false,Safe,2 1,0.082,3,97,99.60,0.52,0.24,0,false,Safe,2 1,0.082,3,97,100.01,0.54,0.26,0,false
compare_single_p_907_with_base_x3,compare_single_p_907_resume,base,FMCAD08/Int/simulation/metros_1_e2_1102_e1_317.lus,Safe,8 6 3,0.916,4,933,51.22,1.35,0.91,0,false,Safe,12 10 9 6,1.354,5,1450,52.86,1.91,1.35,0,false,Safe,12 10 9 7,1.566,5,1561,54.30,1.98,1.55,0,false,Safe,4 2 1,0.787,4,750,110.79,1.25,2.43,0,false,Safe,8 6 3,0.992,4,938,114.17,1.46,2.93,0,false
compare_single_p_907_with_base_x3,compare_single_p_907_resume,base,FMCAD08/Int/simulation/metros_2_e1_1116_e3_287.lus,Unsafe,14 4,1.487,2,868,53.72,1.98,1.49,40,false,Unsafe,14 5,1.309,2,804,52.87,1.77,1.33,40,false,Unsafe,22 10,2.630,2,1326,58.33,3.12,2.62,40,false,Unsafe,12 3,1.192,2,739,114.89,1.57,3.35,40,false,Unsafe,14 4,1.652,2,868,120.63,2.19,5.01,40,false
compare_single_p_907_with_base_x3,compare_single_p_907_resume,base,FMCAD08/Int/simulation/metros_4_e2_968_e3_931.lus,Safe,8 6,0.299,3,219,47.66,0.74,0.31,0,false,Safe,6 4,0.222,3,197,47.41,0.73,0.25,0,false,Safe,13 9,0.404,3,407,48.57,0.83,0.42,0,false,Safe,5 3,0.250,2,216,103.95,0.63,0.75,0,false,Safe,8 6,0.258,3,219,105.48,0.73,0.78,0,false
compare_single_p_907_with_base_x3,compare_single_p_907_resume,base,FMCAD08/Int/simulation/car_4_e8_118_e7_178.lus,Safe,1 0,0.090,3,107,44.51,0.54,0.11,0,false,Safe,1 0,0.083,3,100,46.88,0.62,0.10,0,false,Safe,1 0,0.095,3,105,46.75,0.64,0.13,0,false,Safe,1 0,0.093,3,107,100.88,0.53,0.27,0,false,Safe,1 0,0.095,3,107,100.38,0.52,0.28,0,false
compare_single_p_907_with_base_x3,compare_single_p_907_resume,base,FMCAD08/Int/simulation/car_5_e7_244_e3_1071.lus,Unsafe,8 1,0.606,2,429,49.22,1.04,0.62,40,false,Unsafe,9 2,0.617,2,442,49.12,1.04,0.63,40,false,Unsafe,8 1,0.612,2,437,49.07,1.05,0.63,40,false,Unsafe,8 1,0.636,2,429,107.91,1.15,1.97,40,false,Unsafe,8 1,0.664,2,429,108.78,1.15,2.00,40,false
compare_single_p_907_with_base_x3,compare_single_p_907_resume,base,FMCAD08/Int/simulation/speed_e8_649_e7_709.lus,Safe,0,0.025,2,12,44.04,0.55,0.05,0,false,Safe,0,0.025,2,12,44.58,0.52,0.04,0,false,Safe,0,0.026,2,12,44.21,0.54,0.05,0,false,Safe,0,0.024,2,12,59.53,0.52,0.07,0,false,Safe,0,0.026,2,12,94.93,0.52,0.08,0,false
compare_single_p_907_with_base_x3,compare_single_p_907_resume,base,FMCAD08/Int/simulation/car_all_e8_856_e7_578.lus,Safe,5 2,0.251,3,317,47.55,0.74,0.26,0,false,Safe,6 3,0.257,3,322,47.41,0.74,0.28,0,false,Safe,4 1 0,0.375,4,521,48.40,0.83,0.37,0,false,Safe,5 2,0.267,3,317,104.17,0.73,0.79,0,false,Safe,5 2,0.276,3,317,104.20,0.74,0.82,0,false
compare_single_p_907_with_base_x3,compare_single_p_907_resume,base,FMCAD08/Int/simulation/metros_3_e3_1275_e3_640.lus,Safe,10 7,0.343,3,354,48.53,0.83,0.35,0,false,Safe,8 4,0.337,3,406,48.04,0.83,0.35,0,false,Safe,8 4,0.376,3,412,48.32,0.85,0.40,0,false,Safe,8 5,0.312,3,312,105.66,0.74,1.05,0,false,Safe,10 7,0.374,3,354,105.99,0.84,1.13,0,false
compare_single_p_907_with_base_x3,compare_single_p_907_resume,base,FMCAD08/Int/simulation/car_all_e2_142_e7_209.lus,Safe,3 1,0.194,3,234,46.56,0.62,0.20,0,false,Safe,3 1,0.190,3,236,47.30,0.62,0.20,0,false,Safe,3 1,0.157,3,188,47.28,0.63,0.17,0,false,Safe,3 1,0.197,3,234,102.76,0.63,0.54,0,false,Safe,3 1,0.215,3,234,102.20,0.74,0.64,0,false
compare_single_p_907_with_base_x3,compare_single_p_907_resume,base,FMCAD08/Int/simulation/car_3_e8_33.lus,Safe,2 1,0.081,3,100,45.79,0.53,0.10,0,false,Safe,2 1,0.078,3,96,46.13,0.52,0.09,0,false,Safe,2 1,0.082,3,100,42.16,0.52,0.09,0,false,Safe,2 1,0.082,3,100,100.97,0.53,0.25,0,false,Safe,2 1,0.085,3,100,101.11,0.52,0.26,0,false
compare_single_p_907_with_base_x3,compare_single_p_907_resume,base,FMCAD08/Int/simulation/car_5_e3_11_e5_24.lus,Unsafe,8 1,0.632,2,447,49.18,1.06,0.66,40,false,Unsafe,8 1,0.642,2,447,48.80,1.05,0.65,40,false,Unsafe,8 1,0.664,2,455,49.36,1.14,0.68,40,false,Unsafe,8 1,0.666,2,447,109.74,1.15,2.03,40,false,Unsafe,8 1,0.688,2,447,109.89,1.16,2.07,40,false
compare_single_p_907_with_base_x3,compare_single_p_907_resume,base,FMCAD08/Int/simulation/car_4_e3_57_e4_1047.lus,Safe,1,0.034,2,25,46.01,0.53,0.05,0,false,Safe,1,0.033,2,24,45.91,0.52,0.05,0,false,Safe,1,0.034,2,25,46.51,0.55,0.06,0,false,Safe,1,0.037,2,25,99.41,0.52,0.12,0,false,Safe,1,0.035,2,25,100.41,0.52,0.12,0,false
compare_single_p_907_with_base_x3,compare_single_p_907_resume,base,FMCAD08/Int/simulation/car_all_e2_142.lus,Safe,3 1,0.201,3,242,47.02,0.64,0.21,0,false,Safe,2 1,0.192,3,174,46.37,0.63,0.20,0,false,Safe,3 1,0.162,3,200,46.81,0.65,0.18,0,false,Safe,3 1,0.208,3,242,103.38,0.64,0.52,0,false,Safe,3 1,0.218,3,242,101.82,0.63,0.64,0,false
compare_single_p_907_with_base_x3,compare_single_p_907_resume,base,FMCAD08/Int/simulation/metros_3_e3_1275.lus,Timeout,7 3 2,0.836,3,838,395.26,300.24,102.84,30,true,Unsafe,55 43 7,65.473,3,9367,150.80,65.96,64.88,40,false,Unsafe,57 38 12 4,60.435,4,9894,147.54,60.88,59.79,40,false,Unsafe,13 8,0.615,2,562,393.86,74.33,174.92,40,false,Timeout,7 3 2,0.918,3,838,900.58,302.28,1.65,1,true
compare_single_p_907_with_base_x3,compare_single_p_907_resume,base,FMCAD08/Int/simulation/PRODUCER_CONSUMMER_luke_1.lus,Unsafe,,0.013,0,2,33.05,0.52,0.04,40,false,Unsafe,,0.014,0,2,32.68,0.52,0.04,40,false,Unsafe,,0.014,0,2,32.68,0.53,0.05,40,false,Unsafe,,0.013,0,2,60.07,0.52,0.07,40,false,Unsafe,,0.013,0,2,60.00,0.43,0.07,40,false
compare_single_p_907_with_base_x3,compare_single_p_907_resume,base,FMCAD08/Int/simulation/car_6_e3_294_e1_956.lus,Unsafe,10 1,0.657,2,492,49.53,1.14,0.66,40,false,Unsafe,10 1,0.659,2,492,49.73,1.14,0.67,40,false,Unsafe,11 2,0.670,2,506,50.11,1.16,0.68,40,false,Unsafe,10 1,0.702,2,492,109.12,1.16,2.16,40,false,Unsafe,10 1,0.695,2,492,109.65,1.15,2.08,40,false
compare_single_p_907_with_base_x3,compare_single_p_907_resume,base,FMCAD08/Int/simulation/car_3_e7_626_e1_305.lus,Unsafe,0,0.026,1,9,46.03,0.52,0.05,40,false,Unsafe,0,0.026,1,9,46.13,0.52,0.05,40,false,Unsafe,0,0.026,1,9,46.63,0.44,0.05,40,false,Unsafe,0,0.028,1,9,100.10,0.52,0.10,40,false,Unsafe,0,0.027,1,9,101.02,0.52,0.11,40,false
compare_single_p_907_with_base_x3,compare_single_p_907_resume,base,FMCAD08/Int/simulation/metros_5_e4_1208_e1_337.lus,Timeout,,,,,,,,,true,Timeout,,,,,,,,,true,Timeout,,,,,,,,,true,Timeout,,,,,,,,,true,Timeout,,,,,,,,,true
compare_single_p_907_with_base_x3,compare_single_p_907_resume,base,FMCAD08/Int/simulation/car_all_e3_1068.lus,Unsafe,,0.013,0,2,20.50,0.42,0.04,40,false,Unsafe,,0.014,0,2,20.34,0.52,0.04,40,false,Unsafe,,0.014,0,2,20.47,0.42,0.04,40,false,Unsafe,,0.013,0,2,20.98,0.42,0.07,40,false,Unsafe,,0.013,0,2,60.70,0.54,0.08,40,false
compare_single_p_907_with_base_x3,compare_single_p_907_resume,base,FMCAD08/Int/memory2/SYNAPSE_5_e2_1525.lus,Timeout,,,,,,,,,true,Timeout,,,,,,,,,true,Timeout,,,,,,,,,true,Timeout,,,,,,,,,true,Timeout,,,,,,,,,true
compare_single_p_907_with_base_x3,compare_single_p_907_resume,base,FMCAD08/Int/memory2/MOESI_2_e3_929_e2_2421.lus,Unsafe,,0.016,0,2,21.01,0.53,0.05,40,false,Unsafe,,0.015,0,2,32.83,0.42,0.05,40,false,Unsafe,,0.016,0,2,32.71,0.52,0.04,40,false,Unsafe,,0.014,0,2,93.55,0.53,0.08,40,false,Unsafe,,0.015,0,2,60.87,0.52,0.08,40,false
compare_single_p_907_with_base_x3,compare_single_p_907_resume,base,FMCAD08/Int/memory2/SYNAPSE_4_e8_974.lus,Safe,1,0.036,2,28,44.29,0.56,0.07,0,false,Safe,1,0.036,2,28,46.19,0.53,0.06,0,false,Safe,1,0.037,2,28,46.42,0.54,0.06,0,false,Safe,1,0.036,2,28,101.88,0.53,0.12,0,false,Safe,1,0.039,2,28,20.11,0.52,0.13,0,false
compare_single_p_907_with_base_x3,compare_single_p_907_resume,base,FMCAD08/Int/memory2/SYNAPSE_all.lus,Safe,4,0.071,2,68,46.37,0.52,0.09,0,false,Safe,4,0.070,2,66,46.24,0.54,0.09,0,false,Safe,4,0.069,2,68,46.21,0.52,0.09,0,false,Safe,4,0.073,2,68,101.26,0.53,0.23,0,false,Safe,4,0.078,2,68,101.95,0.52,0.25,0,false
compare_single_p_907_with_base_x3,compare_single_p_907_resume,base,FMCAD08/Int/memory2/MOESI_2_e7_2910_e2_611.lus,Unsafe,,0.017,0,2,32.82,0.53,0.05,40,false,Unsafe,,0.015,0,2,43.84,0.53,0.05,40,false,Unsafe,,0.016,0,2,21.18,0.42,0.04,40,false,Unsafe,,0.015,0,2,60.78,0.53,0.09,40,false,Unsafe,,0.014,0,2,60.99,0.44,0.08,40,false
compare_single_p_907_with_base_x3,compare_single_p_907_resume,base,FMCAD08/Int/memory2/MOESI_2.lus,Safe,1,0.040,2,22,46.68,0.54,0.06,0,false,Safe,1,0.038,2,22,46.81,0.52,0.06,0,false,Safe,1,0.037,2,22,46.55,0.52,0.06,0,false,Safe,1,0.038,2,22,102.43,0.54,0.13,0,false,Safe,1,0.039,2,22,101.72,0.52,0.14,0,false
compare_single_p_907_with_base_x3,compare_single_p_907_resume,base,FMCAD08/Int/memory2/ILLINOIS_2_e1_834.lus,Unsafe,,0.019,0,2,44.24,0.54,0.08,40,false,Unsafe,,0.031,0,2,41.74,0.52,0.08,40,false,Unsafe,,0.018,0,2,46.88,0.52,0.06,40,false,Unsafe,,0.019,0,2,63.64,0.52,0.11,40,false,Unsafe,,0.017,0,2,64.74,0.52,0.10,40,false
compare_single_p_907_with_base_x3,compare_single_p_907_resume,base,FMCAD08/Int/memory2/MESI_3_e1_2517_e8_2163.lus,Safe,9 7 4,0.698,4,639,51.25,1.16,0.71,0,false,Safe,11 9 8,0.629,4,589,50.75,1.04,0.63,0,false,Safe,9 7 5 4,0.888,5,872,52.68,1.35,0.88,0,false,Safe,8 6 3,0.661,4,586,111.23,1.04,1.92,0,false,Safe,9 7 4,0.774,4,642,113.47,1.27,2.29,0,false
compare_single_p_907_with_base_x3,compare_single_p_907_resume,base,FMCAD08/Int/memory2/MESI_i4_e8_1381_e1_1837.lus,Unsafe,4 2,0.132,2,115,47.06,0.63,0.16,40,false,Unsafe,6 2,0.196,2,175,46.44,0.75,0.25,40,false,Unsafe,4 2,0.132,2,115,47.20,0.64,0.15,40,false,Unsafe,4 2,0.138,2,115,103.00,0.63,0.47,40,false,Unsafe,4 2,0.144,2,115,102.55,0.63,0.45,40,false
compare_single_p_907_with_base_x3,compare_single_p_907_resume,base,FMCAD08/Int/memory2/MESI_1_e2_162_e7_1545.lus,Safe,1,0.037,2,27,44.32,0.53,0.06,0,false,Safe,1,0.035,2,26,42.32,0.55,0.07,0,false,Safe,2,0.047,2,39,45.07,0.53,0.07,0,false,Safe,1,0.036,2,27,101.19,0.55,0.14,0,false,Safe,1,0.037,2,27,20.62,0.52,0.15,0,false
compare_single_p_907_with_base_x3,compare_single_p_907_resume,base,FMCAD08/Int/memory2/MESI_i3_e1_447_e2_1098.lus,Unsafe,,0.013,0,2,20.89,0.53,0.05,40,false,Unsafe,,0.013,0,2,32.45,0.53,0.05,40,false,Unsafe,,0.013,0,2,32.94,0.52,0.04,40,false,Unsafe,,0.013,0,2,60.21,0.44,0.07,40,false,Unsafe,,0.012,0,2,59.99,0.52,0.08,40,false
compare_single_p_907_with_base_x3,compare_single_p_907_resume,base,FMCAD08/Int/memory2/SYNAPSE_5_e1_811.lus,Unsafe,0,0.028,1,9,46.55,0.52,0.05,40,false,Unsafe,0,0.028,1,9,34.30,0.52,0.05,40,false,Unsafe,0,0.029,1,9,34.21,0.52,0.05,40,false,Unsafe,0,0.028,1,9,67.69,0.53,0.10,40,false,Unsafe,0,0.027,1,9,64.75,0.52,0.10,40,false
compare_single_p_907_with_base_x3,compare_single_p_907_resume,base,FMCAD08/Int/memory2/SYNAPSE_123_e7_837_e2_1394.lus,Unsafe,,0.014,0,2,21.14,0.44,0.05,40,false,Unsafe,,0.015,0,2,44.02,0.55,0.05,40,false,Unsafe,,0.014,0,2,20.95,0.44,0.05,40,false,Unsafe,,0.015,0,2,21.28,0.42,0.08,40,false,Unsafe,,0.014,0,2,60.80,0.52,0.08,40,false
compare_single_p_907_with_base_x3,compare_single_p_907_resume,base,FMCAD08/Int/memory2/SYNAPSE_123_e8_953_e1_1128.lus,Unsafe,,0.015,0,2,20.89,0.54,0.05,40,false,Unsafe,,0.014,0,2,44.73,0.53,0.05,40,false,Unsafe,,0.014,0,2,44.36,0.54,0.05,40,false,Unsafe,,0.015,0,2,60.70,0.53,0.08,40,false,Unsafe,,0.013,0,2,34.88,0.42,0.07,40,false
compare_single_p_907_with_base_x3,compare_single_p_907_resume,base,FMCAD08/Int/memory2/ILLINOIS_2_e2_2367_e3_1601.lus,Unsafe,,0.018,0,2,46.14,0.52,0.06,40,false,Unsafe,,0.018,0,2,39.23,0.54,0.07,40,false,Unsafe,,0.018,0,2,46.49,0.53,0.06,40,false,Unsafe,,0.018,0,2,94.55,0.53,0.11,40,false,Unsafe,,0.018,0,2,88.99,0.52,0.11,40,false
compare_single_p_907_with_base_x3,compare_single_p_907_resume,base,FMCAD08/Int/memory2/MOESI_1_e2_982_e7_492.lus,Safe,2,0.052,2,41,46.27,0.52,0.07,0,false,Safe,2,0.051,2,39,46.60,0.54,0.08,0,false,Safe,2,0.052,2,41,46.64,0.53,0.08,0,false,Safe,2,0.052,2,41,89.75,0.52,0.17,0,false,Safe,2,0.054,2,41,100.85,0.52,0.18,0,false
compare_single_p_907_with_base_x3,compare_single_p_907_resume,base,FMCAD08/Int/memory2/MOESI_2_e3_929.lus,Safe,1,0.038,2,22,46.18,0.52,0.06,0,false,Safe,1,0.047,2,22,42.43,0.53,0.09,0,false,Safe,1,0.038,2,22,46.21,0.54,0.07,0,false,Safe,1,0.038,2,22,102.05,0.52,0.13,0,false,Safe,1,0.038,2,22,101.72,0.52,0.13,0,false
compare_single_p_907_with_base_x3,compare_single_p_907_resume,base,FMCAD08/Int/memory2/MESI_i4_e8_1381_e4_313.lus,Unsafe,4 2,0.134,2,115,46.58,0.62,0.15,40,false,Unsafe,6 2,0.179,2,175,47.06,0.62,0.20,40,false,Unsafe,4 2,0.135,2,115,46.95,0.64,0.16,40,false,Unsafe,4 2,0.138,2,115,102.87,0.63,0.45,40,false,Unsafe,4 2,0.145,2,115,103.03,0.63,0.45,40,false
compare_single_p_907_with_base_x3,compare_single_p_907_resume,base,FMCAD08/Int/memory2/MOESI_2_e1_1753_e1_1510.lus,Unsafe,,0.015,0,2,32.68,0.52,0.04,40,false,Unsafe,,0.015,0,2,33.05,0.52,0.04,40,false,Unsafe,,0.015,0,2,21.01,0.52,0.05,40,false,Unsafe,,0.015,0,2,60.19,0.52,0.08,40,false,Unsafe,,0.015,0,2,60.63,0.43,0.09,40,false
compare_single_p_907_with_base_x3,compare_single_p_907_resume,base,FMCAD08/Int/memory2/MESI_i1_e3_2145.lus,Unsafe,,0.015,0,2,44.72,0.53,0.06,40,false,Unsafe,,0.014,0,2,33.21,0.52,0.04,40,false,Unsafe,,0.015,0,2,32.88,0.42,0.05,40,false,Unsafe,,0.014,0,2,60.67,0.52,0.07,40,false,Unsafe,,0.013,0,2,21.39,0.42,0.07,40,false
compare_single_p_907_with_base_x3,compare_single_p_907_resume,base,FMCAD08/Int/memory2/MESI_all_e4_1147_e7_497.lus,Safe,3,0.062,2,56,46.12,0.53,0.09,0,false,Safe,3,0.058,2,55,46.38,0.52,0.08,0,false,Safe,2 1,0.113,3,127,46.91,0.62,0.13,0,false,Safe,3,0.062,2,56,36.01,0.53,0.22,0,false,Safe,3,0.069,2,56,101.89,0.52,0.22,0,false
compare_single_p_907_with_base_x3,compare_single_p_907_resume,base,FMCAD08/Int/memory2/MOESI_2_e7_2607.lus,Unsafe,,0.015,0,2,32.93,0.52,0.05,40,false,Unsafe,,0.016,0,2,22.50,0.54,0.08,40,false,Unsafe,,0.015,0,2,33.18,0.52,0.05,40,false,Unsafe,,0.015,0,2,21.30,0.42,0.08,40,false,Unsafe,,0.015,0,2,61.61,0.42,0.08,40,false
compare_single_p_907_with_base_x3,compare_single_p_907_resume,base,FMCAD08/Int/memory2/SYNAPSE_2_e8_1118_e2_237.lus,Unsafe,,0.013,0,2,32.70,0.53,0.04,40,false,Unsafe,,0.014,0,2,20.86,0.53,0.05,40,false,Unsafe,,0.013,0,2,20.85,0.42,0.04,40,false,Unsafe,,0.013,0,2,59.79,0.52,0.07,40,false,Unsafe,,0.013,0,2,61.23,0.52,0.07,40,false
compare_single_p_907_with_base_x3,compare_single_p_907_resume,base,FMCAD08/Int/memory2/MESI_i1_e3_2145_e5_2391.lus,Unsafe,,0.014,0,2,32.67,0.53,0.04,40,false,Unsafe,,0.014,0,2,32.60,0.43,0.04,40,false,Unsafe,,0.014,0,2,44.75,0.53,0.05,40,false,Unsafe,,0.014,0,2,21.29,0.55,0.09,40,false,Unsafe,,0.014,0,2,35.12,0.43,0.08,40,false
compare_single_p_907_with_base_x3,compare_single_p_907_resume,base,FMCAD08/Int/memory2/MOESI_2_e3_929_e6_2707.lus,Safe,1,0.037,2,22,46.80,0.52,0.06,0,false,Safe,1,0.038,2,22,46.43,0.53,0.07,0,false,Safe,1,0.039,2,22,46.34,0.52,0.06,0,false,Safe,1,0.050,2,22,20.30,0.53,0.20,0,false,Safe,1,0.039,2,22,100.99,0.53,0.14,0,false
compare_single_p_907_with_base_x3,compare_single_p_907_resume,base,FMCAD08/Int/memory2/SYNAPSE_4.lus,Safe,1,0.036,2,28,46.02,0.52,0.05,0,false,Safe,1,0.035,2,28,46.40,0.53,0.05,0,false,Safe,1,0.035,2,28,46.27,0.43,0.06,0,false,Safe,1,0.037,2,28,101.29,0.54,0.12,0,false,Safe,1,0.036,2,28,100.46,0.52,0.12,0,false
compare_single_p_907_with_base_x3,compare_single_p_907_resume,base,FMCAD08/Int/memory2/MESI_3_e2_819_e7_1665.lus,Unsafe,,0.020,0,2,33.26,0.52,0.05,40,false,Unsafe,,0.019,0,2,43.88,0.44,0.05,40,false,Unsafe,,0.019,0,2,42.88,0.53,0.06,40,false,Unsafe,,0.020,0,2,62.62,0.53,0.10,40,false,Unsafe,,0.019,0,2,99.29,0.53,0.10,40,false
compare_single_p_907_with_base_x3,compare_single_p_907_resume,base,FMCAD08/Int/memory2/SYNAPSE_3_e8_1329_e3_421.lus,Unsafe,0,0.040,1,21,46.32,0.52,0.06,40,false,Unsafe,0,0.040,1,21,46.06,0.53,0.07,40,false,Unsafe,0,0.040,1,22,46.45,0.53,0.07,40,false,Unsafe,0,0.040,1,21,21.14,0.52,0.15,40,false,Unsafe,0,0.041,1,21,100.55,0.54,0.15,40,false
compare_single_p_907_with_base_x3,compare_single_p_907_resume,base,FMCAD08/Int/memory2/SYNAPSE_123_e7_856.lus,Safe,3,0.056,2,46,45.50,0.55,0.08,0,false,Safe,3,0.058,2,49,46.35,0.52,0.08,0,false,Safe,3,0.057,2,48,44.86,0.53,0.08,0,false,Safe,3,0.061,2,46,100.17,0.53,0.21,0,false,Safe,3,0.058,2,46,57.48,0.53,0.20,0,false
compare_single_p_907_with_base_x3,compare_single_p_907_resume,base,FMCAD08/Int/memory2/ILLINOIS_2_e1_834_e2_3395.lus,Safe,1,0.048,2,22,41.99,0.55,0.09,0,false,Safe,1,0.078,2,22,45.15,0.53,0.12,0,false,Safe,1,0.049,2,22,46.09,0.53,0.08,0,false,Safe,1,0.048,2,22,99.46,0.52,0.17,0,false,Safe,1,0.051,2,22,98.74,0.52,0.19,0,false
compare_single_p_907_with_base_x3,compare_single_p_907_resume,base,FMCAD08/Int/memory2/MESI_i1_e3_2145_e2_2228.lus,Unsafe,,0.014,0,2,45.71,0.55,0.05,40,false,Unsafe,,0.014,0,2,21.16,0.53,0.05,40,false,Unsafe,,0.015,0,2,44.85,0.52,0.05,40,false,Unsafe,,0.013,0,2,21.25,0.42,0.07,40,false,Unsafe,,0.013,0,2,21.40,0.42,0.08,40,false
compare_single_p_907_with_base_x3,compare_single_p_907_resume,base,FMCAD08/Int/memory2/ILLINOIS_4.lus,Safe,1,0.047,2,25,32.97,0.53,0.10,0,false,Safe,1,0.045,2,24,45.84,0.52,0.08,0,false,Safe,1,0.048,2,25,43.84,0.53,0.09,0,false,Safe,1,0.048,2,25,50.41,0.53,0.21,0,false,Safe,1,0.050,2,25,93.49,0.52,0.18,0,false
compare_single_p_907_with_base_x3,compare_single_p_907_resume,base,FMCAD08/Int/memory2/MESI_i1_e3_2145_e3_977.lus,Unsafe,,0.014,0,2,20.91,0.44,0.05,40,false,Unsafe,,0.013,0,2,42.72,0.53,0.05,40,false,Unsafe,,0.014,0,2,32.84,0.53,0.04,40,false,Unsafe,,0.014,0,2,21.25,0.53,0.09,40,false,Unsafe,,0.013,0,2,21.27,0.42,0.07,40,false
compare_single_p_907_with_base_x3,compare_single_p_907_resume,base,FMCAD08/Int/memory2/ILLINOIS_3_e3_2581.lus,Unsafe,,0.019,0,2,31.89,0.53,0.07,40,false,Unsafe,,0.020,0,2,45.89,0.52,0.06,40,false,Unsafe,,0.019,0,2,44.27,0.53,0.07,40,false,Unsafe,,0.018,0,2,64.13,0.52,0.11,40,false,Unsafe,,0.019,0,2,90.05,0.52,0.11,40,false
compare_single_p_907_with_base_x3,compare_single_p_907_resume,base,FMCAD08/Int/memory2/MESI_4_e7_1140_e7_433.lus,Safe,2 1,0.099,3,111,42.82,0.54,0.12,0,false,Safe,2,0.050,2,43,46.36,0.54,0.07,0,false,Safe,2 1,0.084,3,93,46.23,0.52,0.10,0,false,Safe,2 1,0.083,3,77,101.39,0.54,0.23,0,false,Safe,2 1,0.111,3,111,102.82,0.64,0.35,0,false
compare_single_p_907_with_base_x3,compare_single_p_907_resume,base,FMCAD08/Int/memory2/MESI_all.lus,Safe,1 0,0.123,3,137,46.71,0.64,0.14,0,false,Safe,4,0.073,2,70,46.00,0.52,0.09,0,false,Safe,1 0,0.122,3,133,47.21,0.66,0.15,0,false,Safe,1 0,0.125,3,137,102.14,0.53,0.32,0,false,Safe,1 0,0.130,3,137,103.95,0.65,0.40,0,false
compare_single_p_907_with_base_x3,compare_single_p_907_resume,base,FMCAD08/Int/memory2/SYNAPSE_2_e8_1118_e1_667.lus,Unsafe,,0.013,0,2,32.79,0.52,0.04,40,false,Unsafe,,0.014,0,2,33.95,0.43,0.05,40,false,Unsafe,,0.013,0,2,32.66,0.52,0.04,40,false,Unsafe,,0.013,0,2,21.03,0.42,0.07,40,false,Unsafe,,0.013,0,2,59.98,0.55,0.08,40,false
compare_single_p_907_with_base_x3,compare_single_p_907_resume,base,FMCAD08/Int/memory2/MOESI_2_e7_2910_e1_1021.lus,Unsafe,,0.015,0,2,21.18,0.42,0.04,40,false,Unsafe,,0.015,0,2,32.68,0.53,0.05,40,false,Unsafe,,0.016,0,2,21.18,0.42,0.04,40,false,Unsafe,,0.015,0,2,60.68,0.52,0.08,40,false,Unsafe,,0.026,0,2,93.88,0.53,0.13,40,false
compare_single_p_907_with_base_x3,compare_single_p_907_resume,base,FMCAD08/Int/memory2/SYNAPSE_123_e3_302_e1_1141.lus,Unsafe,0,0.030,1,9,46.34,0.55,0.06,40,false,Unsafe,0,0.029,1,9,20.92,0.53,0.06,40,false,Unsafe,0,0.030,1,9,46.73,0.54,0.06,40,false,Unsafe,0,0.029,1,9,88.19,0.53,0.12,40,false,Unsafe,0,0.032,1,9,100.75,0.52,0.12,40,false
compare_single_p_907_with_base_x3,compare_single_p_907_resume,base,FMCAD08/Int/memory2/SYNAPSE_all_e7_907.lus,Safe,4,0.065,2,58,46.34,0.52,0.08,0,false,Safe,4,0.134,2,58,46.46,0.55,0.15,0,false,Safe,4,0.064,2,58,45.09,0.55,0.09,0,false,Safe,4,0.067,2,58,100.26,0.52,0.21,0,false,Safe,4,0.071,2,58,94.57,0.53,0.24,0,false
compare_single_p_907_with_base_x3,compare_single_p_907_resume,base,FMCAD08/Int/memory2/SYNAPSE_123_e8_953_e3_271.lus,Unsafe,2,0.073,1,44,43.85,0.52,0.11,40,false,Unsafe,1,0.050,1,30,46.35,0.53,0.08,40,false,Unsafe,2,0.090,1,44,43.02,0.54,0.13,40,false,Unsafe,2,0.066,1,44,101.41,0.52,0.21,40,false,Unsafe,2,0.072,1,44,101.35,0.52,0.24,40,false
compare_single_p_907_with_base_x3,compare_single_p_907_resume,base,FMCAD08/Int/memory2/SYNAPSE_2_e8_656.lus,Safe,1,0.033,2,20,42.54,0.54,0.07,0,false,Safe,1,0.031,2,20,46.42,0.52,0.05,0,false,Safe,1,0.031,2,20,46.82,0.52,0.05,0,false,Safe,1,0.032,2,20,94.79,0.55,0.13,0,false,Safe,1,0.033,2,20,100.98,0.53,0.12,0,false
compare_single_p_907_with_base_x3,compare_single_p_907_resume,base,FMCAD08/Int/memory2/SYNAPSE_3_e1_1416_e2_753.lus,Unsafe,,0.014,0,2,20.99,0.44,0.04,40,false,Unsafe,,0.014,0,2,20.86,0.42,0.04,40,false,Unsafe,,0.015,0,2,20.99,0.42,0.04,40,false,Unsafe,,0.014,0,2,20.99,0.42,0.07,40,false,Unsafe,,0.014,0,2,21.04,0.53,0.09,40,false
compare_single_p_907_with_base_x3,compare_single_p_907_resume,base,FMCAD08/Int/memory2/SYNAPSE_3_e7_425.lus,Safe,1,0.035,2,22,33.94,0.54,0.06,0,false,Safe,1,0.033,2,22,46.22,0.53,0.05,0,false,Safe,1,0.035,2,24,46.46,0.52,0.05,0,false,Safe,1,0.034,2,22,100.86,0.53,0.12,0,false,Safe,1,0.034,2,22,67.65,0.54,0.13,0,false
compare_single_p_907_with_base_x3,compare_single_p_907_resume,base,FMCAD08/Int/memory2/ILLINOIS_2.lus,Safe,1,0.047,2,22,19.40,0.53,0.10,0,false,Safe,1,0.063,2,22,19.58,0.56,0.12,0,false,Safe,1,0.048,2,22,22.48,0.52,0.08,0,false,Safe,1,0.048,2,22,93.09,0.52,0.17,0,false,Safe,1,0.050,2,22,99.60,0.53,0.19,0,false
compare_single_p_907_with_base_x3,compare_single_p_907_resume,base,FMCAD08/Int/memory2/ILLINOIS_5_e7_692_e7_2865.lus,Safe,1,0.050,2,25,38.38,0.53,0.09,0,false,Safe,1,0.047,2,24,43.98,0.52,0.08,0,false,Safe,1,0.048,2,25,46.98,0.52,0.08,0,false,Safe,1,0.049,2,25,101.64,0.52,0.17,0,false,Safe,1,0.056,2,25,67.40,0.53,0.20,0,false
compare_single_p_907_with_base_x3,compare_single_p_907_resume,base,FMCAD08/Int/memory2/MOESI_2_e3_929_e3_2294.lus,Unsafe,0,0.043,1,17,46.61,0.53,0.07,40,false,Unsafe,0,0.047,1,17,42.43,0.53,0.10,40,false,Unsafe,0,0.044,1,17,46.71,0.55,0.08,40,false,Unsafe,0,0.042,1,17,101.05,0.52,0.15,40,false,Unsafe,0,0.045,1,17,101.12,0.52,0.17,40,false
compare_single_p_907_with_base_x3,compare_single_p_907_resume,base,FMCAD08/Int/memory2/MOESI_2_e3_929_e4_578.lus,Safe,1,0.038,2,22,45.42,0.54,0.06,0,false,Safe,1,0.037,2,22,45.30,0.52,0.06,0,false,Safe,1,0.038,2,22,45.46,0.52,0.06,0,false,Safe,1,0.037,2,22,102.55,0.52,0.13,0,false,Safe,1,0.038,2,22,101.25,0.52,0.13,0,false
compare_single_p_907_with_base_x3,compare_single_p_907_resume,base,FMCAD08/Int/memory2/SYNAPSE_2.lus,Safe,1,0.032,2,20,43.84,0.53,0.06,0,false,Safe,1,0.047,2,20,19.23,0.53,0.08,0,false,Safe,1,0.031,2,20,19.35,0.53,0.06,0,false,Safe,1,0.034,2,20,64.92,0.52,0.11,0,false,Safe,1,0.035,2,20,100.73,0.53,0.12,0,false
compare_single_p_907_with_base_x3,compare_single_p_907_resume,base,FMCAD08/Int/memory2/MESI_i2.lus,Unsafe,0,0.027,1,9,34.32,0.43,0.05,40,false,Unsafe,0,0.027,1,9,46.56,0.53,0.06,40,false,Unsafe,0,0.027,1,9,34.44,0.43,0.06,40,false,Unsafe,0,0.027,1,9,64.21,0.52,0.10,40,false,Unsafe,0,0.028,1,9,100.86,0.53,0.11,40,false
compare_single_p_907_with_base_x3,compare_single_p_907_resume,base,FMCAD08/Int/memory2/MESI_i1_e4_1986_e1_1519.lus,Unsafe,0,0.041,1,17,44.12,0.54,0.07,40,false,Unsafe,0,0.050,1,17,42.04,0.53,0.10,40,false,Unsafe,0,0.040,1,17,46.88,0.54,0.07,40,false,Unsafe,0,0.040,1,17,101.58,0.52,0.14,40,false,Unsafe,0,0.042,1,17,101.77,0.53,0.16,40,false
compare_single_p_907_with_base_x3,compare_single_p_907_resume,base,FMCAD08/Int/memory2/ILLINOIS_2_e2_2367_e7_2728.lus,Unsafe,,0.019,0,2,45.74,0.52,0.06,40,false,Unsafe,,0.018,0,2,32.23,0.55,0.08,40,false,Unsafe,,0.019,0,2,44.39,0.54,0.07,40,false,Unsafe,,0.017,0,2,21.43,0.54,0.12,40,false,Unsafe,,0.021,0,2,57.48,0.53,0.12,40,false
compare_single_p_907_with_base_x3,compare_single_p_907_resume,base,FMCAD08/Int/memory2/MOESI_2_e8_926_e8_2138.lus,Safe,1,0.038,2,22,46.09,0.52,0.06,0,false,Safe,1,0.038,2,22,45.29,0.54,0.07,0,false,Safe,1,0.038,2,22,46.30,0.52,0.06,0,false,Safe,1,0.038,2,22,101.55,0.52,0.13,0,false,Safe,1,0.038,2,22,89.72,0.53,0.14,0,false
compare_single_p_907_with_base_x3,compare_single_p_907_resume,base,FMCAD08/Int/memory2/SYNAPSE_5_e1_811_e1_823.lus,Unsafe,0,0.026,1,9,33.84,0.52,0.05,40,false,Unsafe,0,0.027,1,9,46.56,0.53,0.06,40,false,Unsafe,0,0.028,1,9,34.31,0.44,0.06,40,false,Unsafe,0,0.041,1,9,21.48,0.52,0.16,40,false,Unsafe,0,0.031,1,9,63.77,0.52,0.12,40,false
compare_single_p_907_with_base_x3,compare_single_p_907_resume,base,FMCAD08/Int/memory2/ILLINOIS_r4a.lus,Safe,16 13 7,0.777,4,781,50.22,1.25,0.80,0,false,Safe,13 11 10 4,1.159,5,1178,51.83,1.67,1.17,0,false,Safe,19 15 7,0.892,4,952,50.53,1.35,0.92,0,false,Safe,14 11 5,0.698,4,697,110.04,1.25,2.28,0,false,Safe,16 13 7,0.826,4,784,109.91,1.36,2.49,0,false
compare_single_p_907_with_base_x3,compare_single_p_907_resume,base,FMCAD08/Int/memory2/ILLINOIS_4_e7_2651_e7_2847.lus,Safe,2,0.059,2,31,44.47,0.52,0.09,0,false,Safe,2,0.059,2,31,31.72,0.52,0.09,0,false,Safe,2,0.061,2,31,44.61,0.52,0.10,0,false,Safe,2,0.060,2,31,20.26,0.52,0.21,0,false,Safe,2,0.060,2,31,38.55,0.53,0.22,0,false
compare_single_p_907_with_base_x3,compare_single_p_907_resume,base,FMCAD08/Int/memory2/ILLINOIS_2_e1_834_e7_3738.lus,Unsafe,,0.018,0,2,46.16,0.44,0.07,40,false,Unsafe,,0.018,0,2,46.49,0.54,0.06,40,false,Unsafe,,0.019,0,2,30.98,0.55,0.07,40,false,Unsafe,,0.018,0,2,63.76,0.54,0.11,40,false,Unsafe,,0.019,0,2,21.54,0.52,0.12,40,false
compare_single_p_907_with_base_x3,compare_single_p_907_resume,base,FMCAD08/Int/memory2/SYNAPSE_2_e8_1118_e8_1177.lus,Safe,1,0.030,2,20,45.95,0.53,0.05,0,false,Safe,1,0.047,2,20,43.79,0.55,0.09,0,false,Safe,1,0.031,2,20,46.42,0.55,0.06,0,false,Safe,1,0.031,2,20,100.82,0.53,0.11,0,false,Safe,1,0.031,2,20,64.00,0.52,0.11,0,false
compare_single_p_907_with_base_x3,compare_single_p_907_resume,base,FMCAD08/Int/memory2/MESI_i1_e3_2145_e8_2325.lus,Unsafe,,0.014,0,2,32.86,0.53,0.05,40,false,Unsafe,,0.024,0,2,42.75,0.54,0.07,40,false,Unsafe,,0.014,0,2,44.98,0.53,0.05,40,false,Unsafe,,0.014,0,2,34.50,0.42,0.08,40,false,Unsafe,,0.014,0,2,60.64,0.52,0.07,40,false
compare_single_p_907_with_base_x3,compare_single_p_907_resume,base,FMCAD08/Int/memory2/ILLINOIS_5.lus,Safe,1,0.046,2,25,46.05,0.53,0.08,0,false,Safe,1,0.047,2,24,19.38,0.54,0.09,0,false,Safe,1,0.048,2,25,31.00,0.53,0.11,0,false,Safe,1,0.047,2,25,94.13,0.52,0.17,0,false,Safe,1,0.056,2,25,98.11,0.53,0.20,0,false
compare_single_p_907_with_base_x3,compare_single_p_907_resume,base,FMCAD08/Int/memory2/ILLINOIS_2_e1_834_e3_2931.lus,Unsafe,,0.018,0,2,43.98,0.53,0.06,40,false,Unsafe,,0.018,0,2,42.11,0.56,0.07,40,false,Unsafe,,0.018,0,2,42.12,0.55,0.07,40,false,Unsafe,,0.018,0,2,101.28,0.52,0.10,40,false,Unsafe,,0.019,0,2,94.13,0.52,0.11,40,false
compare_single_p_907_with_base_x3,compare_single_p_907_resume,base,FMCAD08/Int/memory2/ILLINOIS_3_e3_2581_e2_2545.lus,Unsafe,,0.017,0,1,46.05,0.53,0.06,40,false,Unsafe,,0.017,0,1,43.64,0.53,0.06,40,false,Unsafe,,0.016,0,1,44.14,0.55,0.06,40,false,Unsafe,,0.016,0,1,64.46,0.53,0.10,40,false,Unsafe,,0.016,0,1,100.05,0.52,0.10,40,false
compare_single_p_907_with_base_x3,compare_single_p_907_resume,base,FMCAD08/Int/memory2/SYNAPSE_6_e2_1439_e1_954.lus,Safe,5 4,0.120,3,133,46.44,0.65,0.16,0,false,Safe,5 4,0.109,3,130,46.56,0.53,0.13,0,false,Safe,5 4,0.113,3,131,45.96,0.64,0.14,0,false,Safe,5 4,0.114,3,133,100.26,0.63,0.34,0,false,Safe,5 4,0.120,3,133,100.89,0.52,0.36,0,false
compare_single_p_907_with_base_x3,compare_single_p_907_resume,base,FMCAD08/Int/memory2/SYNAPSE_all_e8_251_e3_1472.lus,Unsafe,1,0.082,1,31,21.00,0.52,0.13,40,false,Unsafe,1,0.051,1,30,46.46,0.52,0.07,40,false,Unsafe,1,0.051,1,31,46.58,0.53,0.08,40,false,Unsafe,1,0.052,1,31,98.99,0.54,0.19,40,false,Unsafe,1,0.054,1,31,101.32,0.52,0.19,40,false
compare_single_p_907_with_base_x3,compare_single_p_907_resume,base,FMCAD08/Int/memory2/MOESI_2_e8_926_e7_961.lus,Unsafe,,0.015,0,2,32.93,0.55,0.05,40,false,Unsafe,,0.016,0,2,21.18,0.42,0.04,40,false,Unsafe,,0.016,0,2,21.27,0.42,0.05,40,false,Unsafe,,0.015,0,2,61.05,0.43,0.08,40,false,Unsafe,,0.015,0,2,60.86,0.52,0.08,40,false
compare_single_p_907_with_base_x3,compare_single_p_907_resume,base,FMCAD08/Int/memory2/MOESI_2_e3_929_e8_1167.lus,Safe,1,0.037,2,20,19.34,0.53,0.06,0,false,Safe,1,0.038,2,20,44.68,0.52,0.06,0,false,Safe,1,0.037,2,20,46.50,0.54,0.06,0,false,Safe,1,0.036,2,20,102.71,0.52,0.12,0,false,Safe,1,0.040,2,20,20.09,0.53,0.15,0,false
compare_single_p_907_with_base_x3,compare_single_p_907_resume,base,FMCAD08/Int/memory2/MESI_3_e2_819_e5_2554.lus,Unsafe,,0.032,0,2,33.38,0.44,0.07,40,false,Unsafe,,0.029,0,2,31.66,0.53,0.08,40,false,Unsafe,,0.039,0,2,44.50,0.55,0.08,40,false,Unsafe,,0.018,0,2,63.71,0.42,0.09,40,false,Unsafe,,0.018,0,2,63.40,0.52,0.09,40,false
compare_single_p_907_with_base_x3,compare_single_p_907_resume,base,FMCAD08/Int/memory2/SYNAPSE_2_e1_1239.lus,Unsafe,,0.013,0,2,32.66,0.53,0.05,40,false,Unsafe,,0.014,0,2,44.72,0.52,0.04,40,false,Unsafe,,0.013,0,2,32.54,0.52,0.04,40,false,Unsafe,,0.013,0,2,60.29,0.54,0.08,40,false,Unsafe,,0.013,0,2,21.40,0.42,0.07,40,false
compare_single_p_907_with_base_x3,compare_single_p_907_resume,base,FMCAD08/Int/memory2/MOESI_2_e3_929_e5_1826.lus,Safe,1,0.038,2,22,46.80,0.52,0.06,0,false,Safe,1,0.039,2,22,46.68,0.54,0.07,0,false,Safe,1,0.037,2,22,46.59,0.54,0.06,0,false,Safe,1,0.038,2,22,101.71,0.53,0.13,0,false,Safe,1,0.038,2,22,101.86,0.52,0.13,0,false
compare_single_p_907_with_base_x3,compare_single_p_907_resume,base,FMCAD08/Int/memory2/SYNAPSE_i1.lus,Unsafe,,0.013,0,2,20.85,0.43,0.04,40,false,Unsafe,,0.013,0,2,32.53,0.54,0.05,40,false,Unsafe,,0.014,0,2,32.78,0.52,0.04,40,false,Unsafe,,0.012,0,2,21.10,0.42,0.07,40,false,Unsafe,,0.013,0,2,21.12,0.42,0.07,40,false
compare_single_p_907_with_base_x3,compare_single_p_907_resume,base,FMCAD08/Int/memory2/SYNAPSE_3_e1_1416.lus,Unsafe,,0.014,0,2,32.88,0.42,0.04,40,false,Unsafe,,0.014,0,2,32.70,0.44,0.05,40,false,Unsafe,,0.014,0,2,20.90,0.42,0.04,40,false,Unsafe,,0.014,0,2,59.85,0.52,0.07,40,false,Unsafe,,0.013,0,2,61.04,0.52,0.07,40,false
compare_single_p_907_with_base_x3,compare_single_p_907_resume,base,FMCAD08/Int/memory2/MESI_i1_e2_2656.lus,Unsafe,,0.014,0,2,21.13,0.43,0.05,40,false,Unsafe,,0.014,0,2,32.50,0.53,0.05,40,false,Unsafe,,0.015,0,2,44.97,0.54,0.05,40,false,Unsafe,,0.014,0,2,21.13,0.42,0.07,40,false,Unsafe,,0.013,0,2,21.41,0.42,0.07,40,false
compare_single_p_907_with_base_x3,compare_single_p_907_resume,base,FMCAD08/Int/memory2/MESI_i1_e3_2145_e4_1717.lus,Unsafe,,0.013,0,2,32.72,0.52,0.04,40,false,Unsafe,,0.023,0,2,42.72,0.53,0.07,40,false,Unsafe,,0.015,0,2,20.88,0.42,0.04,40,false,Unsafe,,0.014,0,2,60.29,0.44,0.08,40,false,Unsafe,,0.013,0,2,60.58,0.52,0.07,40,false
compare_single_p_907_with_base_x3,compare_single_p_907_resume,base,FMCAD08/Int/memory2/MESI_3_e3_2669.lus,Safe,3 1 0,0.507,4,478,50.13,0.94,0.51,0,false,Safe,6 2 1,0.797,4,734,52.29,1.25,0.80,0,false,Safe,4 1 0,0.731,4,618,52.12,1.16,0.73,0,false,Safe,3 1 0,0.500,4,436,108.96,0.84,1.38,0,false,Safe,3 1 0,0.553,4,478,110.96,1.05,1.63,0,false
compare_single_p_907_with_base_x3,compare_single_p_907_resume,base,FMCAD08/Int/memory2/ILLINOIS_3_e3_2581_e4_958.lus,Unsafe,,0.017,0,1,43.27,0.54,0.06,40,false,Unsafe,,0.016,0,1,43.17,0.53,0.06,40,false,Unsafe,,0.017,0,1,43.78,0.52,0.06,40,false,Unsafe,,0.016,0,1,93.67,0.52,0.10,40,false,Unsafe,,0.016,0,1,57.80,0.52,0.10,40,false
compare_single_p_907_with_base_x3,compare_single_p_907_resume,base,FMCAD08/Int/memory2/MOESI_2_e3_929_e7_619.lus,Unsafe,,0.015,0,2,32.67,0.52,0.05,40,false,Unsafe,,0.015,0,2,34.18,0.44,0.05,40,false,Unsafe,,0.016,0,2,21.05,0.42,0.04,40,false,Unsafe,,0.015,0,2,21.30,0.42,0.08,40,false,Unsafe,,0.015,0,2,60.86,0.52,0.08,40,false
compare_single_p_907_with_base_x3,compare_single_p_907_resume,base,FMCAD08/Int/memory2/MESI_i1_e3_2145_e7_1847.lus,Unsafe,,0.016,0,2,32.71,0.54,0.06,40,false,Unsafe,,0.013,0,2,32.96,0.52,0.04,40,false,Unsafe,,0.014,0,2,45.34,0.52,0.04,40,false,Unsafe,,0.013,0,2,60.89,0.44,0.08,40,false,Unsafe,,0.013,0,2,21.27,0.42,0.07,40,false
compare_single_p_907_with_base_x3,compare_single_p_907_resume,base,FMCAD08/Int/memory2/SYNAPSE_123_e8_953_e8_941.lus,Safe,3,0.060,2,49,46.48,0.52,0.08,0,false,Safe,3,0.057,2,47,33.76,0.62,0.08,0,false,Safe,3,0.059,2,49,19.27,0.53,0.08,0,false,Safe,3,0.060,2,49,101.20,0.53,0.20,0,false,Safe,3,0.066,2,49,101.86,0.52,0.22,0,false
compare_single_p_907_with_base_x3,compare_single_p_907_resume,base,FMCAD08/Int/memory2/SYNAPSE_5_e1_811_e2_1026.lus,Unsafe,0,0.028,1,9,33.96,0.53,0.05,40,false,Unsafe,0,0.027,1,9,21.11,0.52,0.05,40,false,Unsafe,0,0.027,1,9,34.19,0.46,0.07,40,false,Unsafe,0,0.028,1,9,64.34,0.52,0.11,40,false,Unsafe,0,0.027,1,9,64.79,0.53,0.11,40,false
compare_single_p_907_with_base_x3,compare_single_p_907_resume,base,FMCAD08/Int/memory2/ILLINOIS_2_e2_876.lus,Unsafe,,0.018,0,2,44.02,0.53,0.07,40,false,Unsafe,,0.018,0,2,34.27,0.52,0.06,40,false,Unsafe,,0.018,0,2,45.65,0.45,0.07,40,false,Unsafe,,0.018,0,2,64.93,0.52,0.10,40,false,Unsafe,,0.018,0,2,93.99,0.52,0.11,40,false
compare_single_p_907_with_base_x3,compare_single_p_907_resume,base,FMCAD08/Int/memory2/ILLINOIS_2_e1_834_e1_1895.lus,Unsafe,,0.018,0,2,21.14,0.53,0.07,40,false,Unsafe,,0.032,0,2,21.30,0.55,0.11,40,false,Unsafe,,0.018,0,2,44.50,0.52,0.07,40,false,Unsafe,,0.018,0,2,63.55,0.55,0.11,40,false,Unsafe,,0.018,0,2,21.55,0.54,0.13,40,false
compare_single_p_907_with_base_x3,compare_single_p_907_resume,base,FMCAD08/Int/memory2/MESI_i3_e1_447.lus,Unsafe,2 1,0.069,2,54,46.57,0.52,0.09,40,false,Unsafe,2 1,0.069,2,52,44.95,0.52,0.09,40,false,Unsafe,2 1,0.070,2,54,35.82,0.53,0.10,40,false,Unsafe,2 1,0.070,2,54,101.75,0.52,0.23,40,false,Unsafe,2 1,0.077,2,54,100.65,0.52,0.25,40,false
compare_single_p_907_with_base_x3,compare_single_p_907_resume,base,FMCAD08/Int/memory2/MESI_3_e2_819_e1_1145.lus,Safe,12 8,0.576,3,510,50.12,1.04,0.58,0,false,Safe,8 5 1,0.760,4,733,51.75,1.25,0.77,0,false,Safe,8 4 3,0.779,4,720,52.23,1.26,0.78,0,false,Safe,6 2 1,0.730,4,638,111.22,1.15,2.16,0,false,Safe,12 8,0.613,3,510,111.25,1.05,1.84,0,false
compare_single_p_907_with_base_x3,compare_single_p_907_resume,base,FMCAD08/Int/memory2/MESI_3.lus,Safe,12 8,0.591,3,510,50.14,1.04,0.60,0,false,Safe,5 2 1,0.597,4,570,51.39,1.18,0.63,0,false,Safe,8 4 3,0.771,4,720,51.66,1.24,0.76,0,false,Safe,5 1 0,0.715,4,617,113.51,1.15,2.07,0,false,Safe,12 8,0.615,3,510,111.94,1.06,1.85,0,false
compare_single_p_907_with_base_x3,compare_single_p_907_resume,base,FMCAD08/Int/memory2/MESI_i1_e3_2145_e1_2667.lus,Unsafe,,0.014,0,2,32.61,0.52,0.04,40,false,Unsafe,,0.014,0,2,32.92,0.54,0.05,40,false,Unsafe,,0.013,0,2,33.09,0.43,0.05,40,false,Unsafe,,0.014,0,2,60.77,0.54,0.08,40,false,Unsafe,,0.014,0,2,61.20,0.52,0.08,40,false
compare_single_p_907_with_base_x3,compare_single_p_907_resume,base,FMCAD08/Int/memory2/ILLINOIS_a1.lus,Safe,10 8 4,0.560,4,583,49.39,1.05,0.58,0,false,Safe,10 8 4,0.559,4,589,49.27,1.07,0.59,0,false,Safe,10 8 4,0.562,4,589,49.87,1.04,0.58,0,false,Safe,10 8 4,0.567,4,583,109.78,1.05,1.74,0,false,Safe,10 8 4,0.592,4,577,109.11,1.05,1.79,0,false
compare_single_p_907_with_base_x3,compare_single_p_907_resume,base,FMCAD08/Int/memory2/MOESI_2_e8_926_e1_1065.lus,Safe,1,0.038,2,20,44.88,0.52,0.06,0,false,Safe,1,0.038,2,20,19.55,0.52,0.07,0,false,Safe,1,0.038,2,20,46.93,0.52,0.06,0,false,Safe,1,0.038,2,20,95.93,0.54,0.13,0,false,Safe,1,0.046,2,20,20.10,0.52,0.16,0,false
compare_single_p_907_with_base_x3,compare_single_p_907_resume,base,FMCAD08/Int/memory2/MESI_i4_e6_2175.lus,Safe,17 15 12 7,0.673,5,915,49.20,1.16,0.68,0,false,Safe,18 16 12 7,0.697,5,959,49.23,1.14,0.71,0,false,Safe,20 17 11 6,0.988,5,1297,50.43,1.45,0.98,0,false,Safe,14 12 9 5,0.591,5,782,107.96,1.05,1.84,0,false,Safe,17 15 12 7,0.712,5,909,109.05,1.15,2.11,0,false
compare_single_p_907_with_base_x3,compare_single_p_907_resume,base,FMCAD08/Int/memory2/SYNAPSE_3_e1_1416_e7_193.lus,Unsafe,,0.014,0,2,32.73,0.53,0.05,40,false,Unsafe,,0.014,0,2,32.94,0.54,0.04,40,false,Unsafe,,0.014,0,2,32.85,0.43,0.04,40,false,Unsafe,,0.026,0,2,89.23,0.53,0.12,40,false,Unsafe,,0.014,0,2,61.18,0.53,0.08,40,false
compare_single_p_907_with_base_x3,compare_single_p_907_resume,base,FMCAD08/Int/memory2/SYNAPSE_all_e8_251.lus,Safe,4,0.107,2,68,46.27,0.63,0.14,0,false,Safe,4,0.093,2,66,40.96,0.54,0.14,0,false,Safe,4,0.074,2,68,46.71,0.54,0.10,0,false,Safe,4,0.073,2,68,101.81,0.54,0.23,0,false,Safe,4,0.080,2,68,101.57,0.52,0.26,0,false
compare_single_p_907_with_base_x3,compare_single_p_907_resume,base,FMCAD08/Int/memory2/MOESI_2_e1_1753.lus,Safe,1,0.038,2,22,44.80,0.52,0.06,0,false,Safe,1,0.038,2,22,42.68,0.52,0.06,0,false,Safe,1,0.056,2,22,45.55,0.53,0.08,0,false,Safe,1,0.037,2,22,100.81,0.54,0.13,0,false,Safe,1,0.038,2,22,101.99,0.52,0.13,0,false
compare_single_p_907_with_base_x3,compare_single_p_907_resume,base,FMCAD08/Int/memory2/MESI_3_e2_819_e6_1459.lus,Safe,12 10 7,0.817,4,720,51.38,1.28,0.81,0,false,Safe,11 8 7,0.716,4,672,51.13,1.15,0.72,0,false,Safe,14 10 8,0.944,4,897,52.88,1.46,0.95,0,false,Safe,11 9 6,0.781,4,695,112.21,1.26,2.33,0,false,Safe,12 10 7,0.815,4,720,114.01,1.26,2.42,0,false
compare_single_p_907_with_base_x3,compare_single_p_907_resume,base,FMCAD08/Int/memory2/MOESI_2_e8_101.lus,Safe,1,0.039,2,20,19.61,0.53,0.08,0,false,Safe,1,0.037,2,20,19.30,0.53,0.07,0,false,Safe,1,0.037,2,20,19.55,0.53,0.07,0,false,Safe,1,0.037,2,20,101.05,0.52,0.13,0,false,Safe,1,0.037,2,20,95.54,0.52,0.13,0,false
compare_single_p_907_with_base_x3,compare_single_p_907_resume,base,FMCAD08/Int/memory2/MOESI_2_e7_2910_e7_1804.lus,Unsafe,,0.016,0,2,33.29,0.42,0.04,40,false,Unsafe,,0.015,0,2,44.41,0.54,0.06,40,false,Unsafe,,0.016,0,2,21.18,0.42,0.04,40,false,Unsafe,,0.015,0,2,21.21,0.43,0.08,40,false,Unsafe,,0.016,0,2,60.49,0.52,0.09,40,false
compare_single_p_907_with_base_x3,compare_single_p_907_resume,base,FMCAD08/Int/memory2/SYNAPSE_5.lus,Timeout,,,,,,,,,true,Timeout,,,,,,,,,true,Timeout,,,,,,,,,true,Timeout,,,,,,,,,true,Timeout,,,,,,,,,true
compare_single_p_907_with_base_x3,compare_single_p_907_resume,base,FMCAD08/Int/memory2/MOESI_2_e1_1753_e3_2021.lus,Unsafe,0,0.044,1,17,45.93,0.52,0.07,40,false,Unsafe,0,0.044,1,17,42.30,0.53,0.09,40,false,Unsafe,0,0.044,1,17,46.55,0.55,0.08,40,false,Unsafe,0,0.073,1,17,96.93,0.55,0.25,40,false,Unsafe,0,0.046,1,17,21.57,0.52,0.17,40,false
compare_single_p_907_with_base_x3,compare_single_p_907_resume,base,FMCAD08/Int/memory2/SYNAPSE_all_e3_1864_e7_251.lus,Unsafe,1,0.044,1,22,46.50,0.55,0.07,40,false,Unsafe,1,0.044,1,22,46.14,0.52,0.07,40,false,Unsafe,1,0.045,1,22,21.13,0.53,0.09,40,false,Unsafe,1,0.044,1,22,101.24,0.53,0.16,40,false,Unsafe,1,0.045,1,22,101.57,0.52,0.16,40,false
compare_single_p_907_with_base_x3,compare_single_p_907_resume,base,FMCAD08/Int/memory2/SYNAPSE_6_e8_1147_e2_1326.lus,Safe,3,0.063,2,58,46.05,0.53,0.08,0,false,Safe,3,0.057,2,51,46.43,0.52,0.07,0,false,Safe,3,0.061,2,55,46.43,0.52,0.08,0,false,Safe,3,0.062,2,58,101.70,0.52,0.19,0,false,Safe,3,0.068,2,58,101.32,0.53,0.22,0,false
compare_single_p_907_with_base_x3,compare_single_p_907_resume,base,FMCAD08/Int/memory2/ILLINOIS_3_e3_2581_e1_1130.lus,Unsafe,,0.016,0,1,34.15,0.43,0.06,40,false,Unsafe,,0.016,0,1,34.28,0.53,0.06,40,false,Unsafe,,0.016,0,1,44.05,0.52,0.06,40,false,Unsafe,,0.016,0,1,35.51,0.54,0.12,40,false,Unsafe,,0.016,0,1,64.28,0.52,0.10,40,false
compare_single_p_907_with_base_x3,compare_single_p_907_resume,base,FMCAD08/Int/memory2/SYNAPSE_6_e3_1666_e5_1558.lus,Safe,6 4,0.107,3,122,46.68,0.52,0.12,0,false,Safe,6 4,0.113,3,130,46.40,0.62,0.13,0,false,Safe,6 4,0.114,3,132,46.93,0.52,0.13,0,false,Safe,6 4,0.109,3,122,101.07,0.53,0.35,0,false,Safe,6 4,0.116,3,122,101.05,0.63,0.35,0,false
compare_single_p_907_with_base_x3,compare_single_p_907_resume,base,FMCAD08/Int/memory2/ILLINOIS_2_e2_2367_e2_1561.lus,Unsafe,,0.018,0,2,44.28,0.52,0.06,40,false,Unsafe,,0.018,0,2,43.96,0.52,0.07,40,false,Unsafe,,0.018,0,2,34.49,0.52,0.06,40,false,Unsafe,,0.018,0,2,93.59,0.52,0.11,40,false,Unsafe,,0.018,0,2,57.71,0.52,0.11,40,false
compare_single_p_907_with_base_x3,compare_single_p_907_resume,base,FMCAD08/Int/memory2/MOESI_all.lus,Safe,3,0.068,2,53,46.69,0.52,0.09,0,false,Safe,3,0.093,2,51,42.47,0.54,0.12,0,false,Safe,3,0.067,2,53,44.59,0.53,0.09,0,false,Safe,3,0.076,2,53,92.52,0.52,0.26,0,false,Safe,3,0.072,2,53,100.75,0.52,0.24,0,false
compare_single_p_907_with_base_x3,compare_single_p_907_resume,base,FMCAD08/Int/memory2/SYNAPSE_all_e8_251_e1_1852.lus,Unsafe,,0.014,0,2,44.74,0.53,0.05,40,false,Unsafe,,0.035,0,2,21.05,0.54,0.09,40,false,Unsafe,,0.015,0,2,20.88,0.42,0.04,40,false,Unsafe,,0.013,0,2,60.51,0.52,0.07,40,false,Unsafe,,0.014,0,2,61.20,0.52,0.08,40,false
compare_single_p_907_with_base_x3,compare_single_p_907_resume,base,FMCAD08/Int/memory2/ILLINOIS_3_e3_2581_e3_979.lus,Unsafe,,0.019,0,2,46.43,0.52,0.06,40,false,Unsafe,,0.019,0,2,42.17,0.52,0.06,40,false,Unsafe,,0.019,0,2,44.27,0.54,0.07,40,false,Unsafe,,0.020,0,2,103.19,0.53,0.11,40,false,Unsafe,,0.019,0,2,101.09,0.52,0.11,40,false
compare_single_p_907_with_base_x3,compare_single_p_907_resume,base,FMCAD08/Int/memory2/SYNAPSE_3_e1_1416_e3_1191.lus,Unsafe,,0.014,0,2,32.47,0.52,0.04,40,false,Unsafe,,0.014,0,2,21.03,0.42,0.04,40,false,Unsafe,,0.014,0,2,32.82,0.52,0.04,40,false,Unsafe,,0.014,0,2,61.23,0.52,0.07,40,false,Unsafe,,0.014,0,2,60.55,0.52,0.07,40,false
compare_single_p_907_with_base_x3,compare_single_p_907_resume,base,FMCAD08/Int/memory2/SYNAPSE_all_e3_1750.lus,Unsafe,2,0.060,1,40,46.46,0.52,0.08,40,false,Unsafe,2,0.088,1,38,46.46,0.53,0.11,40,false,Unsafe,2,0.134,1,40,44.09,0.56,0.16,40,false,Unsafe,2,0.060,1,40,101.01,0.54,0.20,40,false,Unsafe,2,0.064,1,40,100.94,0.52,0.22,40,false
compare_single_p_907_with_base_x3,compare_single_p_907_resume,base,FMCAD08/Int/memory2/SYNAPSE_3_e8_1329_e8_320.lus,Safe,1,0.034,2,24,46.06,0.54,0.06,0,false,Safe,1,0.035,2,24,43.81,0.52,0.06,0,false,Safe,1,0.036,2,25,44.94,0.52,0.06,0,false,Safe,1,0.034,2,24,100.84,0.52,0.12,0,false,Safe,1,0.036,2,24,101.29,0.52,0.12,0,false
compare_single_p_907_with_base_x3,compare_single_p_907_resume,base,FMCAD08/Int/memory2/MOESI_all_e3_2032_e3_2788.lus,Unsafe,0,0.033,1,9,21.15,0.53,0.07,40,false,Unsafe,0,0.033,1,9,46.56,0.52,0.06,40,false,Unsafe,0,0.034,1,9,46.69,0.54,0.06,40,false,Unsafe,0,0.036,1,9,76.82,0.52,0.13,40,false,Unsafe,0,0.035,1,9,102.36,0.52,0.13,40,false
compare_single_p_907_with_base_x3,compare_single_p_907_resume,base,FMCAD08/Int/memory2/ILLINOIS_all.lus,Safe,4,0.120,2,66,45.94,0.63,0.15,0,false,Safe,4,0.116,2,66,47.04,0.62,0.15,0,false,Safe,4,0.121,2,66,47.29,0.63,0.15,0,false,Safe,4,0.121,2,66,104.14,0.64,0.39,0,false,Safe,4,0.128,2,66,103.73,0.63,0.41,0,false
compare_single_p_907_with_base_x3,compare_single_p_907_resume,base,FMCAD08/Int/memory2/MESI_i1_e2_1758_e8_12.lus,Unsafe,,0.014,0,2,33.12,0.54,0.05,40,false,Unsafe,,0.014,0,2,32.62,0.55,0.05,40,false,Unsafe,,0.014,0,2,32.96,0.52,0.04,40,false,Unsafe,,0.014,0,2,90.18,0.54,0.10,40,false,Unsafe,,0.014,0,2,60.27,0.54,0.08,40,false
compare_single_p_907_with_base_x3,compare_single_p_907_resume,base,FMCAD08/Int/memory2/MESI_i4_e4_1689.lus,Unsafe,2 1,0.102,2,82,45.97,0.52,0.12,40,false,Unsafe,3 1,0.137,2,111,46.57,0.65,0.18,40,false,Unsafe,5 3,0.206,2,139,46.81,0.74,0.23,40,false,Unsafe,2 1,0.105,2,82,101.12,0.64,0.40,40,false,Unsafe,2 1,0.114,2,82,100.90,0.63,0.36,40,false
compare_single_p_907_with_base_x3,compare_single_p_907_resume,base,FMCAD08/Int/memory2/SYNAPSE_123_e8_953_e7_1465.lus,Safe,3,0.057,2,47,46.77,0.54,0.08,0,false,Safe,3,0.055,2,45,44.73,0.53,0.08,0,false,Safe,3,0.068,2,47,46.73,0.64,0.12,0,false,Safe,3,0.058,2,47,101.64,0.54,0.19,0,false,Safe,3,0.062,2,47,95.75,0.54,0.21,0,false
compare_single_p_907_with_base_x3,compare_single_p_907_resume,base,FMCAD08/Int/memory2/MESI_4.lus,Safe,1 0,0.088,3,98,44.70,0.54,0.11,0,false,Safe,2,0.050,2,43,46.50,0.52,0.07,0,false,Safe,1 0,0.070,3,78,19.50,0.53,0.10,0,false,Safe,1 0,0.071,3,64,101.42,0.53,0.20,0,false,Safe,1 0,0.098,3,98,100.45,0.53,0.30,0,false
compare_single_p_907_with_base_x3,compare_single_p_907_resume,base,FMCAD08/Int/memory2/SYNAPSE_2_e1_1239_e1_1331.lus,Unsafe,,0.013,0,2,20.88,0.42,0.04,40,false,Unsafe,,0.013,0,2,21.02,0.42,0.04,40,false,Unsafe,,0.014,0,2,20.98,0.42,0.04,40,false,Unsafe,,0.013,0,2,59.94,0.52,0.07,40,false,Unsafe,,0.013,0,2,21.26,0.42,0.07,40,false
compare_single_p_907_with_base_x3,compare_single_p_907_resume,base,FMCAD08/Int/memory2/MOESI_2_e1_1753_e2_615.lus,Unsafe,,0.015,0,2,32.80,0.52,0.04,40,false,Unsafe,,0.015,0,2,32.77,0.52,0.04,40,false,Unsafe,,0.015,0,2,21.18,0.55,0.07,40,false,Unsafe,,0.016,0,2,21.30,0.52,0.09,40,false,Unsafe,,0.015,0,2,60.13,0.53,0.08,40,false
compare_single_p_907_with_base_x3,compare_single_p_907_resume,base,FMCAD08/Int/memory2/MESI_2.lus,Safe,1,0.034,2,25,46.47,0.52,0.05,0,false,Safe,1,0.033,2,24,46.31,0.44,0.06,0,false,Safe,1,0.034,2,25,46.44,0.52,0.05,0,false,Safe,1,0.034,2,25,102.50,0.55,0.12,0,false,Safe,1,0.035,2,25,101.42,0.53,0.12,0,false
compare_single_p_907_with_base_x3,compare_single_p_907_resume,base,FMCAD08/Int/memory2/SYNAPSE_3_e8_1329_e1_1270.lus,Unsafe,,0.014,0,2,20.87,0.42,0.04,40,false,Unsafe,,0.014,0,2,32.82,0.53,0.04,40,false,Unsafe,,0.014,0,2,20.71,0.42,0.04,40,false,Unsafe,,0.020,0,2,21.45,0.55,0.14,40,false,Unsafe,,0.014,0,2,60.80,0.43,0.08,40,false
compare_single_p_907_with_base_x3,compare_single_p_907_resume,base,FMCAD08/Int/memory2/MOESI_2_e2_1599_e3_1658.lus,Unsafe,0,0.043,1,17,22.02,0.54,0.09,40,false,Unsafe,0,0.044,1,17,46.38,0.52,0.07,40,false,Unsafe,0,0.046,1,17,46.93,0.52,0.07,40,false,Unsafe,0,0.044,1,17,101.71,0.52,0.15,40,false,Unsafe,0,0.045,1,17,100.12,0.54,0.17,40,false
compare_single_p_907_with_base_x3,compare_single_p_907_resume,base,FMCAD08/Int/memory2/SYNAPSE_123_e7_837_e3_135.lus,Unsafe,0,0.049,1,15,42.85,0.53,0.09,40,false,Unsafe,0,0.037,1,15,46.64,0.53,0.06,40,false,Unsafe,0,0.037,1,15,46.73,0.52,0.06,40,false,Unsafe,0,0.058,1,15,20.92,0.54,0.24,40,false,Unsafe,0,0.038,1,15,100.43,0.53,0.15,40,false
compare_single_p_907_with_base_x3,compare_single_p_907_resume,base,FMCAD08/Int/memory2/SYNAPSE_3_e7_1444_e7_638.lus,Safe,1,0.031,2,20,46.10,0.52,0.05,0,false,Safe,1,0.032,2,20,46.19,0.52,0.05,0,false,Safe,1,0.032,2,20,33.84,0.52,0.05,0,false,Safe,1,0.031,2,20,64.09,0.52,0.10,0,false,Safe,1,0.034,2,20,99.89,0.54,0.12,0,false
compare_single_p_907_with_base_x3,compare_single_p_907_resume,base,FMCAD08/Int/memory2/SYNAPSE_123_e3_302.lus,Unsafe,2,0.060,1,42,46.13,0.53,0.08,40,false,Unsafe,2,0.059,1,38,46.48,0.54,0.10,40,false,Unsafe,2,0.062,1,42,46.61,0.54,0.09,40,false,Unsafe,2,0.063,1,42,100.79,0.52,0.21,40,false,Unsafe,2,0.065,1,42,101.03,0.53,0.22,40,false
compare_single_p_907_with_base_x3,compare_single_p_907_resume,base,FMCAD08/Int/memory2/SYNAPSE_6.lus,Safe,3,0.058,2,53,46.43,0.52,0.08,0,false,Safe,3,0.056,2,51,46.09,0.52,0.07,0,false,Safe,3,0.059,2,55,46.46,0.53,0.09,0,false,Safe,3,0.059,2,53,101.10,0.52,0.19,0,false,Safe,3,0.064,2,53,101.25,0.52,0.20,0,false
compare_single_p_907_with_base_x3,compare_single_p_907_resume,base,FMCAD08/Int/memory2/ILLINOIS_3_e3_2581_e5_4006.lus,Unsafe,,0.017,0,1,21.06,0.52,0.06,40,false,Unsafe,,0.017,0,1,34.23,0.54,0.06,40,false,Unsafe,,0.016,0,1,40.64,0.55,0.07,40,false,Unsafe,,0.017,0,1,64.12,0.52,0.10,40,false,Unsafe,,0.016,0,1,100.05,0.52,0.10,40,false
compare_single_p_907_with_base_x3,compare_single_p_907_resume,base,FMCAD08/Int/memory2/ILLINOIS_2_e2_2367_e1_3182.lus,Safe,1,0.047,2,22,45.57,0.54,0.09,0,false,Safe,1,0.049,2,22,43.92,0.55,0.09,0,false,Safe,1,0.048,2,22,44.11,0.54,0.09,0,false,Safe,1,0.048,2,22,101.93,0.52,0.17,0,false,Safe,1,0.051,2,22,93.74,0.52,0.19,0,false
compare_single_p_907_with_base_x3,compare_single_p_907_resume,base,FMCAD08/Int/memory2/MESI_i3_e1_447_e5_2444.lus,Unsafe,,0.013,0,2,32.57,0.42,0.04,40,false,Unsafe,,0.013,0,2,32.94,0.55,0.05,40,false,Unsafe,,0.013,0,2,32.81,0.52,0.04,40,false,Unsafe,,0.013,0,2,59.71,0.54,0.08,40,false,Unsafe,,0.013,0,2,21.25,0.42,0.07,40,false
compare_single_p_907_with_base_x3,compare_single_p_907_resume,base,FMCAD08/Int/memory2/MOESI_2_e2_155.lus,Safe,1,0.039,2,22,45.06,0.52,0.06,0,false,Safe,1,0.039,2,22,42.42,0.53,0.07,0,false,Safe,1,0.037,2,22,46.80,0.53,0.06,0,false,Safe,1,0.037,2,22,101.03,0.53,0.13,0,false,Safe,1,0.040,2,22,19.94,0.54,0.15,0,false
compare_single_p_907_with_base_x3,compare_single_p_907_resume,base,FMCAD08/Int/memory2/SYNAPSE_4_e8_420_e7_572.lus,Safe,1,0.033,2,24,45.90,0.52,0.05,0,false,Safe,1,0.032,2,24,34.15,0.52,0.05,0,false,Safe,1,0.033,2,24,44.55,0.53,0.06,0,false,Safe,1,0.032,2,24,102.30,0.53,0.11,0,false,Safe,1,0.034,2,24,100.59,0.53,0.12,0,false
compare_single_p_907_with_base_x3,compare_single_p_907_resume,base,FMCAD08/Int/memory2/ILLINOIS_1.lus,Safe,1,0.050,2,27,45.75,0.52,0.08,0,false,Safe,1,0.047,2,26,36.60,0.55,0.10,0,false,Safe,1,0.091,2,27,46.87,0.53,0.12,0,false,Safe,1,0.049,2,27,98.25,0.52,0.17,0,false,Safe,1,0.053,2,27,99.27,0.52,0.19,0,false
compare_single_p_907_with_base_x3,compare_single_p_907_resume,base,FMCAD08/Int/memory2/MESI_1.lus,Safe,2,0.049,2,41,44.48,0.52,0.07,0,false,Safe,2,0.047,2,39,44.20,0.52,0.07,0,false,Safe,2,0.052,2,41,46.45,0.52,0.07,0,false,Safe,2,0.049,2,41,101.51,0.52,0.16,0,false,Safe,2,0.051,2,41,64.65,0.52,0.17,0,false
compare_single_p_907_with_base_x3,compare_single_p_907_resume,base,FMCAD08/Int/memory2/SYNAPSE_2_e8_1118_e7_1043.lus,Safe,1,0.045,2,20,42.45,0.53,0.08,0,false,Safe,1,0.030,2,20,46.54,0.52,0.05,0,false,Safe,1,0.031,2,20,34.04,0.52,0.05,0,false,Safe,1,0.030,2,20,100.91,0.52,0.10,0,false,Safe,1,0.030,2,20,76.83,0.53,0.11,0,false
compare_single_p_907_with_base_x3,compare_single_p_907_resume,base,FMCAD08/Int/memory2/MESI_i4.lus,Unsafe,4 2,0.097,2,82,46.31,0.53,0.13,40,false,Unsafe,4 2,0.094,2,79,46.34,0.54,0.12,40,false,Unsafe,4 2,0.099,2,82,46.60,0.54,0.12,40,false,Unsafe,4 2,0.100,2,82,101.71,0.52,0.31,40,false,Unsafe,4 2,0.114,2,82,100.29,0.63,0.36,40,false
compare_single_p_907_with_base_x3,compare_single_p_907_resume,base,FMCAD08/Int/memory2/MOESI_1.lus,Safe,1,0.038,2,25,44.27,0.52,0.06,0,false,Safe,1,0.036,2,24,42.86,0.55,0.07,0,false,Safe,1,0.038,2,25,46.29,0.52,0.06,0,false,Safe,1,0.037,2,25,102.04,0.52,0.12,0,false,Safe,1,0.051,2,25,100.98,0.53,0.17,0,false
compare_single_p_907_with_base_x3,compare_single_p_907_resume,base,FMCAD08/Int/memory2/MESI_3_e2_819_e3_2698.lus,Unsafe,,0.027,0,2,33.33,0.53,0.06,40,false,Unsafe,,0.018,0,2,33.25,0.54,0.05,40,false,Unsafe,,0.018,0,2,33.63,0.52,0.04,40,false,Unsafe,,0.018,0,2,64.34,0.42,0.09,40,false,Unsafe,,0.018,0,2,63.67,0.42,0.09,40,false
compare_single_p_907_with_base_x3,compare_single_p_907_resume,base,FMCAD08/Int/memory2/SYNAPSE_3_e8_1708.lus,Safe,1,0.036,2,26,46.17,0.52,0.05,0,false,Safe,1,0.035,2,26,45.85,0.53,0.06,0,false,Safe,1,0.037,2,27,46.68,0.53,0.06,0,false,Safe,1,0.036,2,26,101.12,0.52,0.12,0,false,Safe,1,0.036,2,26,100.40,0.52,0.12,0,false
compare_single_p_907_with_base_x3,compare_single_p_907_resume,base,FMCAD08/Int/memory2/SYNAPSE_all_e8_251_e2_1053.lus,Unsafe,,0.014,0,2,45.84,0.54,0.05,40,false,Unsafe,,0.014,0,2,32.96,0.44,0.05,40,false,Unsafe,,0.014,0,2,32.70,0.52,0.04,40,false,Unsafe,,0.013,0,2,20.91,0.42,0.07,40,false,Unsafe,,0.014,0,2,21.16,0.43,0.08,40,false
compare_single_p_907_with_base_x3,compare_single_p_907_resume,base,FMCAD08/Int/memory2/SYNAPSE_3_e8_1329_e7_1062.lus,Safe,1,0.031,2,20,46.10,0.54,0.05,0,false,Safe,1,0.032,2,20,46.14,0.53,0.06,0,false,Safe,1,0.032,2,20,33.93,0.54,0.05,0,false,Safe,1,0.031,2,20,101.46,0.52,0.11,0,false,Safe,1,0.032,2,20,100.90,0.53,0.12,0,false
compare_single_p_907_with_base_x3,compare_single_p_907_resume,base,FMCAD08/Int/memory2/SYNAPSE_2_e1_1239_e2_74.lus,Unsafe,,0.014,0,2,32.45,0.52,0.04,40,false,Unsafe,,0.013,0,2,32.43,0.52,0.04,40,false,Unsafe,,0.013,0,2,32.92,0.52,0.04,40,false,Unsafe,,0.014,0,2,88.85,0.54,0.08,40,false,Unsafe,,0.013,0,2,21.44,0.42,0.07,40,false
compare_single_p_907_with_base_x3,compare_single_p_907_resume,base,FMCAD08/Int/memory2/SYNAPSE_123_e8_953_e2_458.lus,Unsafe,,0.013,0,2,20.92,0.42,0.04,40,false,Unsafe,,0.014,0,2,32.84,0.53,0.05,40,false,Unsafe,,0.032,0,2,20.89,0.56,0.09,40,false,Unsafe,,0.014,0,2,21.17,0.42,0.08,40,false,Unsafe,,0.013,0,2,60.85,0.52,0.07,40,false
compare_single_p_907_with_base_x3,compare_single_p_907_resume,base,FMCAD08/Int/memory2/SYNAPSE_123.lus,Safe,3,0.062,2,53,46.14,0.52,0.08,0,false,Safe,3,0.059,2,51,44.73,0.54,0.09,0,false,Safe,3,0.063,2,53,34.09,0.63,0.09,0,false,Safe,3,0.060,2,53,34.90,0.54,0.20,0,false,Safe,3,0.074,2,53,89.73,0.53,0.24,0,false
compare_single_p_907_with_base_x3,compare_single_p_907_resume,base,FMCAD08/Int/memory2/SYNAPSE_4_e8_420_e8_1525.lus,Safe,1,0.050,2,28,19.82,0.52,0.08,0,false,Safe,1,0.075,2,28,42.48,0.54,0.12,0,false,Safe,1,0.035,2,28,46.65,0.52,0.05,0,false,Safe,1,0.036,2,28,101.72,0.53,0.13,0,false,Safe,1,0.036,2,28,100.38,0.52,0.12,0,false
compare_single_p_907_with_base_x3,compare_single_p_907_resume,base,FMCAD08/Int/memory2/SYNAPSE_2_e3_216.lus,Unsafe,0,0.034,1,9,44.36,0.52,0.07,40,false,Unsafe,0,0.028,1,9,34.02,0.52,0.05,40,false,Unsafe,0,0.029,1,9,34.04,0.43,0.05,40,false,Unsafe,0,0.029,1,9,100.66,0.52,0.11,40,false,Unsafe,0,0.028,1,9,64.53,0.43,0.11,40,false
compare_single_p_907_with_base_x3,compare_single_p_907_resume,base,FMCAD08/Int/memory2/MESI_3_e2_819_e8_1896.lus,Unsafe,,0.023,0,2,20.93,0.53,0.09,40,false,Unsafe,,0.018,0,2,34.62,0.53,0.05,40,false,Unsafe,,0.019,0,2,33.38,0.43,0.05,40,false,Unsafe,,0.018,0,2,63.99,0.42,0.10,40,false,Unsafe,,0.018,0,2,62.78,0.52,0.09,40,false
compare_single_p_907_with_base_x3,compare_single_p_907_resume,base,FMCAD08/Int/memory2/SYNAPSE_3_e3_1041.lus,Unsafe,0,0.038,1,21,46.61,0.52,0.06,40,false,Unsafe,0,0.040,1,21,46.45,0.53,0.07,40,false,Unsafe,0,0.042,1,22,46.48,0.52,0.06,40,false,Unsafe,0,0.040,1,21,100.51,0.53,0.15,40,false,Unsafe,0,0.039,1,21,101.21,0.52,0.14,40,false
compare_single_p_907_with_base_x3,compare_single_p_907_resume,base,FMCAD08/Int/memory2/SYNAPSE_3_e8_1329_e2_236.lus,Unsafe,,0.014,0,2,20.90,0.42,0.04,40,false,Unsafe,,0.014,0,2,32.82,0.53,0.05,40,false,Unsafe,,0.014,0,2,32.94,0.52,0.04,40,false,Unsafe,,0.013,0,2,60.51,0.53,0.08,40,false,Unsafe,,0.014,0,2,59.89,0.53,0.08,40,false
compare_single_p_907_with_base_x3,compare_single_p_907_resume,base,FMCAD08/Int/memory2/MOESI_2_e2_1599_e8_1334.lus,Safe,1,0.037,2,20,46.43,0.52,0.06,0,false,Safe,1,0.037,2,20,46.80,0.52,0.06,0,false,Safe,1,0.037,2,20,46.67,0.52,0.06,0,false,Safe,1,0.037,2,20,89.55,0.54,0.15,0,false,Safe,1,0.038,2,20,100.24,0.52,0.13,0,false
compare_single_p_907_with_base_x3,compare_single_p_907_resume,base,FMCAD08/Int/memory2/MESI_i1.lus,Unsafe,,0.014,0,2,21.14,0.42,0.04,40,false,Unsafe,,0.031,0,2,31.50,0.56,0.09,40,false,Unsafe,,0.014,0,2,21.03,0.54,0.05,40,false,Unsafe,,0.025,0,2,94.13,0.53,0.13,40,false,Unsafe,,0.014,0,2,21.30,0.42,0.08,40,false
compare_single_p_907_with_base_x3,compare_single_p_907_resume,base,FMCAD08/Int/memory2/ILLINOIS_3_e3_2581_e7_3447.lus,Unsafe,,0.020,0,2,43.70,0.53,0.06,40,false,Unsafe,,0.045,0,2,32.03,0.55,0.11,40,false,Unsafe,,0.019,0,2,44.14,0.53,0.07,40,false,Unsafe,,0.035,0,2,89.86,0.53,0.16,40,false,Unsafe,,0.020,0,2,93.43,0.52,0.12,40,false
compare_single_p_907_with_base_x3,compare_single_p_907_resume,base,FMCAD08/Int/memory2/MESI_i3_e1_447_e3_1180.lus,Safe,2,0.047,2,39,44.19,0.53,0.07,0,false,Safe,2,0.047,2,37,46.44,0.52,0.07,0,false,Safe,2,0.081,2,39,46.61,0.55,0.10,0,false,Safe,2,0.049,2,39,101.96,0.54,0.16,0,false,Safe,2,0.053,2,39,20.00,0.53,0.18,0,false
compare_single_p_907_with_base_x3,compare_single_p_907_resume,base,FMCAD08/Int/memory2/MESI_i3_e1_447_e1_1292.lus,Safe,7 4,0.154,3,180,46.94,0.64,0.18,0,false,Safe,7 4,0.148,3,176,46.92,0.63,0.17,0,false,Safe,7 4,0.148,3,174,46.84,0.62,0.16,0,false,Safe,7 4,0.163,3,180,103.34,0.64,0.49,0,false,Safe,7 4,0.167,3,180,102.27,0.63,0.51,0,false
compare_single_p_907_with_base_x3,compare_single_p_907_resume,base,FMCAD08/Int/memory2/MESI_i3.lus,Unsafe,,0.035,0,2,43.81,0.54,0.06,40,false,Unsafe,,0.013,0,2,20.99,0.55,0.06,40,false,Unsafe,,0.013,0,2,43.57,0.53,0.05,40,false,Unsafe,,0.012,0,2,89.50,0.53,0.08,40,false,Unsafe,,0.013,0,2,60.30,0.52,0.07,40,false
compare_single_p_907_with_base_x3,compare_single_p_907_resume,base,FMCAD08/Int/memory2/SYNAPSE_3_e1_1416_e1_1675.lus,Unsafe,,0.014,0,2,32.84,0.52,0.04,40,false,Unsafe,,0.014,0,2,33.20,0.42,0.04,40,false,Unsafe,,0.014,0,2,20.74,0.42,0.04,40,false,Unsafe,,0.014,0,2,21.15,0.42,0.07,40,false,Unsafe,,0.014,0,2,21.38,0.42,0.08,40,false
compare_single_p_907_with_base_x3,compare_single_p_907_resume,base,FMCAD08/Int/memory2/SYNAPSE_3.lus,Safe,1,0.036,2,26,44.12,0.54,0.06,0,false,Safe,1,0.037,2,26,19.49,0.53,0.07,0,false,Safe,1,0.038,2,27,46.11,0.52,0.05,0,false,Safe,1,0.036,2,26,20.14,0.52,0.12,0,false,Safe,1,0.036,2,26,100.63,0.52,0.12,0,false
compare_single_p_907_with_base_x3,compare_single_p_907_resume,base,FMCAD08/Int/memory2/MESI_i4_e7_1017_e6_1132.lus,Safe,9 7 4 3,1.007,5,1274,51.05,1.46,1.00,0,false,Safe,9 6 3 1 0,2.036,6,2489,54.72,2.50,2.01,0,false,Safe,23 19 11 5,1.956,5,2197,53.16,2.40,1.94,0,false,Safe,9 7 4 3,1.067,5,1274,112.16,1.59,3.26,0,false,Safe,9 7 4 3,1.086,5,1274,113.49,1.57,3.23,0,false
compare_single_p_907_with_base_x3,compare_single_p_907_resume,base,FMCAD08/Int/memory2/SYNAPSE_123_e7_837_e7_1262.lus,Safe,3,0.057,2,46,46.34,0.52,0.08,0,false,Safe,3,0.055,2,45,44.62,0.52,0.08,0,false,Safe,3,0.058,2,47,46.35,0.54,0.09,0,false,Safe,3,0.057,2,46,102.04,0.53,0.19,0,false,Safe,3,0.059,2,46,100.85,0.55,0.20,0,false
compare_single_p_907_with_base_x3,compare_single_p_907_resume,base,FMCAD08/Int/memory2/SYNAPSE_123_e8_953.lus,Safe,3,0.061,2,51,46.60,0.52,0.08,0,false,Safe,3,0.057,2,49,44.01,0.55,0.08,0,false,Safe,3,0.060,2,51,44.98,0.54,0.08,0,false,Safe,3,0.060,2,51,101.67,0.53,0.20,0,false,Safe,3,0.063,2,51,101.11,0.53,0.21,0,false
compare_single_p_907_with_base_x3,compare_single_p_907_resume,base,FMCAD08/Int/memory2/SYNAPSE_6_e7_938_e2_1012.lus,Safe,3,0.053,2,48,46.18,0.53,0.07,0,false,Safe,3,0.054,2,47,44.80,0.54,0.08,0,false,Safe,3,0.056,2,49,46.36,0.52,0.08,0,false,Safe,3,0.059,2,48,100.72,0.53,0.19,0,false,Safe,3,0.056,2,48,94.40,0.52,0.19,0,false
compare_single_p_907_with_base_x3,compare_single_p_907_resume,base,FMCAD08/Int/memory2/SYNAPSE_all_e3_1864_e3_495.lus,Unsafe,3,0.082,1,63,46.34,0.54,0.11,40,false,Unsafe,4,0.094,1,76,46.84,0.65,0.13,40,false,Unsafe,4,0.092,1,77,46.34,0.53,0.12,40,false,Unsafe,3,0.086,1,63,101.13,0.52,0.30,40,false,Unsafe,3,0.090,1,63,101.39,0.52,0.29,40,false
compare_single_p_907_with_base_x3,compare_single_p_907_resume,base,FMCAD08/Int/memory2/MESI_i3_e1_447_e7_2194.lus,Unsafe,7 3,0.210,2,217,46.98,0.63,0.24,40,false,Unsafe,2 1,0.071,2,54,34.41,0.63,0.10,40,false,Unsafe,2 1,0.071,2,56,46.69,0.54,0.11,40,false,Unsafe,2 1,0.083,2,73,101.09,0.52,0.24,40,false,Unsafe,7 3,0.233,2,217,102.42,0.74,0.71,40,false
compare_single_p_907_with_base_x3,compare_single_p_907_resume,base,FMCAD08/Int/memory2/MESI_i1_e4_1986.lus,Unsafe,,0.013,0,2,32.84,0.52,0.04,40,false,Unsafe,,0.014,0,2,42.59,0.54,0.06,40,false,Unsafe,,0.016,0,2,45.48,0.52,0.05,40,false,Unsafe,,0.013,0,2,21.04,0.53,0.08,40,false,Unsafe,,0.013,0,2,21.14,0.53,0.08,40,false
compare_single_p_907_with_base_x3,compare_single_p_907_resume,base,FMCAD08/Int/memory2/SYNAPSE_2_e8_1118_e3_1216.lus,Unsafe,0,0.034,1,15,46.43,0.52,0.06,40,false,Unsafe,0,0.035,1,15,46.12,0.52,0.06,40,false,Unsafe,0,0.034,1,15,46.66,0.52,0.05,40,false,Unsafe,0,0.035,1,15,101.29,0.55,0.13,40,false,Unsafe,0,0.037,1,15,100.87,0.52,0.13,40,false
compare_single_p_907_with_base_x3,compare_single_p_907_resume,base,FMCAD08/Int/memory2/MOESI_1_e3_1884_e7_1875.lus,Safe,2,0.055,2,41,46.48,0.53,0.08,0,false,Safe,2,0.051,2,39,45.08,0.54,0.08,0,false,Safe,2,0.054,2,41,46.58,0.55,0.08,0,false,Safe,2,0.054,2,41,101.20,0.52,0.17,0,false,Safe,2,0.056,2,41,101.45,0.52,0.18,0,false
compare_single_p_907_with_base_x3,compare_single_p_907_resume,base,FMCAD08/Int/memory2/SYNAPSE_1.lus,Safe,1,0.033,2,25,46.02,0.53,0.05,0,false,Safe,1,0.034,2,24,46.02,0.53,0.06,0,false,Safe,1,0.033,2,25,46.27,0.52,0.05,0,false,Safe,1,0.033,2,25,63.76,0.52,0.11,0,false,Safe,1,0.033,2,25,101.45,0.52,0.12,0,false
compare_single_p_907_with_base_x3,compare_single_p_907_resume,base,FMCAD08/Int/memory2/MESI_3_e2_819.lus,Unsafe,,0.019,0,2,33.16,0.53,0.05,40,false,Unsafe,,0.019,0,2,21.05,0.52,0.06,40,false,Unsafe,,0.019,0,2,35.38,0.42,0.05,40,false,Unsafe,,0.019,0,2,62.46,0.43,0.10,40,false,Unsafe,,0.019,0,2,99.77,0.52,0.09,40,false
compare_single_p_907_with_base_x3,compare_single_p_907_resume,base,FMCAD08/Int/memory2/MOESI_2_e2_1599_e2_1815.lus,Unsafe,,0.015,0,2,21.04,0.42,0.04,40,false,Unsafe,,0.015,0,2,33.21,0.42,0.04,40,false,Unsafe,,0.015,0,2,32.93,0.53,0.05,40,false,Unsafe,,0.015,0,2,60.84,0.52,0.08,40,false,Unsafe,,0.015,0,2,21.33,0.42,0.08,40,false
compare_single_p_907_with_base_x3,compare_single_p_907_resume,base,FMCAD08/Int/memory2/MESI_i3_e1_447_e6_2281.lus,Safe,7 4,0.168,3,214,46.94,0.63,0.18,0,false,Safe,7 4,0.164,3,213,46.84,0.62,0.18,0,false,Safe,7 4,0.170,3,220,47.22,0.62,0.18,0,false,Safe,7 4,0.171,3,214,102.12,0.63,0.53,0,false,Safe,7 4,0.178,3,214,101.15,0.63,0.54,0,false
compare_single_p_907_with_base_x3,compare_single_p_907_resume,base,FMCAD08/Int/memory2/MESI_3_e2_819_e4_1595.lus,Safe,12 8,0.567,3,510,50.62,1.06,0.58,0,false,Safe,8 5 1,0.760,4,733,52.25,1.24,0.75,0,false,Safe,8 4 3,0.757,4,720,52.24,1.24,0.75,0,false,Safe,10 6,0.521,3,455,110.75,0.94,1.61,0,false,Safe,12 8,0.612,3,510,111.47,1.05,1.84,0,false
compare_single_p_907_with_base_x3,compare_single_p_907_resume,base,FMCAD08/Int/memory2/SYNAPSE_all_e7_907_e7_1363.lus,Safe,4,0.060,2,54,44.04,0.52,0.08,0,false,Safe,4,0.064,2,58,46.09,0.53,0.08,0,false,Safe,4,0.060,2,54,46.46,0.53,0.08,0,false,Safe,4,0.060,2,54,101.63,0.52,0.20,0,false,Safe,4,0.062,2,54,95.57,0.52,0.21,0,false
compare_single_p_907_with_base_x3,compare_single_p_907_resume,base,FMCAD08/Int/memory2/MOESI_2_e2_1599_e1_2383.lus,Unsafe,,0.015,0,2,33.09,0.42,0.04,40,false,Unsafe,,0.015,0,2,32.92,0.52,0.05,40,false,Unsafe,,0.015,0,2,32.93,0.52,0.05,40,false,Unsafe,,0.014,0,2,21.06,0.42,0.08,40,false,Unsafe,,0.015,0,2,21.21,0.52,0.08,40,false
compare_single_p_907_with_base_x3,compare_single_p_907_resume,base,FMCAD08/Int/memory2/SYNAPSE_all_e3_1864_e5_1637.lus,Unsafe,,0.014,0,2,32.71,0.43,0.04,40,false,Unsafe,,0.015,0,2,32.76,0.53,0.05,40,false,Unsafe,,0.014,0,2,21.00,0.42,0.04,40,false,Unsafe,,0.014,0,2,60.76,0.43,0.08,40,false,Unsafe,,0.014,0,2,21.26,0.42,0.08,40,false
compare_single_p_907_with_base_x3,compare_single_p_907_resume,base,FMCAD08/Int/memory2/SYNAPSE_123_e2_1653.lus,Unsafe,,0.022,0,2,45.11,0.56,0.07,40,false,Unsafe,,0.015,0,2,32.82,0.52,0.04,40,false,Unsafe,,0.015,0,2,44.25,0.52,0.05,40,false,Unsafe,,0.015,0,2,21.39,0.43,0.08,40,false,Unsafe,,0.014,0,2,89.86,0.53,0.08,40,false
compare_single_p_907_with_base_x3,compare_single_p_907_resume,base,FMCAD08/Int/memory2/ILLINOIS_3.lus,Safe,1,0.059,2,24,19.69,0.52,0.10,0,false,Safe,1,0.056,2,24,45.95,0.52,0.09,0,false,Safe,1,0.057,2,24,46.26,0.52,0.09,0,false,Safe,1,0.071,2,24,98.86,0.52,0.24,0,false,Safe,1,0.062,2,24,98.69,0.52,0.22,0,false
compare_single_p_907_with_base_x3,compare_single_p_907_resume,base,FMCAD08/Int/memory2/MOESI_2_e3_929_e1_2319.lus,Unsafe,,0.014,0,2,21.05,0.55,0.06,40,false,Unsafe,,0.015,0,2,32.94,0.52,0.04,40,false,Unsafe,,0.015,0,2,33.18,0.43,0.05,40,false,Unsafe,,0.014,0,2,21.30,0.42,0.08,40,false,Unsafe,,0.014,0,2,21.44,0.42,0.08,40,false
compare_single_p_907_with_base_x3,compare_single_p_907_resume,base,FMCAD08/Int/memory2/MESI_3_e2_819_e2_562.lus,Unsafe,,0.041,0,2,21.15,0.56,0.11,40,false,Unsafe,,0.019,0,2,35.31,0.42,0.05,40,false,Unsafe,,0.019,0,2,33.03,0.43,0.05,40,false,Unsafe,,0.018,0,2,62.59,0.52,0.09,40,false,Unsafe,,0.018,0,2,100.90,0.53,0.09,40,false
compare_single_p_907_with_base_x3,compare_single_p_907_resume,base,FMCAD08/Int/memory2/SYNAPSE_all_e3_1864_e4_34.lus,Unsafe,,0.014,0,2,32.84,0.52,0.04,40,false,Unsafe,,0.014,0,2,32.59,0.43,0.05,40,false,Unsafe,,0.024,0,2,42.62,0.53,0.08,40,false,Unsafe,,0.014,0,2,60.64,0.44,0.08,40,false,Unsafe,,0.014,0,2,21.38,0.42,0.08,40,false
compare_single_p_907_with_base_x3,compare_single_p_907_resume,base,FMCAD08/Int/large/microwave37.lus,Unsafe,0,8.550,2,452,75.33,9.05,8.62,40,false,Unsafe,0,9.436,2,452,76.31,9.95,9.46,40,false,Unsafe,0,5.314,2,423,72.29,5.81,5.37,40,false,Unsafe,10,6.050,2,184,175.66,6.59,18.00,40,false,Unsafe,0,9.743,2,452,183.53,10.25,29.16,40,false
compare_single_p_907_with_base_x3,compare_single_p_907_resume,base,FMCAD08/Int/large/steam_boiler_no_arr2.lus,Safe,1 0,0.111,3,89,49.40,0.63,0.14,0,false,Safe,1 0,0.111,3,89,49.58,0.62,0.15,0,false,Safe,2 1,0.138,3,105,50.56,0.63,0.17,0,false,Safe,1 0,0.115,3,89,109.05,0.65,0.40,0,false,Safe,1 0,0.119,3,89,108.87,0.63,0.38,0,false
compare_single_p_907_with_base_x3,compare_single_p_907_resume,base,FMCAD08/Int/large/microwave03.lus,Safe,0,0.048,2,12,46.42,0.52,0.13,0,false,Safe,0,0.048,2,12,49.02,0.62,0.14,0,false,Safe,0,0.048,2,12,48.16,0.63,0.14,0,false,Safe,0,0.047,2,12,106.12,0.65,0.20,0,false,Safe,0,0.047,2,12,68.17,0.63,0.20,0,false
compare_single_p_907_with_base_x3,compare_single_p_907_resume,base,FMCAD08/Int/large/microwave01.lus,Safe,1 0,0.538,3,149,54.22,1.04,0.61,0,false,Safe,1 0,0.523,3,151,50.17,1.05,0.60,0,false,Safe,2 0,0.840,3,254,52.16,1.36,0.90,0,false,Safe,1 0,0.540,3,149,111.48,1.06,1.76,0,false,Safe,1 0,0.591,3,149,113.09,1.17,1.87,0,false
compare_single_p_907_with_base_x3,compare_single_p_907_resume,base,FMCAD08/Int/large/microwave13.lus,Timeout,,,,,,,,,true,Timeout,,,,,,,,,true,Timeout,,,,,,,,,true,Timeout,,,,,,,,,true,Timeout,,,,,,,,,true
compare_single_p_907_with_base_x3,compare_single_p_907_resume,base,FMCAD08/Int/large/microwave12.lus,Unsafe,0,0.439,2,37,50.13,0.94,0.52,40,false,Unsafe,0,0.455,2,37,50.08,0.93,0.54,40,false,Unsafe,0,0.440,2,37,50.04,0.94,0.54,40,false,Unsafe,0,0.449,2,37,110.27,0.94,1.39,40,false,Unsafe,0,0.480,2,37,110.77,1.04,1.52,40,false
compare_single_p_907_with_base_x3,compare_single_p_907_resume,base,FMCAD08/Int/large/microwave31.lus,Unsafe,0,12.020,1,313,77.77,12.46,12.13,40,false,Timeout,9,10.263,1,146,130.88,302.26,1.00,1,true,Timeout,9,69.919,1,138,136.65,302.29,0.99,1,true,Unsafe,0,14.040,1,313,189.76,14.73,16.50,40,false,Unsafe,0,13.714,1,313,189.04,14.23,41.19,40,false
compare_single_p_907_with_base_x3,compare_single_p_907_resume,base,FMCAD08/Int/large/microwave26.lus,Timeout,,,,,,,,,true,Timeout,,,,,,,,,true,Timeout,,,,,,,,,true,Timeout,,,,,,,,,true,Timeout,,,,,,,,,true
compare_single_p_907_with_base_x3,compare_single_p_907_resume,base,FMCAD08/Int/large/microwave14.lus,Unsafe,0,1.361,2,159,51.13,1.87,1.43,40,false,Unsafe,0,0.754,2,67,50.27,1.36,0.84,40,false,Unsafe,0,0.865,2,61,50.72,1.45,0.94,40,false,Unsafe,6,0.823,1,102,111.48,1.36,2.54,40,false,Unsafe,0,1.598,2,159,112.16,2.09,4.86,40,false
compare_single_p_907_with_base_x3,compare_single_p_907_resume,base,FMCAD08/Int/large/microwave32.lus,Unsafe,0,6.142,2,423,72.81,6.67,6.14,40,false,Unsafe,0,27.705,1,471,90.40,28.17,27.88,40,false,Timeout,12,5.126,1,213,110.78,300.24,3.15,30,true,Unsafe,0,6.550,2,423,179.02,7.32,8.74,40,false,Unsafe,0,7.211,2,423,179.14,7.75,21.72,40,false
compare_single_p_907_with_base_x3,compare_single_p_907_resume,base,FMCAD08/Int/large/microwave27.lus,Timeout,,,,,,,,,true,Timeout,,,,,,,,,true,Timeout,,,,,,,,,true,Timeout,,,,,,,,,true,Timeout,,,,,,,,,true
compare_single_p_907_with_base_x3,compare_single_p_907_resume,base,FMCAD08/Int/large/microwave16.lus,Safe,0,0.064,2,12,58.56,0.75,0.17,0,false,Safe,0,0.050,2,12,36.14,0.63,0.13,0,false,Safe,0,0.049,2,12,49.26,0.62,0.14,0,false,Safe,0,0.052,2,12,67.66,0.63,0.21,0,false,Safe,0,0.049,2,12,67.15,0.64,0.21,0,false
compare_single_p_907_with_base_x3,compare_single_p_907_resume,base,FMCAD08/Int/large/microwave40.lus,Unsafe,0,0.054,2,13,48.27,0.52,0.14,40,false,Unsafe,0,0.057,2,13,44.65,0.53,0.14,40,false,Unsafe,0,0.054,2,13,52.53,0.52,0.14,40,false,Unsafe,0,0.064,2,13,74.61,0.53,0.26,40,false,Unsafe,0,0.054,2,13,102.76,0.64,0.27,40,false
compare_single_p_907_with_base_x3,compare_single_p_907_resume,base,FMCAD08/Int/large/steam_boiler_no_arr2_e1_17214_e5_18600.lus,Safe,1 0,0.111,3,89,50.68,0.63,0.15,0,false,Safe,1 0,0.110,3,89,50.07,0.63,0.15,0,false,Safe,2 1,0.139,3,105,50.53,0.64,0.18,0,false,Safe,1 0,0.114,3,89,108.93,0.63,0.39,0,false,Safe,1 0,0.116,3,89,109.62,0.63,0.38,0,false
compare_single_p_907_with_base_x3,compare_single_p_907_resume,base,FMCAD08/Int/large/microwave28.lus,Unsafe,0,0.816,2,47,65.06,1.36,0.90,40,false,Unsafe,0,0.733,2,42,64.85,1.26,0.82,40,false,Unsafe,0,0.603,2,35,65.21,1.15,0.68,40,false,Unsafe,1,0.779,1,33,155.06,1.25,2.12,40,false,Unsafe,0,0.888,2,47,156.74,1.48,2.73,40,false
compare_single_p_907_with_base_x3,compare_single_p_907_resume,base,FMCAD08/Int/large/microwave07.lus,Timeout,,,,,,,,,true,Timeout,,,,,,,,,true,Timeout,,,,,,,,,true,Timeout,,,,,,,,,true,Timeout,,,,,,,,,true
compare_single_p_907_with_base_x3,compare_single_p_907_resume,base,FMCAD08/Int/large/microwave29.lus,Safe,9 4,20.911,3,502,88.72,21.49,21.07,0,false,Safe,10 5,5.273,3,535,72.42,5.80,5.34,0,false,Timeout,8,1.499,1,130,116.08,300.25,3.35,30,true,Safe,6 2,6.980,2,300,179.92,7.63,21.11,0,false,Safe,9 4,21.035,3,502,210.54,21.57,63.32,0,false
compare_single_p_907_with_base_x3,compare_single_p_907_resume,base,FMCAD08/Int/large/microwave25.lus,Unsafe,0,0.052,2,13,45.12,0.62,0.14,40,false,Unsafe,0,0.053,2,13,47.43,0.62,0.17,40,false,Unsafe,0,0.054,2,13,48.68,0.64,0.16,40,false,Unsafe,0,0.052,2,13,68.52,0.52,0.23,40,false,Unsafe,0,0.053,2,13,108.74,0.63,0.24,40,false
compare_single_p_907_with_base_x3,compare_single_p_907_resume,base,FMCAD08/Int/large/microwave22.lus,Timeout,,,,,,,,,true,Timeout,,,,,,,,,true,Timeout,,,,,,,,,true,Timeout,,,,,,,,,true,Timeout,,,,,,,,,true
compare_single_p_907_with_base_x3,compare_single_p_907_resume,base,FMCAD08/Int/large/microwave11.lus,Timeout,,,,,,,,,true,Timeout,,,,,,,,,true,Timeout,,,,,,,,,true,Timeout,,,,,,,,,true,Timeout,,,,,,,,,true
compare_single_p_907_with_base_x3,compare_single_p_907_resume,base,FMCAD08/Int/large/microwave06.lus,Timeout,,,,,,,,,true,Timeout,,,,,,,,,true,Timeout,,,,,,,,,true,Timeout,,,,,,,,,true,Timeout,,,,,,,,,true
compare_single_p_907_with_base_x3,compare_single_p_907_resume,base,FMCAD08/Int/large/microwave15.lus,Safe,0,0.048,2,12,35.66,0.54,0.12,0,false,Safe,0,0.049,2,12,41.54,0.52,0.12,0,false,Safe,0,0.048,2,12,49.79,0.53,0.11,0,false,Safe,0,0.046,2,12,61.04,0.52,0.19,0,false,Safe,0,0.048,2,12,42.55,0.63,0.20,0,false
compare_single_p_907_with_base_x3,compare_single_p_907_resume,base,FMCAD08/Int/large/microwave20.lus,Unsafe,0,0.053,2,13,48.91,0.63,0.15,40,false,Unsafe,0,0.053,2,13,50.72,0.63,0.15,40,false,Unsafe,0,0.052,2,13,61.89,0.52,0.15,40,false,Unsafe,0,0.051,2,13,69.73,0.64,0.23,40,false,Unsafe,0,0.054,2,13,106.89,0.65,0.25,40,false
compare_single_p_907_with_base_x3,compare_single_p_907_resume,base,FMCAD08/Int/large/microwave19.lus,Safe,12 7,1.840,3,532,66.81,2.40,1.90,0,false,Safe,9 5,1.527,3,420,66.85,2.08,1.59,0,false,Timeout,4 1 0,36.865,3,840,105.34,300.25,3.85,30,true,Safe,12 7,2.184,3,537,161.75,2.62,6.48,0,false,Safe,12 7,2.025,3,532,161.25,2.51,6.13,0,false
compare_single_p_907_with_base_x3,compare_single_p_907_resume,base,FMCAD08/Int/large/steam_boiler_no_arr2_e3_514_e4_11150.lus,Safe,1 0,0.112,3,89,50.00,0.63,0.14,0,false,Safe,1 0,0.111,3,89,49.41,0.62,0.18,0,false,Safe,2 1,0.135,3,105,50.41,0.63,0.17,0,false,Safe,1 0,0.115,3,89,109.52,0.63,0.40,0,false,Safe,1 0,0.118,3,89,109.27,0.63,0.38,0,false
compare_single_p_907_with_base_x3,compare_single_p_907_resume,base,FMCAD08/Int/large/microwave02.lus,Safe,0,0.046,2,12,47.58,0.52,0.12,0,false,Safe,0,0.065,2,12,45.71,0.64,0.15,0,false,Safe,0,0.047,2,12,46.46,0.63,0.12,0,false,Safe,0,0.046,2,12,68.41,0.63,0.19,0,false,Safe,0,0.047,2,12,68.24,0.64,0.20,0,false
compare_single_p_907_with_base_x3,compare_single_p_907_resume,base,FMCAD08/Int/large/microwave17.lus,Safe,12 8,2.447,3,463,68.78,3.04,2.51,0,false,Safe,14 7,6.949,3,789,73.32,7.58,7.03,0,false,Safe,10 5,3.604,3,530,70.17,4.18,3.68,0,false,Safe,12 8,2.133,3,463,162.01,2.93,6.88,0,false,Safe,12 8,2.791,3,463,166.46,3.35,8.44,0,false
compare_single_p_907_with_base_x3,compare_single_p_907_resume,base,FMCAD08/Int/large/microwave33.lus,Unsafe,0,10.318,2,340,74.60,10.81,10.41,40,false,Unsafe,0,6.127,2,470,71.59,6.64,6.18,40,false,Timeout,8,24.006,1,110,102.91,302.28,1.03,1,true,Unsafe,0,6.452,1,258,177.30,7.21,13.77,40,false,Unsafe,0,12.261,1,330,184.45,12.78,36.87,40,false
compare_single_p_907_with_base_x3,compare_single_p_907_resume,base,FMCAD08/Int/large/microwave30.lus,Timeout,9 5,49.496,2,366,101.25,302.25,1.00,1,true,Safe,7 4,4.173,3,345,71.82,4.77,4.26,0,false,Safe,16 9,23.534,3,829,86.50,24.11,23.66,0,false,Safe,5 2,4.685,2,266,171.59,5.22,14.01,0,false,Timeout,9 5,59.961,2,366,261.43,300.22,7.63,30,true
compare_single_p_907_with_base_x3,compare_single_p_907_resume,base,FMCAD08/Int/large/microwave35.lus,Unsafe,0,29.069,2,479,81.20,29.59,29.25,40,false,Unsafe,0,9.402,2,497,75.34,9.95,9.49,40,false,Unsafe,0,149.020,1,537,107.85,149.50,149.73,40,false,Unsafe,12,4.906,1,198,184.72,12.24,24.69,40,false,Unsafe,7 3,35.080,2,464,200.32,35.50,105.29,40,false
compare_single_p_907_with_base_x3,compare_single_p_907_resume,base,FMCAD08/Int/large/steam_boiler_no_arr1.lus,Safe,0,0.271,2,12,182.56,0.96,0.49,0,false,Safe,0,0.245,2,12,144.77,0.94,0.45,0,false,Safe,0,0.249,2,12,132.27,0.94,0.44,0,false,Safe,0,0.254,2,12,129.63,0.94,0.89,0,false,Safe,0,0.269,2,12,136.50,0.94,0.89,0,false
compare_single_p_907_with_base_x3,compare_single_p_907_resume,base,FMCAD08/Int/large/microwave24.lus,Safe,12 7,5.325,3,501,71.87,5.83,5.40,0,false,Safe,7 3,20.972,3,407,95.39,21.55,21.14,0,false,Safe,10 5,3.610,3,574,70.50,4.15,3.66,0,false,Safe,10 6,3.558,3,397,169.30,4.39,8.25,0,false,Safe,11 7,3.713,3,429,169.95,4.30,11.23,0,false
compare_single_p_907_with_base_x3,compare_single_p_907_resume,base,FMCAD08/Int/large/microwave09.lus,Timeout,,,,,,,,,true,Timeout,,,,,,,,,true,Timeout,,,,,,,,,true,Timeout,,,,,,,,,true,Timeout,,,,,,,,,true
compare_single_p_907_with_base_x3,compare_single_p_907_resume,base,FMCAD08/Int/large/microwave05.lus,Timeout,,,,,117.15,302.28,1.00,1,true,Safe,17 10,71.647,3,665,99.87,72.22,72.05,0,false,Timeout,8,1.549,1,122,88.80,300.21,2.08,30,true,Safe,13 8,50.322,3,464,230.07,51.20,52.57,0,false,Timeout,,,,,283.86,302.28,1.19,1,true
compare_single_p_907_with_base_x3,compare_single_p_907_resume,base,FMCAD08/Int/large/microwave39.lus,Unsafe,0,78.798,2,438,109.59,79.23,79.22,40,false,Unsafe,0,8.107,2,489,76.95,8.60,8.17,40,false,Unsafe,0,5.483,2,590,72.76,6.02,5.51,40,false,Unsafe,15,4.672,1,252,176.18,7.03,9.03,40,false,Unsafe,0,95.345,1,428,285.11,95.89,287.19,40,false
compare_single_p_907_with_base_x3,compare_single_p_907_resume,base,FMCAD08/Int/large/steam_boiler_no_arr2_e7_12307.lus,Safe,1 0,0.113,3,89,50.11,0.66,0.16,0,false,Safe,1 0,0.112,3,89,49.53,0.62,0.15,0,false,Safe,2 1,0.140,3,105,49.90,0.62,0.18,0,false,Safe,1 0,0.114,3,89,107.86,0.63,0.40,0,false,Safe,1 0,0.119,3,89,109.23,0.63,0.38,0,false
compare_single_p_907_with_base_x3,compare_single_p_907_resume,base,FMCAD08/Int/large/microwave36.lus,Unsafe,0,4.536,2,559,71.08,5.10,4.60,40,false,Unsafe,0,59.777,2,514,90.03,60.18,60.08,40,false,Unsafe,0,15.917,2,387,81.30,16.47,16.02,40,false,Unsafe,0,4.741,2,559,172.43,5.55,10.68,40,false,Unsafe,7 3,5.396,2,525,171.53,5.87,15.94,40,false
compare_single_p_907_with_base_x3,compare_single_p_907_resume,base,FMCAD08/Int/large/microwave38.lus,Unsafe,0,12.187,2,444,77.65,12.68,12.28,40,false,Unsafe,0,9.300,2,493,74.57,9.84,9.37,40,false,Timeout,16,6.640,1,289,84.77,300.21,3.67,30,true,Unsafe,13,8.866,1,203,181.07,10.99,14.43,40,false,Unsafe,0,14.687,1,434,191.63,15.18,44.04,40,false
compare_single_p_907_with_base_x3,compare_single_p_907_resume,base,FMCAD08/Int/large/microwave23.lus,Unsafe,0,0.839,2,59,65.14,1.35,0.92,40,false,Unsafe,0,1.049,2,78,65.66,1.55,1.13,40,false,Unsafe,0,0.878,2,63,65.41,1.46,0.98,40,false,Unsafe,0,0.960,2,59,156.12,1.57,3.10,40,false,Unsafe,0,0.982,2,59,156.30,1.46,2.97,40,false
compare_single_p_907_with_base_x3,compare_single_p_907_resume,base,FMCAD08/Int/large/microwave04.lus,Safe,0,0.082,2,12,48.47,0.63,0.16,0,false,Safe,0,0.055,2,12,49.59,0.62,0.13,0,false,Safe,0,0.056,2,12,49.39,0.63,0.14,0,false,Safe,0,0.054,2,12,21.55,0.63,0.22,0,false,Safe,0,0.057,2,12,107.18,0.63,0.23,0,false
compare_single_p_907_with_base_x3,compare_single_p_907_resume,base,FMCAD08/Int/large/microwave18.lus,Unsafe,0,0.795,2,60,64.89,1.36,0.88,40,false,Unsafe,0,0.828,2,57,65.14,1.37,0.91,40,false,Unsafe,0,0.816,2,57,65.48,1.35,0.89,40,false,Unsafe,0,0.844,2,60,154.93,1.36,2.61,40,false,Unsafe,0,0.879,2,60,155.28,1.36,2.68,40,false
compare_single_p_907_with_base_x3,compare_single_p_907_resume,base,FMCAD08/Int/large/steam_boiler_no_arr2_e6_3003_e4_15091.lus,Safe,1 0,0.110,3,89,48.73,0.63,0.15,0,false,Safe,1 0,0.112,3,89,50.31,0.63,0.15,0,false,Safe,2 1,0.137,3,105,50.59,0.62,0.17,0,false,Safe,1 0,0.116,3,89,109.13,0.63,0.39,0,false,Safe,1 0,0.117,3,89,108.46,0.63,0.37,0,false
compare_single_p_907_with_base_x3,compare_single_p_907_resume,base,FMCAD08/Int/large/steam_boiler_no_arr2_e8_21449_e5_18210.lus,Safe,2 0,0.219,3,172,50.25,0.75,0.25,0,false,Safe,2 0,0.175,3,172,49.62,0.62,0.21,0,false,Safe,2 0,0.190,3,174,49.88,0.73,0.23,0,false,Safe,2 0,0.191,3,172,108.43,0.63,0.60,0,false,Safe,2 0,0.197,3,172,108.76,0.63,0.61,0,false
compare_single_p_907_with_base_x3,compare_single_p_907_resume,base,FMCAD08/Int/large/microwave21.lus,Timeout,,,,,,,,,true,Timeout,,,,,,,,,true,Timeout,,,,,,,,,true,Timeout,,,,,,,,,true,Timeout,,,,,,,,,true
compare_single_p_907_with_base_x3,compare_single_p_907_resume,base,FMCAD08/Int/large/steam_boiler_no_arr1_e4_23904_e4_2384.lus,Safe,0,0.333,2,12,129.54,0.95,0.52,0,false,Safe,0,0.332,2,12,173.29,1.05,0.57,0,false,Safe,0,0.326,2,12,127.51,1.06,0.53,0,false,Safe,0,0.330,2,12,132.10,1.05,1.10,0,false,Safe,0,0.346,2,12,142.76,0.94,1.12,0,false
compare_single_p_907_with_base_x3,compare_single_p_907_resume,base,FMCAD08/Int/large/microwave10.lus,Timeout,,,,,,,,,true,Timeout,,,,,,,,,true,Timeout,,,,,,,,,true,Timeout,,,,,,,,,true,Timeout,,,,,,,,,true
compare_single_p_907_with_base_x3,compare_single_p_907_resume,base,FMCAD08/Int/large/microwave34.lus,Timeout,,,,,122.34,302.27,1.00,1,true,Timeout,10,14.848,1,153,93.34,302.26,1.01,1,true,Timeout,,,,,122.76,302.28,1.00,1,true,Timeout,8,189.132,1,115,299.40,300.23,5.57,30,true,Timeout,,,,,324.12,302.29,1.23,1,true
compare_single_p_907_with_base_x3,compare_single_p_907_resume,base,FMCAD08/Int/large/microwave08.lus,Timeout,,,,,,,,,true,Timeout,,,,,,,,,true,Timeout,,,,,,,,,true,Timeout,,,,,,,,,true,Timeout,,,,,,,,,true
compare_single_p_907_with_base_x3,compare_single_p_907_resume,base,FMCAD08/Real_Int/large/ccp21.lus,Unsafe,0,59.469,2,4104,347.28,60.34,59.91,40,false,Unsafe,0,35.028,2,794,348.45,35.95,35.58,40,false,Unsafe,0,56.271,2,3175,328.14,57.39,56.92,40,false,Unsafe,0,39.225,2,2773,351.12,40.45,118.89,40,false,Unsafe,6,13.903,1,84,331.88,38.91,113.97,40,false
compare_single_p_907_with_base_x3,compare_single_p_907_resume,base,FMCAD08/Real_Int/large/ccp16.lus,Safe,0,0.021,2,12,34.55,0.65,0.12,0,false,Safe,0,0.022,2,12,33.93,0.52,0.07,0,false,Safe,0,0.022,2,12,34.00,0.52,0.06,0,false,Safe,0,0.021,2,12,21.37,0.54,0.10,0,false,Safe,0,0.021,2,12,21.55,0.52,0.09,0,false
compare_single_p_907_with_base_x3,compare_single_p_907_resume,base,FMCAD08/Real_Int/large/cruise_controller_14.lus,Safe,4 2,0.752,3,218,141.41,1.37,0.86,0,false,Safe,2 1,0.527,3,128,149.78,1.16,0.67,0,false,Safe,4 2,0.736,3,238,69.46,1.36,0.87,0,false,Safe,3 1,0.674,2,117,164.43,1.16,1.98,0,false,Safe,4 2,0.769,3,218,167.33,1.36,2.40,0,false
compare_single_p_907_with_base_x3,compare_single_p_907_resume,base,FMCAD08/Real_Int/large/cruise_controller_20.lus,Timeout,6,2.012,1,72,148.42,302.30,1.10,1,true,Timeout,15,4.710,1,260,84.47,302.29,1.12,1,true,Timeout,4,1.207,1,49,152.55,300.24,299.82,30,true,Unsafe,20 13,8.510,2,875,196.71,9.32,25.89,40,false,Timeout,6,2.268,1,72,204.48,300.25,897.67,30,true
compare_single_p_907_with_base_x3,compare_single_p_907_resume,base,FMCAD08/Real_Int/large/ccp08.lus,Safe,4 3,2.565,3,167,277.50,3.45,2.96,0,false,Safe,4 3,2.482,3,170,275.45,3.32,2.87,0,false,Safe,3 2,1.937,3,139,288.35,2.82,2.32,0,false,Safe,2,1.001,1,21,225.45,3.35,8.04,0,false,Safe,4 3,3.164,3,167,297.16,3.99,9.83,0,false
compare_single_p_907_with_base_x3,compare_single_p_907_resume,base,FMCAD08/Real_Int/large/cruise_controller_05.lus,Safe,0,0.049,2,12,43.01,0.52,0.11,0,false,Safe,0,0.048,2,12,39.08,0.53,0.12,0,false,Safe,0,0.048,2,12,35.77,0.53,0.12,0,false,Safe,0,0.047,2,12,46.05,0.52,0.17,0,false,Safe,0,0.050,2,12,67.54,0.63,0.19,0,false
compare_single_p_907_with_base_x3,compare_single_p_907_resume,base,FMCAD08/Real_Int/large/cruise_controller_19.lus,Safe,8 2 0,9.553,4,1740,154.02,10.18,9.67,0,false,Safe,14 6 1 0,13.348,5,3845,155.15,13.99,13.44,0,false,Safe,7 2 0,7.376,4,1636,147.17,7.99,7.48,0,false,Safe,7 2 0,8.552,4,1322,192.43,9.02,25.38,0,false,Safe,8 2 0,11.667,4,1740,194.05,12.28,35.22,0,false
compare_single_p_907_with_base_x3,compare_single_p_907_resume,base,FMCAD08/Real_Int/large/ccp10.lus,Unsafe,0,9.198,2,113,307.89,10.09,9.68,40,false,Unsafe,0,13.335,2,168,347.20,14.33,13.90,40,false,Unsafe,0,29.339,2,210,331.54,30.34,29.91,40,false,Unsafe,0,9.967,2,113,351.88,11.12,31.15,40,false,Unsafe,7,10.997,1,99,346.11,11.74,33.20,40,false
compare_single_p_907_with_base_x3,compare_single_p_907_resume,base,FMCAD08/Real_Int/large/cruise_controller_18.lus,Safe,7 4 1 0,8.134,5,1817,155.33,8.75,8.27,0,false,Safe,8 6 3 0,8.216,5,1851,141.85,8.81,8.35,0,false,Safe,8 5 1 0,8.285,5,2071,149.17,8.91,8.40,0,false,Safe,7 2 0,7.347,4,1297,188.64,7.86,22.01,0,false,Safe,10 7 3 0,13.479,5,2364,202.47,14.07,40.44,0,false
compare_single_p_907_with_base_x3,compare_single_p_907_resume,base,FMCAD08/Real_Int/large/cruise_controller_08.lus,Timeout,,,,,,,,,true,Timeout,,,,,,,,,true,Timeout,,,,,,,,,true,Timeout,,,,,,,,,true,Timeout,,,,,,,,,true
compare_single_p_907_with_base_x3,compare_single_p_907_resume,base,FMCAD08/Real_Int/large/ccp02.lus,Safe,2 1 0,7.173,4,328,131.83,7.81,7.33,0,false,Safe,2 1 0,7.412,4,314,115.21,8.09,7.59,0,false,Safe,1 0,4.872,3,137,136.50,5.50,5.03,0,false,Safe,2,5.259,1,36,181.74,6.38,17.07,0,false,Safe,2 1 0,9.001,4,270,183.01,9.55,27.14,0,false
compare_single_p_907_with_base_x3,compare_single_p_907_resume,base,FMCAD08/Real_Int/large/cruise_controller_06.lus,Safe,0,0.055,2,12,142.92,0.64,0.23,0,false,Safe,0,0.055,2,12,131.30,0.73,0.24,0,false,Safe,0,0.055,2,12,146.42,0.73,0.23,0,false,Safe,0,0.055,2,12,162.17,0.63,0.29,0,false,Safe,0,0.054,2,12,160.29,0.64,0.28,0,false
compare_single_p_907_with_base_x3,compare_single_p_907_resume,base,FMCAD08/Real_Int/large/ccp12.lus,Unsafe,0,72.240,2,1895,366.16,73.19,72.93,40,false,Unsafe,0,79.012,2,2838,380.33,80.01,79.67,40,false,Unsafe,0,61.886,2,1627,381.45,62.83,62.50,40,false,Unsafe,0,68.225,2,1529,380.59,69.49,205.35,40,false,Unsafe,15,36.872,1,281,356.43,71.71,210.93,40,false
compare_single_p_907_with_base_x3,compare_single_p_907_resume,base,FMCAD08/Real_Int/large/cruise_controller_03.lus,Safe,1 0,1.560,3,150,69.09,2.08,1.62,0,false,Safe,1 0,1.569,3,149,68.92,2.07,1.63,0,false,Safe,1 0,1.513,3,150,67.94,2.07,1.57,0,false,Safe,1 0,1.701,3,149,166.21,2.21,5.04,0,false,Safe,1 0,1.831,3,150,167.50,2.41,5.54,0,false
compare_single_p_907_with_base_x3,compare_single_p_907_resume,base,FMCAD08/Real_Int/large/cruise_controller_23.lus,Timeout,,,,,,,,,true,Timeout,,,,,,,,,true,Timeout,,,,,,,,,true,Timeout,,,,,,,,,true,Timeout,,,,,,,,,true
compare_single_p_907_with_base_x3,compare_single_p_907_resume,base,FMCAD08/Real_Int/large/ccp18.lus,Safe,3 2,6.032,3,163,279.62,6.97,6.48,0,false,Safe,4 3,3.792,3,162,283.21,4.66,4.22,0,false,Safe,2 1,1.958,3,133,301.70,2.80,2.36,0,false,Safe,2,1.661,1,26,314.82,3.45,8.45,0,false,Safe,3 2,7.194,3,163,258.86,8.07,22.17,0,false
compare_single_p_907_with_base_x3,compare_single_p_907_resume,base,FMCAD08/Real_Int/large/ccp04.lus,Safe,1 0,1.315,3,133,133.80,1.98,1.47,0,false,Safe,1 0,1.279,3,132,138.64,1.87,1.42,0,false,Safe,2,0.696,2,41,68.60,1.24,0.84,0,false,Safe,2,0.784,2,41,166.02,1.68,3.55,0,false,Safe,1 0,1.589,3,133,168.20,2.21,4.82,0,false
compare_single_p_907_with_base_x3,compare_single_p_907_resume,base,FMCAD08/Real_Int/large/cruise_controller_07.lus,Safe,0,0.054,2,12,147.33,0.62,0.20,0,false,Safe,0,0.053,2,12,145.71,0.63,0.20,0,false,Safe,0,0.053,2,12,50.55,0.65,0.18,0,false,Safe,0,0.054,2,12,60.19,0.63,0.26,0,false,Safe,0,0.054,2,12,94.28,0.63,0.27,0,false
compare_single_p_907_with_base_x3,compare_single_p_907_resume,base,FMCAD08/Real_Int/large/cruise_controller_17.lus,Unsafe,0,22.609,2,2283,157.93,23.17,22.78,40,false,Unsafe,0,34.587,2,4063,160.93,35.19,34.65,40,false,Unsafe,0,27.412,2,2613,172.80,28.04,27.56,40,false,Unsafe,14,10.231,1,268,201.67,18.12,50.96,40,false,Unsafe,38 24,28.359,2,2268,216.02,28.86,85.02,40,false
compare_single_p_907_with_base_x3,compare_single_p_907_resume,base,FMCAD08/Real_Int/large/ccp19.lus,Safe,0,0.044,2,12,368.75,0.94,0.53,0,false,Safe,0,0.046,2,12,340.80,1.06,0.56,0,false,Safe,0,0.046,2,12,309.61,0.96,0.51,0,false,Safe,0,0.045,2,12,335.18,1.05,0.63,0,false,Safe,0,0.043,2,12,316.70,0.94,0.56,0,false
compare_single_p_907_with_base_x3,compare_single_p_907_resume,base,FMCAD08/Real_Int/large/cruise_controller_09.lus,Unsafe,0,7.138,2,252,139.79,7.81,7.32,40,false,Unsafe,0,7.981,2,315,74.44,8.59,8.13,40,false,Unsafe,0,7.447,2,276,73.80,8.08,7.59,40,false,Unsafe,0,7.588,2,252,181.66,8.28,23.13,40,false,Unsafe,0,7.799,2,252,181.73,8.39,23.57,40,false
compare_single_p_907_with_base_x3,compare_single_p_907_resume,base,FMCAD08/Real_Int/large/ccp23.lus,Timeout,21 18 12 9 6,117.957,5,6921,338.46,300.20,276.02,30,true,Timeout,37 27 15,73.862,3,3693,318.38,300.22,270.37,30,true,Timeout,13 10 6 4,26.648,4,2104,303.91,300.21,281.63,30,true,Unsafe,12 9 5,41.426,3,1668,350.90,81.80,236.32,40,false,Unsafe,38 33 21,85.999,3,2665,329.68,155.36,452.10,40,false
compare_single_p_907_with_base_x3,compare_single_p_907_resume,base,FMCAD08/Real_Int/large/cruise_controller_21.lus,Unsafe,0,0.054,2,13,146.92,0.62,0.22,40,false,Unsafe,0,0.054,2,13,137.29,0.62,0.23,40,false,Unsafe,0,0.054,2,13,127.29,0.64,0.22,40,false,Unsafe,0,0.052,2,13,47.66,0.63,0.28,40,false,Unsafe,0,0.055,2,13,157.80,0.63,0.30,40,false
compare_single_p_907_with_base_x3,compare_single_p_907_resume,base,FMCAD08/Real_Int/large/ccp17.lus,Safe,4 1 0,18.113,4,728,310.09,19.02,18.56,0,false,Safe,3 1 0,12.630,4,596,292.10,13.47,13.08,0,false,Safe,5 2 0,23.660,4,971,304.75,24.54,24.12,0,false,Safe,3 1 0,15.393,4,596,334.64,16.55,47.74,0,false,Safe,4 1 0,23.537,4,781,330.16,24.74,71.55,0,false
compare_single_p_907_with_base_x3,compare_single_p_907_resume,base,FMCAD08/Real_Int/large/ccp01.lus,Safe,2 1 0,8.241,4,328,101.80,8.84,8.43,0,false,Safe,3 2 1,10.540,4,349,76.02,11.18,10.70,0,false,Safe,1 0,5.382,3,143,74.69,6.02,5.53,0,false,Safe,2,5.756,1,34,184.94,6.81,18.91,0,false,Safe,2 1 0,9.786,4,328,182.75,10.49,29.65,0,false
compare_single_p_907_with_base_x3,compare_single_p_907_resume,base,FMCAD08/Real_Int/large/ccp05.lus,Safe,0,0.036,2,12,34.40,0.63,0.17,0,false,Safe,0,0.037,2,12,124.09,0.65,0.19,0,false,Safe,0,0.038,2,12,50.78,0.65,0.18,0,false,Safe,0,0.038,2,12,126.64,0.63,0.25,0,false,Safe,0,0.036,2,12,107.32,0.64,0.30,0,false
compare_single_p_907_with_base_x3,compare_single_p_907_resume,base,FMCAD08/Real_Int/large/ccp14.lus,Unsafe,0,62.199,2,3006,311.21,63.17,62.78,40,false,Unsafe,0,40.629,2,2584,279.20,41.62,41.24,40,false,Unsafe,0,49.705,2,2604,294.20,50.71,50.31,40,false,Unsafe,22 18 12 7,68.886,5,4173,268.37,69.58,206.73,40,false,Unsafe,0,66.663,2,2358,260.71,67.85,200.80,40,false
compare_single_p_907_with_base_x3,compare_single_p_907_resume,base,FMCAD08/Real_Int/large/cruise_controller_24.lus,Safe,5 4,1.111,3,200,69.46,1.66,1.23,0,false,Safe,4 3,0.802,3,168,69.24,1.36,0.93,0,false,Safe,6 5,0.956,3,204,69.46,1.58,1.07,0,false,Safe,2,0.286,1,21,166.07,1.78,3.30,0,false,Safe,4 3,2.271,3,124,172.37,2.83,6.86,0,false
compare_single_p_907_with_base_x3,compare_single_p_907_resume,base,FMCAD08/Real_Int/large/ccp20.lus,Safe,5 1 0,14.313,4,960,323.43,15.18,14.76,0,false,Safe,8 2 0,20.544,4,1663,344.93,21.55,21.05,0,false,Safe,7 1 0,17.914,4,1563,375.07,18.86,18.39,0,false,Safe,5 1 0,13.280,4,934,358.81,14.46,40.62,0,false,Safe,13 9,17.102,3,637,379.74,18.01,51.77,0,false
compare_single_p_907_with_base_x3,compare_single_p_907_resume,base,FMCAD08/Real_Int/large/cruise_controller_02.lus,Safe,1 0,1.654,3,152,69.17,2.19,1.72,0,false,Safe,1 0,1.627,3,151,68.70,2.19,1.70,0,false,Safe,1 0,1.585,3,152,68.59,2.07,1.64,0,false,Safe,1 0,1.752,3,151,167.51,2.32,5.34,0,false,Safe,1 0,1.971,3,152,169.07,2.52,5.94,0,false
compare_single_p_907_with_base_x3,compare_single_p_907_resume,base,FMCAD08/Real_Int/large/ccp07.lus,Safe,0,0.048,2,12,287.72,0.94,0.50,0,false,Safe,0,0.047,2,12,283.49,0.96,0.50,0,false,Safe,0,0.050,2,12,296.67,0.93,0.49,0,false,Safe,0,0.048,2,12,303.27,0.94,0.56,0,false,Safe,0,0.048,2,12,248.79,0.83,0.49,0,false
compare_single_p_907_with_base_x3,compare_single_p_907_resume,base,FMCAD08/Real_Int/large/ccp22.lus,Timeout,,,,,,,,,true,Timeout,,,,,,,,,true,Timeout,,,,,,,,,true,Timeout,,,,,,,,,true,Timeout,,,,,,,,,true
compare_single_p_907_with_base_x3,compare_single_p_907_resume,base,FMCAD08/Real_Int/large/ccp11.lus,Timeout,,,,,,,,,true,Timeout,,,,,,,,,true,Timeout,,,,,,,,,true,Timeout,,,,,,,,,true,Timeout,,,,,,,,,true
compare_single_p_907_with_base_x3,compare_single_p_907_resume,base,FMCAD08/Real_Int/large/cruise_controller_15.lus,Unsafe,0,13.593,2,2971,86.63,14.26,13.75,40,false,Unsafe,0,21.841,2,3557,94.13,22.49,21.95,40,false,Unsafe,0,19.951,2,3389,94.72,20.60,20.05,40,false,Unsafe,0,6.274,2,807,185.52,7.15,19.54,40,false,Unsafe,0,16.522,2,2971,221.65,17.19,49.81,40,false
compare_single_p_907_with_base_x3,compare_single_p_907_resume,base,FMCAD08/Real_Int/large/ccp13.lus,Timeout,,,,,,,,,true,Timeout,,,,,,,,,true,Timeout,,,,,,,,,true,Timeout,,,,,,,,,true,Timeout,,,,,,,,,true
compare_single_p_907_with_base_x3,compare_single_p_907_resume,base,FMCAD08/Real_Int/large/ccp09.lus,Safe,0,0.045,2,12,302.69,0.94,0.48,0,false,Safe,0,0.046,2,12,341.56,0.94,0.51,0,false,Safe,0,0.046,2,12,289.68,0.94,0.50,0,false,Safe,0,0.046,2,12,265.05,0.84,0.48,0,false,Safe,0,0.044,2,12,268.20,0.95,0.53,0,false
compare_single_p_907_with_base_x3,compare_single_p_907_resume,base,FMCAD08/Real_Int/large/cruise_controller_04.lus,Safe,2,0.380,2,43,66.82,0.96,0.44,0,false,Safe,2,0.381,2,43,67.29,0.94,0.44,0,false,Safe,2,0.392,2,43,66.41,0.94,0.45,0,false,Safe,2,0.395,2,43,163.82,0.94,1.21,0,false,Safe,2,0.435,2,43,161.85,0.94,1.34,0,false
compare_single_p_907_with_base_x3,compare_single_p_907_resume,base,FMCAD08/Real_Int/large/ccp03.lus,Safe,3 2 1,6.643,4,347,131.07,7.27,6.79,0,false,Safe,3 2 1,6.656,4,351,75.90,7.25,6.81,0,false,Safe,1 0,4.527,3,151,124.30,5.10,4.71,0,false,Safe,2,4.723,1,36,180.97,5.75,15.93,0,false,Safe,2 1 0,8.400,4,357,184.95,9.01,25.31,0,false
compare_single_p_907_with_base_x3,compare_single_p_907_resume,base,FMCAD08/Real_Int/large/cruise_controller_11.lus,Safe,0,0.057,2,12,163.07,0.64,0.21,0,false,Safe,0,0.057,2,12,156.41,0.62,0.22,0,false,Safe,0,0.058,2,12,161.53,0.64,0.22,0,false,Safe,0,0.055,2,12,136.27,0.62,0.27,0,false,Safe,0,0.056,2,12,164.61,0.62,0.29,0,false
compare_single_p_907_with_base_x3,compare_single_p_907_resume,base,FMCAD08/Real_Int/large/cruise_controller_13.lus,Safe,0,0.054,2,12,39.55,0.65,0.19,0,false,Safe,0,0.055,2,12,39.78,0.63,0.18,0,false,Safe,0,0.054,2,12,48.40,0.63,0.18,0,false,Safe,0,0.054,2,12,103.39,0.63,0.25,0,false,Safe,0,0.054,2,12,41.90,0.63,0.27,0,false
compare_single_p_907_with_base_x3,compare_single_p_907_resume,base,FMCAD08/Real_Int/large/ccp06.lus,Safe,0,0.044,2,12,363.00,0.96,0.55,0,false,Safe,0,0.045,2,12,370.98,0.93,0.53,0,false,Safe,0,0.045,2,12,373.28,0.93,0.53,0,false,Safe,0,0.049,2,12,323.59,0.94,0.59,0,false,Safe,0,0.043,2,12,332.89,0.95,0.55,0,false
compare_single_p_907_with_base_x3,compare_single_p_907_resume,base,FMCAD08/Real_Int/large/cruise_controller_10.lus,Safe,14 6 0,12.152,4,3829,167.13,12.79,12.23,0,false,Safe,17 11 2 0,10.451,5,4664,118.54,11.09,10.49,0,false,Safe,16 9 3 1 0,12.151,6,5655,96.41,12.73,12.17,0,false,Safe,15 7 1 0,11.434,5,4513,219.83,11.96,33.49,0,false,Safe,14 6 0,14.163,4,3829,221.10,14.89,42.84,0,false
compare_single_p_907_with_base_x3,compare_single_p_907_resume,base,FMCAD08/Real_Int/large/ccp15.lus,Safe,0,0.048,2,12,291.83,0.96,0.50,0,false,Safe,0,0.048,2,12,353.45,0.93,0.51,0,false,Safe,0,0.046,2,12,295.56,0.94,0.52,0,false,Safe,0,0.047,2,12,300.68,0.94,0.58,0,false,Safe,0,0.047,2,12,326.83,0.94,0.52,0,false
compare_single_p_907_with_base_x3,compare_single_p_907_resume,base,FMCAD08/Real_Int/large/ccp24.lus,Timeout,,,,,,,,,true,Timeout,,,,,,,,,true,Timeout,,,,,,,,,true,Timeout,,,,,,,,,true,Timeout,,,,,,,,,true
compare_single_p_907_with_base_x3,compare_single_p_907_resume,base,FMCAD08/Real_Int/large/cruise_controller_16.lus,Timeout,48 43 32 27 25 24,77.320,6,14589,202.83,300.22,162.31,30,true,Unsafe,0,257.372,2,29019,192.38,257.92,257.02,40,false,Unsafe,0,222.012,2,27339,178.50,222.59,221.67,40,false,Unsafe,183 162 124 58,253.372,4,30666,481.51,253.96,757.21,40,false,Unsafe,149 138 114 92 66 42,266.771,6,30782,491.88,267.62,706.45,40,false
compare_single_p_907_with_base_x3,compare_single_p_907_resume,base,FMCAD08/Real_Int/large/cruise_controller_12.lus,Safe,2 1,0.667,3,153,69.14,1.25,0.78,0,false,Safe,2 1,0.651,3,151,111.08,1.25,0.78,0,false,Safe,3 2,0.805,3,182,69.56,1.35,0.92,0,false,Safe,2 1,0.685,3,153,167.35,1.26,2.24,0,false,Safe,2 1,0.803,3,153,167.28,1.36,2.55,0,false
compare_single_p_907_with_base_x3,compare_single_p_907_resume,base,FMCAD08/Real_Int/large/cruise_controller_22.lus,Unsafe,0,22.428,2,3228,94.77,23.10,22.54,40,false,Unsafe,0,15.275,2,1644,149.41,15.85,15.43,40,false,Unsafe,0,16.450,2,2016,84.71,16.99,16.58,40,false,Unsafe,0,17.297,2,1685,204.72,18.23,52.59,40,false,Unsafe,25 15,15.999,2,1216,200.38,16.70,48.19,40,false
compare_single_p_907_with_base_x3,compare_single_p_907_resume,base,FMCAD08/Real_Int/large/cruise_controller_01.lus,Safe,5 3 2,3.722,4,553,71.46,4.26,3.78,0,false,Safe,6 4 2,5.515,4,726,72.07,6.01,5.56,0,false,Safe,3 1 0,3.712,4,544,71.61,4.25,3.76,0,false,Safe,5 3 2,4.048,4,553,172.11,4.51,12.24,0,false,Safe,5 3 2,4.567,4,553,173.62,5.03,13.68,0,false
compare_single_p_907_with_base_x3,compare_single_p_907_resume,base,FMCAD08/Real_Int32/large/ccp21.lus,Unsafe,50 20,103.698,2,3944,313.70,105.42,105.02,40,false,Unsafe,47 19,74.162,2,4076,299.02,75.83,75.32,40,false,Unsafe,42 27,83.289,2,2239,287.19,84.36,84.10,40,false,Unsafe,41 16,79.354,2,4293,339.75,81.06,240.04,40,false,Unsafe,18 11,35.234,2,673,313.58,36.62,107.25,40,false
compare_single_p_907_with_base_x3,compare_single_p_907_resume,base,FMCAD08/Real_Int32/large/ccp16.lus,Safe,0,0.017,2,12,20.43,0.55,0.07,0,false,Safe,0,0.018,2,12,20.75,0.52,0.07,0,false,Safe,0,0.018,2,12,20.74,0.53,0.07,0,false,Safe,0,0.017,2,12,21.62,0.52,0.10,0,false,Safe,0,0.017,2,12,21.63,0.52,0.10,0,false
compare_single_p_907_with_base_x3,compare_single_p_907_resume,base,FMCAD08/Real_Int32/large/cruise_controller_14.lus,Safe,2 1,0.620,3,115,74.60,1.25,0.76,0,false,Safe,3 2,2.320,3,129,79.46,2.90,2.47,0,false,Safe,3 2,2.335,3,127,79.62,2.91,2.48,0,false,Safe,2 1,0.641,3,115,184.98,1.46,3.10,0,false,Safe,2 1,0.692,3,115,184.48,1.26,2.23,0,false
compare_single_p_907_with_base_x3,compare_single_p_907_resume,base,FMCAD08/Real_Int32/large/cruise_controller_20.lus,Unsafe,46 17,32.713,2,3702,110.05,33.67,33.14,40,false,Timeout,15,9.377,1,274,88.59,300.21,300.08,30,true,Timeout,3,0.942,1,35,132.98,302.28,1.08,1,true,Unsafe,29 17,18.554,2,1519,221.99,19.59,55.39,40,false,Unsafe,3,1.076,1,36,252.31,49.51,143.77,40,false
compare_single_p_907_with_base_x3,compare_single_p_907_resume,base,FMCAD08/Real_Int32/large/ccp08.lus,Safe,3 2,3.619,3,149,282.18,4.48,4.01,0,false,Safe,3 2,2.468,3,147,254.70,3.32,2.90,0,false,Safe,4 3,3.509,3,155,287.48,4.35,3.90,0,false,Safe,2,1.243,1,29,251.23,3.77,9.37,0,false,Safe,3 2,4.084,3,149,217.94,4.82,12.52,0,false
compare_single_p_907_with_base_x3,compare_single_p_907_resume,base,FMCAD08/Real_Int32/large/cruise_controller_05.lus,Safe,0,0.039,2,12,52.59,0.62,0.14,0,false,Safe,0,0.038,2,12,35.62,0.53,0.13,0,false,Safe,0,0.047,2,12,35.97,0.65,0.15,0,false,Safe,0,0.037,2,12,67.18,0.53,0.22,0,false,Safe,0,0.038,2,12,38.96,0.54,0.21,0,false
compare_single_p_907_with_base_x3,compare_single_p_907_resume,base,FMCAD08/Real_Int32/large/cruise_controller_19.lus,Safe,10 5 1 0,17.442,5,2227,88.56,18.08,17.58,0,false,Safe,6 2 1 0,10.045,5,1608,88.69,10.69,10.18,0,false,Safe,6 1 0,9.649,4,1234,98.45,10.36,9.79,0,false,Safe,6 2 1 0,10.796,4,1167,209.39,11.62,32.83,0,false,Safe,9 2 0,18.258,4,1618,214.51,19.08,54.56,0,false
compare_single_p_907_with_base_x3,compare_single_p_907_resume,base,FMCAD08/Real_Int32/large/ccp10.lus,Timeout,,,,,,,,,true,Timeout,,,,,,,,,true,Timeout,,,,,,,,,true,Timeout,,,,,,,,,true,Timeout,,,,,,,,,true
compare_single_p_907_with_base_x3,compare_single_p_907_resume,base,FMCAD08/Real_Int32/large/cruise_controller_18.lus,Safe,9 3 0,18.325,4,1846,116.97,18.92,18.48,0,false,Safe,9 4 2 1 0,16.524,6,2900,149.73,17.09,16.67,0,false,Safe,6 1 0,11.832,4,1287,152.82,12.42,11.97,0,false,Safe,8 2 0,12.755,4,1377,213.72,13.34,37.87,0,false,Safe,9 3 0,21.271,4,1626,218.30,21.81,63.91,0,false
compare_single_p_907_with_base_x3,compare_single_p_907_resume,base,FMCAD08/Real_Int32/large/cruise_controller_08.lus,Timeout,,,,,,,,,true,Timeout,,,,,,,,,true,Timeout,,,,,,,,,true,Timeout,,,,,,,,,true,Timeout,,,,,,,,,true
compare_single_p_907_with_base_x3,compare_single_p_907_resume,base,FMCAD08/Real_Int32/large/ccp02.lus,Safe,5 3 2,17.379,4,516,131.36,18.00,17.58,0,false,Safe,3 2 1,12.978,4,377,135.88,13.56,13.16,0,false,Safe,3 1 0,16.810,4,480,139.76,17.38,16.99,0,false,Safe,2 0,14.053,3,247,207.50,14.67,42.42,0,false,Safe,5 3 2,21.472,4,516,210.20,22.13,64.66,0,false
compare_single_p_907_with_base_x3,compare_single_p_907_resume,base,FMCAD08/Real_Int32/large/cruise_controller_06.lus,Safe,0,0.051,2,12,162.93,0.63,0.22,0,false,Safe,0,0.050,2,12,150.42,0.73,0.23,0,false,Safe,0,0.074,2,12,150.28,0.77,0.27,0,false,Safe,0,0.050,2,12,156.70,0.62,0.32,0,false,Safe,0,0.052,2,12,144.58,0.63,0.34,0,false
compare_single_p_907_with_base_x3,compare_single_p_907_resume,base,FMCAD08/Real_Int32/large/ccp12.lus,Timeout,,,,,333.44,302.27,1.78,1,true,Unsafe,31 19,97.300,2,1685,373.93,98.37,98.20,40,false,Timeout,,,,,380.80,300.22,4.26,30,true,Unsafe,22 12,91.826,2,1229,387.30,93.17,100.06,40,false,Timeout,,,,,328.08,302.30,2.16,1,true
compare_single_p_907_with_base_x3,compare_single_p_907_resume,base,FMCAD08/Real_Int32/large/cruise_controller_03.lus,Safe,3 2 1,4.319,4,363,78.64,4.90,4.41,0,false,Safe,3 2 1,4.263,4,361,79.30,4.78,4.37,0,false,Safe,1 0,2.827,3,147,77.33,3.33,2.91,0,false,Safe,2,2.982,1,38,191.51,3.98,10.08,0,false,Safe,3 2 1,5.069,4,363,195.34,5.66,15.41,0,false
compare_single_p_907_with_base_x3,compare_single_p_907_resume,base,FMCAD08/Real_Int32/large/cruise_controller_23.lus,Timeout,,,,,,,,,true,Timeout,,,,,,,,,true,Timeout,,,,,,,,,true,Timeout,,,,,,,,,true,Timeout,,,,,,,,,true
compare_single_p_907_with_base_x3,compare_single_p_907_resume,base,FMCAD08/Real_Int32/large/ccp18.lus,Safe,3 2,10.041,3,169,301.39,10.92,10.50,0,false,Safe,4 3,10.120,3,189,276.41,10.99,10.59,0,false,Safe,2 1,4.380,3,133,297.82,5.29,4.82,0,false,Safe,2 1,4.827,3,133,331.24,5.97,16.04,0,false,Safe,1 0,10.578,2,91,329.82,11.43,31.93,0,false
compare_single_p_907_with_base_x3,compare_single_p_907_resume,base,FMCAD08/Real_Int32/large/ccp04.lus,Safe,2,1.871,2,41,94.50,2.50,2.07,0,false,Safe,2,1.911,2,41,133.50,2.49,2.08,0,false,Safe,2,1.868,2,39,114.60,2.48,2.03,0,false,Safe,2,1.990,2,41,189.96,2.61,6.16,0,false,Safe,2,2.223,2,41,190.46,2.83,6.81,0,false
compare_single_p_907_with_base_x3,compare_single_p_907_resume,base,FMCAD08/Real_Int32/large/cruise_controller_07.lus,Safe,0,0.048,2,12,40.32,0.62,0.20,0,false,Safe,0,0.048,2,12,41.98,0.64,0.20,0,false,Safe,0,0.049,2,12,40.98,0.64,0.21,0,false,Safe,0,0.047,2,12,127.35,0.76,0.34,0,false,Safe,0,0.047,2,12,144.21,0.63,0.32,0,false
compare_single_p_907_with_base_x3,compare_single_p_907_resume,base,FMCAD08/Real_Int32/large/cruise_controller_17.lus,Unsafe,32 22,34.562,2,1742,155.86,35.31,34.86,40,false,Timeout,,,,,132.31,302.30,1.32,1,true,Unsafe,19 16,21.465,2,741,149.71,22.18,21.76,40,false,Unsafe,14,9.906,1,270,220.89,19.79,39.98,40,false,Unsafe,14,10.890,1,270,228.86,41.11,118.35,40,false
compare_single_p_907_with_base_x3,compare_single_p_907_resume,base,FMCAD08/Real_Int32/large/ccp19.lus,Safe,0,0.054,2,12,362.39,1.04,0.57,0,false,Safe,0,0.053,2,12,323.50,1.06,0.58,0,false,Safe,0,0.054,2,12,361.57,1.04,0.56,0,false,Safe,0,0.052,2,12,314.73,0.93,0.62,0,false,Safe,0,0.059,2,12,335.40,0.94,0.59,0,false
compare_single_p_907_with_base_x3,compare_single_p_907_resume,base,FMCAD08/Real_Int32/large/cruise_controller_09.lus,Timeout,,,,,,,,,true,Timeout,,,,,,,,,true,Timeout,,,,,,,,,true,Timeout,,,,,,,,,true,Timeout,,,,,,,,,true
compare_single_p_907_with_base_x3,compare_single_p_907_resume,base,FMCAD08/Real_Int32/large/ccp23.lus,Timeout,41 33 15,142.827,3,4143,321.41,302.24,31.63,1,true,Unsafe,97 66 27,217.115,3,11366,245.16,218.70,218.33,40,false,Timeout,27 18,54.788,2,1392,262.66,300.20,276.33,30,true,Timeout,12 9,29.386,2,383,507.27,300.25,907.41,30,true,Unsafe,12 7,41.088,2,702,415.42,143.45,439.35,40,false
compare_single_p_907_with_base_x3,compare_single_p_907_resume,base,FMCAD08/Real_Int32/large/cruise_controller_21.lus,Unsafe,,0.028,0,1,154.26,0.62,0.22,40,false,Unsafe,,0.027,0,1,142.03,0.73,0.28,40,false,Unsafe,,0.027,0,1,135.20,0.76,0.24,40,false,Unsafe,,0.026,0,1,78.99,0.62,0.28,40,false,Unsafe,,0.027,0,1,147.84,0.63,0.30,40,false
compare_single_p_907_with_base_x3,compare_single_p_907_resume,base,FMCAD08/Real_Int32/large/ccp17.lus,Safe,4 1 0,9.062,4,773,292.57,9.98,9.50,0,false,Safe,5 2 0,9.483,4,835,351.43,10.38,9.97,0,false,Safe,4 1 0,7.519,4,733,292.49,8.40,7.97,0,false,Safe,4 1 0,10.972,4,681,278.46,11.74,33.21,0,false,Safe,4 1 0,10.813,4,773,318.80,11.63,32.97,0,false
compare_single_p_907_with_base_x3,compare_single_p_907_resume,base,FMCAD08/Real_Int32/large/ccp01.lus,Safe,3 2 1,13.685,4,356,118.98,14.34,13.89,0,false,Safe,3 2 1,14.173,4,337,128.92,14.74,14.37,0,false,Safe,1 0,8.859,3,145,82.06,9.42,9.03,0,false,Safe,1 0,9.582,3,143,202.38,10.14,28.94,0,false,Safe,3 2 1,16.101,4,356,206.76,16.66,48.48,0,false
compare_single_p_907_with_base_x3,compare_single_p_907_resume,base,FMCAD08/Real_Int32/large/ccp05.lus,Safe,0,0.045,2,12,129.50,0.64,0.21,0,false,Safe,0,0.043,2,12,119.62,0.63,0.21,0,false,Safe,0,0.049,2,12,34.21,0.62,0.21,0,false,Safe,0,0.043,2,12,136.50,0.62,0.28,0,false,Safe,0,0.042,2,12,115.82,0.63,0.29,0,false
compare_single_p_907_with_base_x3,compare_single_p_907_resume,base,FMCAD08/Real_Int32/large/ccp14.lus,Unsafe,28 7,57.541,2,2277,287.10,59.20,58.84,40,false,Error,41 35 25 14,149.015,4,5427,331.23,149.89,154.75,30,false,Unsafe,51 16,100.972,2,5089,292.98,102.80,102.29,40,false,Unsafe,27 22 17 15 13 11 9 6,102.781,8,9360,387.23,104.08,312.83,40,false,Timeout,15 11 7 6,55.117,4,1825,485.21,300.24,951.50,30,true
compare_single_p_907_with_base_x3,compare_single_p_907_resume,base,FMCAD08/Real_Int32/large/cruise_controller_24.lus,Safe,5 4,3.156,3,168,80.11,3.76,3.31,0,false,Safe,6 5,1.211,3,183,76.04,1.77,1.35,0,false,Safe,6 5,1.547,3,192,76.91,2.10,1.68,0,false,Safe,6 5,1.336,3,183,187.05,2.09,4.32,0,false,Safe,5 4,3.837,3,168,201.71,4.41,11.62,0,false
compare_single_p_907_with_base_x3,compare_single_p_907_resume,base,FMCAD08/Real_Int32/large/ccp20.lus,Timeout,,,,,366.09,302.29,1.60,1,true,Safe,6 2 0,26.032,4,1393,362.25,26.93,26.56,0,false,Timeout,9,5.623,1,116,355.96,300.24,31.23,30,true,Safe,5 1 0,28.176,4,1286,384.23,29.38,48.07,0,false,Timeout,,,,,343.00,302.27,2.15,1,true
compare_single_p_907_with_base_x3,compare_single_p_907_resume,base,FMCAD08/Real_Int32/large/cruise_controller_02.lus,Safe,3 2 1 0,6.372,5,637,79.73,6.86,6.46,0,false,Safe,1 0,3.084,3,149,77.83,3.63,3.17,0,false,Safe,1 0,3.014,3,143,76.91,3.63,3.12,0,false,Safe,1 0,3.361,3,145,189.79,3.90,10.11,0,false,Safe,3 2 1 0,7.597,5,637,197.73,8.08,22.85,0,false
compare_single_p_907_with_base_x3,compare_single_p_907_resume,base,FMCAD08/Real_Int32/large/ccp07.lus,Safe,0,0.052,2,12,294.21,0.94,0.50,0,false,Safe,0,0.053,2,12,279.01,0.93,0.50,0,false,Safe,0,0.054,2,12,282.76,0.93,0.52,0,false,Safe,0,0.050,2,12,338.53,0.83,0.54,0,false,Safe,0,0.050,2,12,322.55,0.85,0.54,0,false
compare_single_p_907_with_base_x3,compare_single_p_907_resume,base,FMCAD08/Real_Int32/large/ccp22.lus,Timeout,,,,,,,,,true,Timeout,,,,,,,,,true,Timeout,,,,,,,,,true,Timeout,,,,,,,,,true,Timeout,,,,,,,,,true
compare_single_p_907_with_base_x3,compare_single_p_907_resume,base,FMCAD08/Real_Int32/large/ccp11.lus,Timeout,,,,,,,,,true,Timeout,,,,,,,,,true,Timeout,,,,,,,,,true,Timeout,,,,,,,,,true,Timeout,,,,,,,,,true
compare_single_p_907_with_base_x3,compare_single_p_907_resume,base,FMCAD08/Real_Int32/large/cruise_controller_15.lus,Unsafe,55 33,35.550,2,4508,135.45,36.28,35.78,40,false,Unsafe,27 17,13.771,2,1245,100.02,14.41,14.03,40,false,Unsafe,40 26,16.528,2,2016,143.95,17.18,16.74,40,false,Unsafe,7,3.097,1,115,212.41,12.25,34.29,40,false,Unsafe,43 25,36.532,2,2764,244.46,37.12,109.31,40,false
compare_single_p_907_with_base_x3,compare_single_p_907_resume,base,FMCAD08/Real_Int32/large/ccp13.lus,Timeout,,,,,,,,,true,Timeout,,,,,,,,,true,Timeout,,,,,,,,,true,Timeout,,,,,,,,,true,Timeout,,,,,,,,,true
compare_single_p_907_with_base_x3,compare_single_p_907_resume,base,FMCAD08/Real_Int32/large/ccp09.lus,Safe,0,0.051,2,12,253.69,0.87,0.42,0,false,Safe,0,0.054,2,12,349.06,0.93,0.53,0,false,Safe,0,0.054,2,12,308.84,0.93,0.49,0,false,Safe,0,0.052,2,12,246.53,0.84,0.52,0,false,Safe,0,0.058,2,12,285.12,0.94,0.63,0,false
compare_single_p_907_with_base_x3,compare_single_p_907_resume,base,FMCAD08/Real_Int32/large/cruise_controller_04.lus,Safe,2,0.710,2,41,74.17,1.25,0.80,0,false,Safe,2,0.732,2,39,74.21,1.25,0.83,0,false,Safe,2,0.696,2,43,73.75,1.25,0.78,0,false,Safe,2,0.761,2,41,183.39,1.25,2.35,0,false,Safe,2,0.768,2,41,183.21,1.37,2.42,0,false
compare_single_p_907_with_base_x3,compare_single_p_907_resume,base,FMCAD08/Real_Int32/large/ccp03.lus,Safe,3 2 1,8.746,4,360,126.77,9.35,8.93,0,false,Safe,3 2 1,8.550,4,341,136.46,9.13,8.72,0,false,Safe,1 0,4.294,3,147,81.43,4.99,4.49,0,false,Safe,2,4.841,1,34,200.30,5.88,15.77,0,false,Safe,3 2 1,9.796,4,360,205.37,10.39,29.61,0,false
compare_single_p_907_with_base_x3,compare_single_p_907_resume,base,FMCAD08/Real_Int32/large/cruise_controller_11.lus,Safe,0,0.051,2,12,158.95,0.64,0.22,0,false,Safe,0,0.051,2,12,157.38,0.62,0.22,0,false,Safe,0,0.049,2,12,165.16,0.62,0.21,0,false,Safe,0,0.049,2,12,160.32,0.63,0.32,0,false,Safe,0,0.053,2,12,150.26,0.63,0.34,0,false
compare_single_p_907_with_base_x3,compare_single_p_907_resume,base,FMCAD08/Real_Int32/large/cruise_controller_13.lus,Safe,0,0.045,2,12,39.98,0.65,0.20,0,false,Safe,0,0.046,2,12,89.69,0.77,0.24,0,false,Safe,0,0.072,2,12,45.12,0.64,0.22,0,false,Safe,0,0.046,2,12,40.56,0.64,0.29,0,false,Safe,0,0.046,2,12,150.83,0.62,0.29,0,false
compare_single_p_907_with_base_x3,compare_single_p_907_resume,base,FMCAD08/Real_Int32/large/ccp06.lus,Safe,0,0.052,2,12,378.80,0.95,0.55,0,false,Safe,0,0.055,2,12,362.80,1.07,0.58,0,false,Safe,0,0.051,2,12,361.08,1.05,0.57,0,false,Safe,0,0.051,2,12,383.93,1.05,0.65,0,false,Safe,0,0.051,2,12,384.59,0.94,0.64,0,false
compare_single_p_907_with_base_x3,compare_single_p_907_resume,base,FMCAD08/Real_Int32/large/cruise_controller_10.lus,Safe,16 10 1 0,19.923,5,4034,164.95,20.49,20.03,0,false,Safe,17 9 1 0,15.982,5,4089,162.04,16.58,16.07,0,false,Safe,15 8 1 0,16.116,5,4060,161.45,16.78,16.21,0,false,Safe,9,1.907,1,122,220.48,13.39,28.83,0,false,Safe,16 10 1 0,24.366,5,3857,245.29,24.97,74.40,0,false
compare_single_p_907_with_base_x3,compare_single_p_907_resume,base,FMCAD08/Real_Int32/large/ccp15.lus,Safe,0,0.053,2,12,301.75,0.95,0.53,0,false,Safe,0,0.052,2,12,343.75,0.95,0.55,0,false,Safe,0,0.053,2,12,304.64,0.94,0.51,0,false,Safe,0,0.050,2,12,317.92,0.94,0.59,0,false,Safe,0,0.054,2,12,342.85,0.95,0.56,0,false
compare_single_p_907_with_base_x3,compare_single_p_907_resume,base,FMCAD08/Real_Int32/large/ccp24.lus,Timeout,,,,,,,,,true,Timeout,,,,,,,,,true,Timeout,,,,,,,,,true,Timeout,,,,,,,,,true,Timeout,,,,,,,,,true
compare_single_p_907_with_base_x3,compare_single_p_907_resume,base,FMCAD08/Real_Int32/large/cruise_controller_16.lus,Timeout,,,,,,,,,true,Timeout,,,,,,,,,true,Timeout,,,,,,,,,true,Timeout,,,,,,,,,true,Timeout,,,,,,,,,true
compare_single_p_907_with_base_x3,compare_single_p_907_resume,base,FMCAD08/Real_Int32/large/cruise_controller_12.lus,Safe,4 3,0.834,3,141,76.06,1.46,0.98,0,false,Safe,5 4,1.310,3,159,76.72,1.87,1.45,0,false,Safe,6 5,1.198,3,195,76.18,1.78,1.33,0,false,Safe,4 3,0.851,3,141,187.78,1.77,3.30,0,false,Safe,4 3,0.904,3,141,186.71,1.47,2.88,0,false
compare_single_p_907_with_base_x3,compare_single_p_907_resume,base,FMCAD08/Real_Int32/large/cruise_controller_22.lus,Unsafe,66 37,40.868,2,6464,130.18,41.59,41.00,40,false,Unsafe,54 23,49.548,2,4128,108.76,50.55,50.02,40,false,Unsafe,68 41,39.165,2,5460,109.38,39.87,39.29,40,false,Unsafe,26 19,22.646,2,1039,224.24,23.17,67.76,40,false,Unsafe,52 23,43.109,2,4226,289.03,43.62,128.74,40,false
compare_single_p_907_with_base_x3,compare_single_p_907_resume,base,FMCAD08/Real_Int32/large/cruise_controller_01.lus,Safe,1 0,3.398,3,132,76.82,3.95,3.49,0,false,Safe,1 0,3.361,3,133,76.57,3.94,3.45,0,false,Safe,1 0,3.367,3,135,76.78,3.95,3.46,0,false,Safe,1 0,4.310,3,132,189.10,4.84,13.06,0,false,Safe,1 0,3.996,3,132,190.00,4.50,12.10,0,false
