run_id,config_label,baseline_variant,variant,filename,base_property_result,variant_property_result,base_total_time_s,variant_total_time_s,time_ratio_variant_over_base,delta_total_time_s,comparison
compare_single_p_907_with_base_x3,compare_single_p_907_resume,base,base,FMCAD08/Bool/misc/stalmark_e8_64_e7_80.lus,Unsafe,Unsafe,0.104000,0.104000,,,baseline
compare_single_p_907_with_base_x3,compare_single_p_907_resume,base,base,FMCAD08/Bool/misc/stalmark_e7_27.lus,Safe,Safe,0.102000,0.102000,,,baseline
compare_single_p_907_with_base_x3,compare_single_p_907_resume,base,base,FMCAD08/Bool/misc/switch.lus,Error,Error,0.110000,0.110000,,,baseline
compare_single_p_907_with_base_x3,compare_single_p_907_resume,base,base,FMCAD08/Bool/misc/switch2.lus,Error,Error,0.110000,0.110000,,,baseline
compare_single_p_907_with_base_x3,compare_single_p_907_resume,base,base,FMCAD08/Bool/misc/stalmark_e8_64_e8_207.lus,Unsafe,Unsafe,0.007000,0.007000,,,baseline
compare_single_p_907_with_base_x3,compare_single_p_907_resume,base,base,FMCAD08/Bool/misc/_6counter2.lus,Unsafe,Unsafe,0.105000,0.105000,,,baseline
compare_single_p_907_with_base_x3,compare_single_p_907_resume,base,base,FMCAD08/Bool/misc/stalmark_e7_27_e7_31.lus,Safe,Safe,0.102000,0.102000,,,baseline
compare_single_p_907_with_base_x3,compare_single_p_907_resume,base,base,FMCAD08/Bool/misc/_6counter.lus,Unsafe,Unsafe,0.363000,0.363000,,,baseline
compare_single_p_907_with_base_x3,compare_single_p_907_resume,base,base,FMCAD08/Bool/misc/stalmark_e8_48.lus,Unsafe,Unsafe,0.008000,0.008000,,,baseline
compare_single_p_907_with_base_x3,compare_single_p_907_resume,base,base,FMCAD08/Bool/misc/stalmark.lus,Safe,Safe,0.086000,0.086000,,,baseline
compare_single_p_907_with_base_x3,compare_single_p_907_resume,base,base,FMCAD08/Bool/misc/stalmark_e7_76.lus,Safe,Safe,0.102000,0.102000,,,baseline
compare_single_p_907_with_base_x3,compare_single_p_907_resume,base,base,FMCAD08/Bool/simulation/ums_e8_1032.lus,Safe,Safe,0.112000,0.112000,,,baseline
compare_single_p_907_with_base_x3,compare_single_p_907_resume,base,base,FMCAD08/Bool/simulation/production_cell_e7_207_e7_41.lus,Unsafe,Unsafe,0.016000,0.016000,,,baseline
compare_single_p_907_with_base_x3,compare_single_p_907_resume,base,base,FMCAD08/Bool/simulation/tramway.lus,Safe,Safe,0.589000,0.589000,,,baseline
compare_single_p_907_with_base_x3,compare_single_p_907_resume,base,base,FMCAD08/Bool/simulation/ums_e7_1700.lus,Unsafe,Unsafe,0.290000,0.290000,,,baseline
compare_single_p_907_with_base_x3,compare_single_p_907_resume,base,base,FMCAD08/Bool/simulation/production_cell_e7_21.lus,Unsafe,Unsafe,0.016000,0.016000,,,baseline
compare_single_p_907_with_base_x3,compare_single_p_907_resume,base,base,FMCAD08/Bool/simulation/production_cell_e7_207_e8_241.lus,Safe,Safe,0.076000,0.076000,,,baseline
compare_single_p_907_with_base_x3,compare_single_p_907_resume,base,base,FMCAD08/Bool/simulation/tramway_e7_1834_e8_3192.lus,Safe,Safe,0.588000,0.588000,,,baseline
compare_single_p_907_with_base_x3,compare_single_p_907_resume,base,base,FMCAD08/Bool/simulation/production_cell_e8_6.lus,Safe,Safe,0.077000,0.077000,,,baseline
compare_single_p_907_with_base_x3,compare_single_p_907_resume,base,base,FMCAD08/Bool/simulation/tramway_e7_1834_e7_2363.lus,Safe,Safe,0.092000,0.092000,,,baseline
compare_single_p_907_with_base_x3,compare_single_p_907_resume,base,base,FMCAD08/Bool/simulation/ums.lus,Safe,Safe,0.089000,0.089000,,,baseline
compare_single_p_907_with_base_x3,compare_single_p_907_resume,base,base,FMCAD08/Bool/simulation/production_cell.lus,Safe,Safe,0.078000,0.078000,,,baseline
compare_single_p_907_with_base_x3,compare_single_p_907_resume,base,base,FMCAD08/Bool/simulation/tramway_e7_1834.lus,Safe,Safe,0.074000,0.074000,,,baseline
compare_single_p_907_with_base_x3,compare_single_p_907_resume,base,base,FMCAD08/Bool/simulation/production_cell_e8_6_e7_651.lus,Unsafe,Unsafe,0.016000,0.016000,,,baseline
compare_single_p_907_with_base_x3,compare_single_p_907_resume,base,base,FMCAD08/Bool/simulation/production_cell_e8_6_e8_427.lus,Unsafe,Unsafe,0.075000,0.075000,,,baseline
compare_single_p_907_with_base_x3,compare_single_p_907_resume,base,base,FMCAD08/Int/protocol/swimmingpool_4_e7_2197.lus,Unsafe,Unsafe,0.272000,0.272000,,,baseline
compare_single_p_907_with_base_x3,compare_single_p_907_resume,base,base,FMCAD08/Int/protocol/rtp_9.lus,Safe,Safe,0.058000,0.058000,,,baseline
compare_single_p_907_with_base_x3,compare_single_p_907_resume,base,base,FMCAD08/Int/protocol/rtp_6.lus,Safe,Safe,0.079000,0.079000,,,baseline
compare_single_p_907_with_base_x3,compare_single_p_907_resume,base,base,FMCAD08/Int/protocol/swimmingpool_6.lus,Unsafe,Unsafe,0.582000,0.582000,,,baseline
compare_single_p_907_with_base_x3,compare_single_p_907_resume,base,base,FMCAD08/Int/protocol/rtp_7.lus,Safe,Safe,0.056000,0.056000,,,baseline
compare_single_p_907_with_base_x3,compare_single_p_907_resume,base,base,FMCAD08/Int/protocol/swimmingpool_6_e7_399.lus,Unsafe,Unsafe,1.138000,1.138000,,,baseline
compare_single_p_907_with_base_x3,compare_single_p_907_resume,base,base,FMCAD08/Int/protocol/rtp_4.lus,Safe,Safe,0.080000,0.080000,,,baseline
compare_single_p_907_with_base_x3,compare_single_p_907_resume,base,base,FMCAD08/Int/protocol/swimmingpool_1_e7_1621.lus,Unsafe,Unsafe,0.202000,0.202000,,,baseline
compare_single_p_907_with_base_x3,compare_single_p_907_resume,base,base,FMCAD08/Int/protocol/rtp_8.lus,Safe,Safe,0.056000,0.056000,,,baseline
compare_single_p_907_with_base_x3,compare_single_p_907_resume,base,base,FMCAD08/Int/protocol/swimmingpool_4.lus,Unsafe,Unsafe,0.129000,0.129000,,,baseline
compare_single_p_907_with_base_x3,compare_single_p_907_resume,base,base,FMCAD08/Int/protocol/peterson_all.lus,Safe,Safe,0.286000,0.286000,,,baseline
compare_single_p_907_with_base_x3,compare_single_p_907_resume,base,base,FMCAD08/Int/protocol/peterson_3.lus,Safe,Safe,0.098000,0.098000,,,baseline
compare_single_p_907_with_base_x3,compare_single_p_907_resume,base,base,FMCAD08/Int/protocol/swimmingpool_3.lus,Unsafe,Unsafe,0.091000,0.091000,,,baseline
compare_single_p_907_with_base_x3,compare_single_p_907_resume,base,base,FMCAD08/Int/protocol/swimmingpool_1.lus,Unsafe,Unsafe,0.949000,0.949000,,,baseline
compare_single_p_907_with_base_x3,compare_single_p_907_resume,base,base,FMCAD08/Int/protocol/swimmingpool_2.lus,Unsafe,Unsafe,0.018000,0.018000,,,baseline
compare_single_p_907_with_base_x3,compare_single_p_907_resume,base,base,FMCAD08/Int/protocol/rtp_all.lus,Safe,Safe,0.389000,0.389000,,,baseline
compare_single_p_907_with_base_x3,compare_single_p_907_resume,base,base,FMCAD08/Int/protocol/readwrit.lus,Safe,Safe,0.055000,0.055000,,,baseline
compare_single_p_907_with_base_x3,compare_single_p_907_resume,base,base,FMCAD08/Int/protocol/rtp_1.lus,Safe,Safe,0.076000,0.076000,,,baseline
compare_single_p_907_with_base_x3,compare_single_p_907_resume,base,base,FMCAD08/Int/protocol/rtp_2.lus,Safe,Safe,0.101000,0.101000,,,baseline
compare_single_p_907_with_base_x3,compare_single_p_907_resume,base,base,FMCAD08/Int/protocol/rtp_5.lus,Safe,Safe,0.058000,0.058000,,,baseline
compare_single_p_907_with_base_x3,compare_single_p_907_resume,base,base,FMCAD08/Int/protocol/rtp_3.lus,Safe,Safe,0.076000,0.076000,,,baseline
compare_single_p_907_with_base_x3,compare_single_p_907_resume,base,base,FMCAD08/Int/protocol/peterson_2.lus,Safe,Safe,0.067000,0.067000,,,baseline
compare_single_p_907_with_base_x3,compare_single_p_907_resume,base,base,FMCAD08/Int/protocol/peterson_1_e7_4234.lus,Safe,Safe,0.076000,0.076000,,,baseline
compare_single_p_907_with_base_x3,compare_single_p_907_resume,base,base,FMCAD08/Int/protocol/peterson_1.lus,Safe,Safe,0.072000,0.072000,,,baseline
compare_single_p_907_with_base_x3,compare_single_p_907_resume,base,base,FMCAD08/Int/protocol/peterson_4.lus,Safe,Safe,0.112000,0.112000,,,baseline
compare_single_p_907_with_base_x3,compare_single_p_907_resume,base,base,FMCAD08/Int/protocol/swimmingpool_8.lus,Unsafe,Unsafe,0.369000,0.369000,,,baseline
compare_single_p_907_with_base_x3,compare_single_p_907_resume,base,base,FMCAD08/Int/protocol/rtp_10_e7_106_e7_2564.lus,Safe,Safe,0.092000,0.092000,,,baseline
compare_single_p_907_with_base_x3,compare_single_p_907_resume,base,base,FMCAD08/Int/protocol/rtp_5_e7_3972.lus,Safe,Safe,0.068000,0.068000,,,baseline
compare_single_p_907_with_base_x3,compare_single_p_907_resume,base,base,FMCAD08/Int/protocol/swimmingpool_6_e7_10_e7_341.lus,Unsafe,Unsafe,0.357000,0.357000,,,baseline
compare_single_p_907_with_base_x3,compare_single_p_907_resume,base,base,FMCAD08/Int/protocol/swimmingpool_7.lus,Unsafe,Unsafe,0.949000,0.949000,,,baseline
compare_single_p_907_with_base_x3,compare_single_p_907_resume,base,base,FMCAD08/Int/protocol/rtp_all_e7_2500.lus,Safe,Safe,0.584000,0.584000,,,baseline
compare_single_p_907_with_base_x3,compare_single_p_907_resume,base,base,FMCAD08/Int/protocol/swimmingpool_9.lus,Unsafe,Unsafe,0.714000,0.714000,,,baseline
compare_single_p_907_with_base_x3,compare_single_p_907_resume,base,base,FMCAD08/Int/protocol/rtp_10.lus,Safe,Safe,0.054000,0.054000,,,baseline
compare_single_p_907_with_base_x3,compare_single_p_907_resume,base,base,FMCAD08/Int/protocol/rtp_vt.lus,Safe,Safe,77.316000,77.316000,,,baseline
compare_single_p_907_with_base_x3,compare_single_p_907_resume,base,base,FMCAD08/Int/protocol/swimmingpool_5.lus,Unsafe,Unsafe,0.189000,0.189000,,,baseline
compare_single_p_907_with_base_x3,compare_single_p_907_resume,base,base,FMCAD08/Int/protocol/peterson_vt.lus,Unsafe,Unsafe,0.412000,0.412000,,,baseline
compare_single_p_907_with_base_x3,compare_single_p_907_resume,base,base,FMCAD08/Int/misc/ticket3i_2.lus,Safe,Safe,0.068000,0.068000,,,baseline
compare_single_p_907_with_base_x3,compare_single_p_907_resume,base,base,FMCAD08/Int/misc/durationThm_3_e3_442_e5_260.lus,Safe,Safe,0.036000,0.036000,,,baseline
compare_single_p_907_with_base_x3,compare_single_p_907_resume,base,base,FMCAD08/Int/misc/ticket3i_7_e7_3176.lus,Safe,Safe,0.145000,0.145000,,,baseline
compare_single_p_907_with_base_x3,compare_single_p_907_resume,base,base,FMCAD08/Int/misc/durationThm_1_e7_217_e3_132.lus,Safe,Safe,0.054000,0.054000,,,baseline
compare_single_p_907_with_base_x3,compare_single_p_907_resume,base,base,FMCAD08/Int/misc/durationThm_2_e7_145_e8_73.lus,Timeout,Timeout,,,,,baseline
compare_single_p_907_with_base_x3,compare_single_p_907_resume,base,base,FMCAD08/Int/misc/durationThm_2_e7_145_e1_343.lus,Unsafe,Unsafe,0.013000,0.013000,,,baseline
compare_single_p_907_with_base_x3,compare_single_p_907_resume,base,base,FMCAD08/Int/misc/_6counters.lus,Unsafe,Unsafe,6.824000,6.824000,,,baseline
compare_single_p_907_with_base_x3,compare_single_p_907_resume,base,base,FMCAD08/Int/misc/ticket3i_7_e7_3176_e1_2924.lus,Safe,Safe,0.165000,0.165000,,,baseline
compare_single_p_907_with_base_x3,compare_single_p_907_resume,base,base,FMCAD08/Int/misc/durationThm_1_e2_3.lus,Safe,Safe,0.035000,0.035000,,,baseline
compare_single_p_907_with_base_x3,compare_single_p_907_resume,base,base,FMCAD08/Int/misc/durationThm_2_e7_145_e3_222.lus,Safe,Safe,0.067000,0.067000,,,baseline
compare_single_p_907_with_base_x3,compare_single_p_907_resume,base,base,FMCAD08/Int/misc/durationThm_3_e7_334_e2_62.lus,Safe,Safe,0.076000,0.076000,,,baseline
compare_single_p_907_with_base_x3,compare_single_p_907_resume,base,base,FMCAD08/Int/misc/ticket3i_1.lus,Safe,Safe,0.085000,0.085000,,,baseline
compare_single_p_907_with_base_x3,compare_single_p_907_resume,base,base,FMCAD08/Int/misc/durationThm_3.lus,Timeout,Timeout,,,,,baseline
compare_single_p_907_with_base_x3,compare_single_p_907_resume,base,base,FMCAD08/Int/misc/traffic_e7_46_e7_171.lus,Unsafe,Unsafe,0.013000,0.013000,,,baseline
compare_single_p_907_with_base_x3,compare_single_p_907_resume,base,base,FMCAD08/Int/misc/durationThm_2_e7_149.lus,Unsafe,Unsafe,0.013000,0.013000,,,baseline
compare_single_p_907_with_base_x3,compare_single_p_907_resume,base,base,FMCAD08/Int/misc/durationThm_3_e7_334_e3_42.lus,Safe,Safe,0.053000,0.053000,,,baseline
compare_single_p_907_with_base_x3,compare_single_p_907_resume,base,base,FMCAD08/Int/misc/ticket3i_7_e3_59_e7_2122.lus,Safe,Safe,0.158000,0.158000,,,baseline
compare_single_p_907_with_base_x3,compare_single_p_907_resume,base,base,FMCAD08/Int/misc/ex8_e7_74.lus,Unsafe,Unsafe,0.025000,0.025000,,,baseline
compare_single_p_907_with_base_x3,compare_single_p_907_resume,base,base,FMCAD08/Int/misc/ex8_e7_74_e7_740.lus,Unsafe,Unsafe,0.026000,0.026000,,,baseline
compare_single_p_907_with_base_x3,compare_single_p_907_resume,base,base,FMCAD08/Int/misc/ticket3i_3_e7_99.lus,Unsafe,Unsafe,0.020000,0.020000,,,baseline
compare_single_p_907_with_base_x3,compare_single_p_907_resume,base,base,FMCAD08/Int/misc/ticket3i_3_e7_1312_e8_1916.lus,Safe,Safe,0.046000,0.046000,,,baseline
compare_single_p_907_with_base_x3,compare_single_p_907_resume,base,base,FMCAD08/Int/misc/ex8_e8_220_e7_249.lus,Unsafe,Unsafe,0.025000,0.025000,,,baseline
compare_single_p_907_with_base_x3,compare_single_p_907_resume,base,base,FMCAD08/Int/misc/two_counters_e1_268.lus,Unsafe,Unsafe,0.010000,0.010000,,,baseline
compare_single_p_907_with_base_x3,compare_single_p_907_resume,base,base,FMCAD08/Int/misc/durationThm_2.lus,Timeout,Timeout,,,,,baseline
compare_single_p_907_with_base_x3,compare_single_p_907_resume,base,base,FMCAD08/Int/misc/durationThm_3_e1_36.lus,Unsafe,Unsafe,0.026000,0.026000,,,baseline
compare_single_p_907_with_base_x3,compare_single_p_907_resume,base,base,FMCAD08/Int/misc/ticket3i_all_e8_505_e7_2450.lus,Safe,Safe,0.196000,0.196000,,,baseline
compare_single_p_907_with_base_x3,compare_single_p_907_resume,base,base,FMCAD08/Int/misc/durationThm_1_e1_350.lus,Unsafe,Unsafe,0.012000,0.012000,,,baseline
compare_single_p_907_with_base_x3,compare_single_p_907_resume,base,base,FMCAD08/Int/misc/ticket3i_3_e8_1703_e8_2560.lus,Safe,Safe,0.048000,0.048000,,,baseline
compare_single_p_907_with_base_x3,compare_single_p_907_resume,base,base,FMCAD08/Int/misc/durationThm_1_e3_389.lus,Safe,Safe,0.035000,0.035000,,,baseline
compare_single_p_907_with_base_x3,compare_single_p_907_resume,base,base,FMCAD08/Int/misc/durationThm_3_e3_442_e4_165.lus,Safe,Safe,0.034000,0.034000,,,baseline
compare_single_p_907_with_base_x3,compare_single_p_907_resume,base,base,FMCAD08/Int/misc/durationThm_1_e7_217_e7_31.lus,Unsafe,Unsafe,0.012000,0.012000,,,baseline
compare_single_p_907_with_base_x3,compare_single_p_907_resume,base,base,FMCAD08/Int/misc/durationThm_1.lus,Timeout,Timeout,,,,,baseline
compare_single_p_907_with_base_x3,compare_single_p_907_resume,base,base,FMCAD08/Int/misc/ticket3i_all_e7_591.lus,Safe,Safe,0.149000,0.149000,,,baseline
compare_single_p_907_with_base_x3,compare_single_p_907_resume,base,base,FMCAD08/Int/misc/durationThm_2_e1_301.lus,Timeout,Timeout,,,,,baseline
compare_single_p_907_with_base_x3,compare_single_p_907_resume,base,base,FMCAD08/Int/misc/two_counters_e3_325.lus,Unsafe,Unsafe,0.027000,0.027000,,,baseline
compare_single_p_907_with_base_x3,compare_single_p_907_resume,base,base,FMCAD08/Int/misc/durationThm_3_e7_334.lus,Timeout,Timeout,0.077000,0.077000,,,baseline
compare_single_p_907_with_base_x3,compare_single_p_907_resume,base,base,FMCAD08/Int/misc/_6counters_e8_371_e1_448.lus,Timeout,Timeout,,,,,baseline
compare_single_p_907_with_base_x3,compare_single_p_907_resume,base,base,FMCAD08/Int/misc/ticket3i_3_e8_1703_e7_3491.lus,Unsafe,Unsafe,0.021000,0.021000,,,baseline
compare_single_p_907_with_base_x3,compare_single_p_907_resume,base,base,FMCAD08/Int/misc/ticket3i_1_e7_1669.lus,Safe,Safe,0.086000,0.086000,,,baseline
compare_single_p_907_with_base_x3,compare_single_p_907_resume,base,base,FMCAD08/Int/misc/durationThm_1_e7_217.lus,Unsafe,Unsafe,0.042000,0.042000,,,baseline
compare_single_p_907_with_base_x3,compare_single_p_907_resume,base,base,FMCAD08/Int/misc/traffic.lus,Safe,Safe,0.038000,0.038000,,,baseline
compare_single_p_907_with_base_x3,compare_single_p_907_resume,base,base,FMCAD08/Int/misc/two_counters_e2_3.lus,Unsafe,Unsafe,0.021000,0.021000,,,baseline
compare_single_p_907_with_base_x3,compare_single_p_907_resume,base,base,FMCAD08/Int/misc/ticket3i_7_e1_2192_e1_1852.lus,Safe,Safe,0.203000,0.203000,,,baseline
compare_single_p_907_with_base_x3,compare_single_p_907_resume,base,base,FMCAD08/Int/misc/_6counters_e3_140_e8_149.lus,Timeout,Timeout,,,,,baseline
compare_single_p_907_with_base_x3,compare_single_p_907_resume,base,base,FMCAD08/Int/misc/ticket3i_7_e2_2724_e7_524.lus,Safe,Safe,0.151000,0.151000,,,baseline
compare_single_p_907_with_base_x3,compare_single_p_907_resume,base,base,FMCAD08/Int/misc/durationThm_2_e7_145_e2_169.lus,Safe,Safe,0.060000,0.060000,,,baseline
compare_single_p_907_with_base_x3,compare_single_p_907_resume,base,base,FMCAD08/Int/misc/durationThm_2_e7_145_e7_154.lus,Unsafe,Unsafe,0.012000,0.012000,,,baseline
compare_single_p_907_with_base_x3,compare_single_p_907_resume,base,base,FMCAD08/Int/misc/_6counters_e8_371_e7_304.lus,Unsafe,Unsafe,1.254000,1.254000,,,baseline
compare_single_p_907_with_base_x3,compare_single_p_907_resume,base,base,FMCAD08/Int/misc/durationThm_2_e3_329_e4_1.lus,Safe,Safe,0.043000,0.043000,,,baseline
compare_single_p_907_with_base_x3,compare_single_p_907_resume,base,base,FMCAD08/Int/misc/_6countern.lus,Unsafe,Unsafe,0.006000,0.006000,,,baseline
compare_single_p_907_with_base_x3,compare_single_p_907_resume,base,base,FMCAD08/Int/misc/durationThm_3_e7_334_e7_118.lus,Unsafe,Unsafe,0.010000,0.010000,,,baseline
compare_single_p_907_with_base_x3,compare_single_p_907_resume,base,base,FMCAD08/Int/misc/ticket3i_3_e8_1703.lus,Safe,Safe,0.068000,0.068000,,,baseline
compare_single_p_907_with_base_x3,compare_single_p_907_resume,base,base,FMCAD08/Int/misc/ticket3i_4.lus,Safe,Safe,0.063000,0.063000,,,baseline
compare_single_p_907_with_base_x3,compare_single_p_907_resume,base,base,FMCAD08/Int/misc/ticket3i_3_e7_1312_e7_1495.lus,Unsafe,Unsafe,0.025000,0.025000,,,baseline
compare_single_p_907_with_base_x3,compare_single_p_907_resume,base,base,FMCAD08/Int/misc/durationThm_1_e7_217_e1_89.lus,Unsafe,Unsafe,0.013000,0.013000,,,baseline
compare_single_p_907_with_base_x3,compare_single_p_907_resume,base,base,FMCAD08/Int/misc/durationThm_3_e7_334_e1_431.lus,Unsafe,Unsafe,0.025000,0.025000,,,baseline
compare_single_p_907_with_base_x3,compare_single_p_907_resume,base,base,FMCAD08/Int/misc/ex8.lus,Unsafe,Unsafe,0.026000,0.026000,,,baseline
compare_single_p_907_with_base_x3,compare_single_p_907_resume,base,base,FMCAD08/Int/misc/_6counters_e8_371_e2_80.lus,Safe,Safe,0.020000,0.020000,,,baseline
compare_single_p_907_with_base_x3,compare_single_p_907_resume,base,base,FMCAD08/Int/misc/two_counters.lus,Safe,Safe,1.149000,1.149000,,,baseline
compare_single_p_907_with_base_x3,compare_single_p_907_resume,base,base,FMCAD08/Int/misc/durationThm_3_e3_207.lus,Safe,Safe,0.036000,0.036000,,,baseline
compare_single_p_907_with_base_x3,compare_single_p_907_resume,base,base,FMCAD08/Int/misc/ticket3i_3.lus,Safe,Safe,0.045000,0.045000,,,baseline
compare_single_p_907_with_base_x3,compare_single_p_907_resume,base,base,FMCAD08/Int/misc/durationThm_2_e3_329_e5_124.lus,Safe,Safe,0.043000,0.043000,,,baseline
compare_single_p_907_with_base_x3,compare_single_p_907_resume,base,base,FMCAD08/Int/misc/_6counters_e8_371_e3_224.lus,Timeout,Timeout,,,,,baseline
compare_single_p_907_with_base_x3,compare_single_p_907_resume,base,base,FMCAD08/Int/misc/ex8_e7_74_e8_302.lus,Unsafe,Unsafe,0.025000,0.025000,,,baseline
compare_single_p_907_with_base_x3,compare_single_p_907_resume,base,base,FMCAD08/Int/misc/ticket3i_all_e3_557_e7_3464.lus,Safe,Safe,0.126000,0.126000,,,baseline
compare_single_p_907_with_base_x3,compare_single_p_907_resume,base,base,FMCAD08/Int/misc/ticket3i_5_e7_3307.lus,Safe,Safe,0.070000,0.070000,,,baseline
compare_single_p_907_with_base_x3,compare_single_p_907_resume,base,base,FMCAD08/Int/misc/two_counters_e7_222.lus,Unsafe,Unsafe,0.010000,0.010000,,,baseline
compare_single_p_907_with_base_x3,compare_single_p_907_resume,base,base,FMCAD08/Int/misc/traffic_e7_46.lus,Unsafe,Unsafe,0.009000,0.009000,,,baseline
compare_single_p_907_with_base_x3,compare_single_p_907_resume,base,base,FMCAD08/Int/misc/twisted_counters.lus,Safe,Safe,2.017000,2.017000,,,baseline
compare_single_p_907_with_base_x3,compare_single_p_907_resume,base,base,FMCAD08/Int/misc/durationThm_1_e3_389_e5_5.lus,Safe,Safe,0.036000,0.036000,,,baseline
compare_single_p_907_with_base_x3,compare_single_p_907_resume,base,base,FMCAD08/Int/misc/durationThm_2_e2_63.lus,Safe,Safe,0.052000,0.052000,,,baseline
compare_single_p_907_with_base_x3,compare_single_p_907_resume,base,base,FMCAD08/Int/misc/durationThm_2_e3_99.lus,Safe,Safe,0.043000,0.043000,,,baseline
compare_single_p_907_with_base_x3,compare_single_p_907_resume,base,base,FMCAD08/Int/misc/ticket3i_all_e2_1117_e7_553.lus,Safe,Safe,0.147000,0.147000,,,baseline
compare_single_p_907_with_base_x3,compare_single_p_907_resume,base,base,FMCAD08/Int/misc/ticket3i_7.lus,Safe,Safe,0.140000,0.140000,,,baseline
compare_single_p_907_with_base_x3,compare_single_p_907_resume,base,base,FMCAD08/Int/misc/ticket3i_4_e7_1775_e7_3320.lus,Safe,Safe,0.061000,0.061000,,,baseline
compare_single_p_907_with_base_x3,compare_single_p_907_resume,base,base,FMCAD08/Int/misc/durationThm_1_e3_389_e4_294.lus,Safe,Safe,0.033000,0.033000,,,baseline
compare_single_p_907_with_base_x3,compare_single_p_907_resume,base,base,FMCAD08/Int/misc/ticket3i_all.lus,Safe,Safe,0.138000,0.138000,,,baseline
compare_single_p_907_with_base_x3,compare_single_p_907_resume,base,base,FMCAD08/Int/misc/durationThm_1_e7_217_e2_352.lus,Safe,Safe,0.055000,0.055000,,,baseline
compare_single_p_907_with_base_x3,compare_single_p_907_resume,base,base,FMCAD08/Int/misc/ticket3i_7_e8_2126_e7_78.lus,Safe,Safe,0.148000,0.148000,,,baseline
compare_single_p_907_with_base_x3,compare_single_p_907_resume,base,base,FMCAD08/Int/misc/ticket3i_all_e1_2706_e7_1776.lus,Safe,Safe,0.147000,0.147000,,,baseline
compare_single_p_907_with_base_x3,compare_single_p_907_resume,base,base,FMCAD08/Int/misc/durationThm_3_e2_63.lus,Safe,Safe,0.034000,0.034000,,,baseline
compare_single_p_907_with_base_x3,compare_single_p_907_resume,base,base,FMCAD08/Int/misc/ticket3i_5.lus,Safe,Safe,0.062000,0.062000,,,baseline
compare_single_p_907_with_base_x3,compare_single_p_907_resume,base,base,FMCAD08/Int/misc/ticket3i_6_e7_1096_e7_2688.lus,Safe,Safe,0.066000,0.066000,,,baseline
compare_single_p_907_with_base_x3,compare_single_p_907_resume,base,base,FMCAD08/Int/misc/ex8_e8_220.lus,Unsafe,Unsafe,0.026000,0.026000,,,baseline
compare_single_p_907_with_base_x3,compare_single_p_907_resume,base,base,FMCAD08/Int/misc/ex3.lus,Safe,Safe,0.110000,0.110000,,,baseline
compare_single_p_907_with_base_x3,compare_single_p_907_resume,base,base,FMCAD08/Int/misc/ticket3i_6.lus,Safe,Safe,0.067000,0.067000,,,baseline
compare_single_p_907_with_base_x3,compare_single_p_907_resume,base,base,FMCAD08/Int/memory1/DRAGON_2_e7_25_e8_3171.lus,Safe,Safe,0.063000,0.063000,,,baseline
compare_single_p_907_with_base_x3,compare_single_p_907_resume,base,base,FMCAD08/Int/memory1/DRAGON_10_e1_3587_e7_872.lus,Unsafe,Unsafe,0.023000,0.023000,,,baseline
compare_single_p_907_with_base_x3,compare_single_p_907_resume,base,base,FMCAD08/Int/memory1/FIREFLY_luke_1b_e2_3049.lus,Unsafe,Unsafe,0.056000,0.056000,,,baseline
compare_single_p_907_with_base_x3,compare_single_p_907_resume,base,base,FMCAD08/Int/memory1/FIREFLY_luke_1a_e2_284_e1_2924.lus,Timeout,Timeout,,,,,baseline
compare_single_p_907_with_base_x3,compare_single_p_907_resume,base,base,FMCAD08/Int/memory1/DRAGON_4_e7_2329.lus,Unsafe,Unsafe,0.089000,0.089000,,,baseline
compare_single_p_907_with_base_x3,compare_single_p_907_resume,base,base,FMCAD08/Int/memory1/FIREFLY_luke_1b_e3_671_e5_1637.lus,Unsafe,Unsafe,0.054000,0.054000,,,baseline
compare_single_p_907_with_base_x3,compare_single_p_907_resume,base,base,FMCAD08/Int/memory1/FIREFLY_all_e3_1600_e7_1607.lus,Unsafe,Unsafe,0.020000,0.020000,,,baseline
compare_single_p_907_with_base_x3,compare_single_p_907_resume,base,base,FMCAD08/Int/memory1/FIREFLY_3_e2_2236_e3_2657.lus,Unsafe,Unsafe,0.057000,0.057000,,,baseline
compare_single_p_907_with_base_x3,compare_single_p_907_resume,base,base,FMCAD08/Int/memory1/FIREFLY_all_e7_1909.lus,Unsafe,Unsafe,0.024000,0.024000,,,baseline
compare_single_p_907_with_base_x3,compare_single_p_907_resume,base,base,FMCAD08/Int/memory1/DRAGON_all2_e8_5504_e1_4719.lus,Unsafe,Unsafe,0.027000,0.027000,,,baseline
compare_single_p_907_with_base_x3,compare_single_p_907_resume,base,base,FMCAD08/Int/memory1/DRAGON_3_e3_5422_e2_3135.lus,Safe,Safe,0.070000,0.070000,,,baseline
compare_single_p_907_with_base_x3,compare_single_p_907_resume,base,base,FMCAD08/Int/memory1/DRAGON_all_e2_6104_e2_3308.lus,Safe,Safe,0.183000,0.183000,,,baseline
compare_single_p_907_with_base_x3,compare_single_p_907_resume,base,base,FMCAD08/Int/memory1/DRAGON_10_e1_998.lus,Safe,Safe,0.088000,0.088000,,,baseline
compare_single_p_907_with_base_x3,compare_single_p_907_resume,base,base,FMCAD08/Int/memory1/FIREFLY_a3_e1_3233.lus,Unsafe,Unsafe,0.064000,0.064000,,,baseline
compare_single_p_907_with_base_x3,compare_single_p_907_resume,base,base,FMCAD08/Int/memory1/DRAGON_all2_e7_5406_e7_6697.lus,Unsafe,Unsafe,0.027000,0.027000,,,baseline
compare_single_p_907_with_base_x3,compare_single_p_907_resume,base,base,FMCAD08/Int/memory1/DRAGON_8_e3_786.lus,Timeout,Timeout,293.429000,293.429000,,,baseline
compare_single_p_907_with_base_x3,compare_single_p_907_resume,base,base,FMCAD08/Int/memory1/FIREFLY_u1.lus,Safe,Safe,1.304000,1.304000,,,baseline
compare_single_p_907_with_base_x3,compare_single_p_907_resume,base,base,FMCAD08/Int/memory1/DRAGON_all_e3_4821_e4_1791.lus,Safe,Safe,0.179000,0.179000,,,baseline
compare_single_p_907_with_base_x3,compare_single_p_907_resume,base,base,FMCAD08/Int/memory1/FIREFLY_3.lus,Safe,Safe,0.045000,0.045000,,,baseline
compare_single_p_907_with_base_x3,compare_single_p_907_resume,base,base,FMCAD08/Int/memory1/DRAGON_4_e1_4312.lus,Safe,Safe,2.914000,2.914000,,,baseline
compare_single_p_907_with_base_x3,compare_single_p_907_resume,base,base,FMCAD08/Int/memory1/FIREFLY_2.lus,Safe,Safe,0.051000,0.051000,,,baseline
compare_single_p_907_with_base_x3,compare_single_p_907_resume,base,base,FMCAD08/Int/memory1/DRAGON_all_e1_4022_e1_1759.lus,Safe,Safe,0.154000,0.154000,,,baseline
compare_single_p_907_with_base_x3,compare_single_p_907_resume,base,base,FMCAD08/Int/memory1/FIREFLY_luke_rt_e3_1549.lus,Unsafe,Unsafe,0.061000,0.061000,,,baseline
compare_single_p_907_with_base_x3,compare_single_p_907_resume,base,base,FMCAD08/Int/memory1/FIREFLY_a3_e2_2086_e3_2542.lus,Safe,Safe,0.111000,0.111000,,,baseline
compare_single_p_907_with_base_x3,compare_single_p_907_resume,base,base,FMCAD08/Int/memory1/DRAGON_4.lus,Safe,Safe,3.073000,3.073000,,,baseline
compare_single_p_907_with_base_x3,compare_single_p_907_resume,base,base,FMCAD08/Int/memory1/FIREFLY_5_e2_2884_e1_2678.lus,Safe,Safe,0.060000,0.060000,,,baseline
compare_single_p_907_with_base_x3,compare_single_p_907_resume,base,base,FMCAD08/Int/memory1/DRAGON_all_e2_6104_e3_2607.lus,Safe,Safe,0.181000,0.181000,,,baseline
compare_single_p_907_with_base_x3,compare_single_p_907_resume,base,base,FMCAD08/Int/memory1/DRAGON_10_e2_402.lus,Safe,Safe,0.089000,0.089000,,,baseline
compare_single_p_907_with_base_x3,compare_single_p_907_resume,base,base,FMCAD08/Int/memory1/FIREFLY_all_e2_2924_e7_3371.lus,Unsafe,Unsafe,0.021000,0.021000,,,baseline
compare_single_p_907_with_base_x3,compare_single_p_907_resume,base,base,FMCAD08/Int/memory1/FIREFLY_luke_1b_e3_671_e3_941.lus,Unsafe,Unsafe,0.044000,0.044000,,,baseline
compare_single_p_907_with_base_x3,compare_single_p_907_resume,base,base,FMCAD08/Int/memory1/FIREFLY_11_e1_3457.lus,Timeout,Timeout,,,,,baseline
compare_single_p_907_with_base_x3,compare_single_p_907_resume,base,base,FMCAD08/Int/memory1/DRAGON_2_e7_25_e2_5340.lus,Unsafe,Unsafe,0.024000,0.024000,,,baseline
compare_single_p_907_with_base_x3,compare_single_p_907_resume,base,base,FMCAD08/Int/memory1/FIREFLY_8_e2_1711_e7_1962.lus,Unsafe,Unsafe,0.019000,0.019000,,,baseline
compare_single_p_907_with_base_x3,compare_single_p_907_resume,base,base,FMCAD08/Int/memory1/DRAGON_2_e7_25_e7_4469.lus,Unsafe,Unsafe,0.024000,0.024000,,,baseline
compare_single_p_907_with_base_x3,compare_single_p_907_resume,base,base,FMCAD08/Int/memory1/DRAGON_7.lus,Safe,Safe,0.120000,0.120000,,,baseline
compare_single_p_907_with_base_x3,compare_single_p_907_resume,base,base,FMCAD08/Int/memory1/DRAGON_all2_e3_4612_e1_6463.lus,Timeout,Timeout,,,,,baseline
compare_single_p_907_with_base_x3,compare_single_p_907_resume,base,base,FMCAD08/Int/memory1/DRAGON_3_e1_4783.lus,Safe,Safe,0.070000,0.070000,,,baseline
compare_single_p_907_with_base_x3,compare_single_p_907_resume,base,base,FMCAD08/Int/memory1/FIREFLY_rt.lus,Safe,Safe,0.517000,0.517000,,,baseline
compare_single_p_907_with_base_x3,compare_single_p_907_resume,base,base,FMCAD08/Int/memory1/DRAGON_3_e1_4783_e3_511.lus,Safe,Safe,0.069000,0.069000,,,baseline
compare_single_p_907_with_base_x3,compare_single_p_907_resume,base,base,FMCAD08/Int/memory1/DRAGON_10_e7_3861_e7_2180.lus,Unsafe,Unsafe,0.024000,0.024000,,,baseline
compare_single_p_907_with_base_x3,compare_single_p_907_resume,base,base,FMCAD08/Int/memory1/DRAGON_13_e7_2336_e1_541.lus,Unsafe,Unsafe,0.024000,0.024000,,,baseline
compare_single_p_907_with_base_x3,compare_single_p_907_resume,base,base,FMCAD08/Int/memory1/DRAGON_5_e7_2017_e1_5832.lus,Unsafe,Unsafe,0.092000,0.092000,,,baseline
compare_single_p_907_with_base_x3,compare_single_p_907_resume,base,base,FMCAD08/Int/memory1/DRAGON_all_e2_6104_e1_6205.lus,Safe,Safe,0.154000,0.154000,,,baseline
compare_single_p_907_with_base_x3,compare_single_p_907_resume,base,base,FMCAD08/Int/memory1/DRAGON_all_e2_6104.lus,Safe,Safe,0.181000,0.181000,,,baseline
compare_single_p_907_with_base_x3,compare_single_p_907_resume,base,base,FMCAD08/Int/memory1/FIREFLY_luke_2_e2_1375_e1_418.lus,Safe,Safe,0.732000,0.732000,,,baseline
compare_single_p_907_with_base_x3,compare_single_p_907_resume,base,base,FMCAD08/Int/memory1/DRAGON_9_e7_1843_e7_2225.lus,Safe,Safe,0.063000,0.063000,,,baseline
compare_single_p_907_with_base_x3,compare_single_p_907_resume,base,base,FMCAD08/Int/memory1/DRAGON_4_e2_2799_e3_1915.lus,Safe,Safe,4.584000,4.584000,,,baseline
compare_single_p_907_with_base_x3,compare_single_p_907_resume,base,base,FMCAD08/Int/memory1/DRAGON_2_e1_2316.lus,Safe,Safe,0.062000,0.062000,,,baseline
compare_single_p_907_with_base_x3,compare_single_p_907_resume,base,base,FMCAD08/Int/memory1/DRAGON_3_e2_5343_e1_988.lus,Safe,Safe,0.073000,0.073000,,,baseline
compare_single_p_907_with_base_x3,compare_single_p_907_resume,base,base,FMCAD08/Int/memory1/FIREFLY_luke_3.lus,Safe,Safe,1.912000,1.912000,,,baseline
compare_single_p_907_with_base_x3,compare_single_p_907_resume,base,base,FMCAD08/Int/memory1/DRAGON_all_e7_1941_e2_6086.lus,Unsafe,Unsafe,0.024000,0.024000,,,baseline
compare_single_p_907_with_base_x3,compare_single_p_907_resume,base,base,FMCAD08/Int/memory1/DRAGON_14_e7_3162.lus,Unsafe,Unsafe,0.581000,0.581000,,,baseline
compare_single_p_907_with_base_x3,compare_single_p_907_resume,base,base,FMCAD08/Int/memory1/FIREFLY_10.lus,Safe,Safe,0.061000,0.061000,,,baseline
compare_single_p_907_with_base_x3,compare_single_p_907_resume,base,base,FMCAD08/Int/memory1/FIREFLY_9.lus,Safe,Safe,0.046000,0.046000,,,baseline
compare_single_p_907_with_base_x3,compare_single_p_907_resume,base,base,FMCAD08/Int/memory1/FIREFLY_luke_1b_e1_1139_e2_2893.lus,Safe,Safe,0.045000,0.045000,,,baseline
compare_single_p_907_with_base_x3,compare_single_p_907_resume,base,base,FMCAD08/Int/memory1/DRAGON_all2_e7_5406_e1_6690.lus,Unsafe,Unsafe,0.028000,0.028000,,,baseline
compare_single_p_907_with_base_x3,compare_single_p_907_resume,base,base,FMCAD08/Int/memory1/DRAGON_9.lus,Safe,Safe,0.060000,0.060000,,,baseline
compare_single_p_907_with_base_x3,compare_single_p_907_resume,base,base,FMCAD08/Int/memory1/FIREFLY_luke_rt_e1_913.lus,Unsafe,Unsafe,0.063000,0.063000,,,baseline
compare_single_p_907_with_base_x3,compare_single_p_907_resume,base,base,FMCAD08/Int/memory1/FIREFLY_luke_rt.lus,Safe,Safe,0.071000,0.071000,,,baseline
compare_single_p_907_with_base_x3,compare_single_p_907_resume,base,base,FMCAD08/Int/memory1/FIREFLY_1_e1_1092_e3_389.lus,Unsafe,Unsafe,0.055000,0.055000,,,baseline
compare_single_p_907_with_base_x3,compare_single_p_907_resume,base,base,FMCAD08/Int/memory1/FIREFLY_luke_1b_e3_671_e6_1974.lus,Safe,Safe,0.075000,0.075000,,,baseline
compare_single_p_907_with_base_x3,compare_single_p_907_resume,base,base,FMCAD08/Int/memory1/DRAGON_all_e3_4821_e1_1318.lus,Safe,Safe,0.177000,0.177000,,,baseline
compare_single_p_907_with_base_x3,compare_single_p_907_resume,base,base,FMCAD08/Int/memory1/FIREFLY_luke_rt_e1_913_e1_1993.lus,Unsafe,Unsafe,0.060000,0.060000,,,baseline
compare_single_p_907_with_base_x3,compare_single_p_907_resume,base,base,FMCAD08/Int/memory1/DRAGON_3_e1_4783_e2_158.lus,Safe,Safe,0.072000,0.072000,,,baseline
compare_single_p_907_with_base_x3,compare_single_p_907_resume,base,base,FMCAD08/Int/memory1/FIREFLY_11.lus,Timeout,Timeout,,,,,baseline
compare_single_p_907_with_base_x3,compare_single_p_907_resume,base,base,FMCAD08/Int/memory1/DRAGON_5_e7_2017.lus,Unsafe,Unsafe,0.089000,0.089000,,,baseline
compare_single_p_907_with_base_x3,compare_single_p_907_resume,base,base,FMCAD08/Int/memory1/DRAGON_3_e1_4783_e7_4070.lus,Unsafe,Unsafe,0.024000,0.024000,,,baseline
compare_single_p_907_with_base_x3,compare_single_p_907_resume,base,base,FMCAD08/Int/memory1/DRAGON_1_e1_14612_e2_2653_e7_4370.lus,Safe,Safe,0.095000,0.095000,,,baseline
compare_single_p_907_with_base_x3,compare_single_p_907_resume,base,base,FMCAD08/Int/memory1/DRAGON_14_e1_5710.lus,Timeout,Timeout,,,,,baseline
compare_single_p_907_with_base_x3,compare_single_p_907_resume,base,base,FMCAD08/Int/memory1/DRAGON_all_e3_4821_e2_1089.lus,Safe,Safe,0.177000,0.177000,,,baseline
compare_single_p_907_with_base_x3,compare_single_p_907_resume,base,base,FMCAD08/Int/memory1/FIREFLY_a3_e1_3233_e1_3123.lus,Unsafe,Unsafe,0.063000,0.063000,,,baseline
compare_single_p_907_with_base_x3,compare_single_p_907_resume,base,base,FMCAD08/Int/memory1/DRAGON_4_e7_2329_e7_3856.lus,Unsafe,Unsafe,0.201000,0.201000,,,baseline
compare_single_p_907_with_base_x3,compare_single_p_907_resume,base,base,FMCAD08/Int/memory1/FIREFLY_all_e1_1207_e1_1201.lus,Unsafe,Unsafe,0.163000,0.163000,,,baseline
compare_single_p_907_with_base_x3,compare_single_p_907_resume,base,base,FMCAD08/Int/memory1/DRAGON_4_e2_2799.lus,Safe,Safe,3.401000,3.401000,,,baseline
compare_single_p_907_with_base_x3,compare_single_p_907_resume,base,base,FMCAD08/Int/memory1/FIREFLY_8.lus,Safe,Safe,0.046000,0.046000,,,baseline
compare_single_p_907_with_base_x3,compare_single_p_907_resume,base,base,FMCAD08/Int/memory1/FIREFLY_all_e3_1600_e1_667.lus,Unsafe,Unsafe,0.064000,0.064000,,,baseline
compare_single_p_907_with_base_x3,compare_single_p_907_resume,base,base,FMCAD08/Int/memory1/DRAGON_10_e2_2785_e3_1744.lus,Safe,Safe,0.063000,0.063000,,,baseline
compare_single_p_907_with_base_x3,compare_single_p_907_resume,base,base,FMCAD08/Int/memory1/DRAGON_5_e7_2017_e7_2326.lus,Unsafe,Unsafe,0.154000,0.154000,,,baseline
compare_single_p_907_with_base_x3,compare_single_p_907_resume,base,base,FMCAD08/Int/memory1/FIREFLY_luke_2_e7_1826_e8_126.lus,Safe,Safe,0.447000,0.447000,,,baseline
compare_single_p_907_with_base_x3,compare_single_p_907_resume,base,base,FMCAD08/Int/memory1/FIREFLY_a3.lus,Safe,Safe,0.107000,0.107000,,,baseline
compare_single_p_907_with_base_x3,compare_single_p_907_resume,base,base,FMCAD08/Int/memory1/DRAGON_12_e2_1618_e1_6030.lus,Safe,Safe,3.128000,3.128000,,,baseline
compare_single_p_907_with_base_x3,compare_single_p_907_resume,base,base,FMCAD08/Int/memory1/DRAGON_12_e2_1618.lus,Safe,Safe,1.955000,1.955000,,,baseline
compare_single_p_907_with_base_x3,compare_single_p_907_resume,base,base,FMCAD08/Int/memory1/DRAGON_7_e2_2872_e3_2640.lus,Safe,Safe,0.119000,0.119000,,,baseline
compare_single_p_907_with_base_x3,compare_single_p_907_resume,base,base,FMCAD08/Int/memory1/DRAGON_9_e7_1843_e2_1145.lus,Safe,Safe,0.094000,0.094000,,,baseline
compare_single_p_907_with_base_x3,compare_single_p_907_resume,base,base,FMCAD08/Int/memory1/DRAGON_8_e7_3752.lus,Safe,Safe,1.096000,1.096000,,,baseline
compare_single_p_907_with_base_x3,compare_single_p_907_resume,base,base,FMCAD08/Int/memory1/DRAGON_12_e2_1618_e3_2012.lus,Safe,Safe,1.305000,1.305000,,,baseline
compare_single_p_907_with_base_x3,compare_single_p_907_resume,base,base,FMCAD08/Int/memory1/DRAGON_14_e7_3162_e7_3528.lus,Unsafe,Unsafe,0.729000,0.729000,,,baseline
compare_single_p_907_with_base_x3,compare_single_p_907_resume,base,base,FMCAD08/Int/memory1/DRAGON_11_e2_5396_e3_282.lus,Timeout,Timeout,,,,,baseline
compare_single_p_907_with_base_x3,compare_single_p_907_resume,base,base,FMCAD08/Int/memory1/DRAGON_1.lus,Safe,Safe,0.088000,0.088000,,,baseline
compare_single_p_907_with_base_x3,compare_single_p_907_resume,base,base,FMCAD08/Int/memory1/DRAGON_8_e3_786_e7_4541.lus,Safe,Safe,2.942000,2.942000,,,baseline
compare_single_p_907_with_base_x3,compare_single_p_907_resume,base,base,FMCAD08/Int/memory1/DRAGON_5_e7_2017_e2_664.lus,Unsafe,Unsafe,0.091000,0.091000,,,baseline
compare_single_p_907_with_base_x3,compare_single_p_907_resume,base,base,FMCAD08/Int/memory1/FIREFLY_10_e7_919_e2_3192.lus,Safe,Safe,0.046000,0.046000,,,baseline
compare_single_p_907_with_base_x3,compare_single_p_907_resume,base,base,FMCAD08/Int/memory1/FIREFLY_luke_1b_e3_671_e1_725.lus,Unsafe,Unsafe,0.044000,0.044000,,,baseline
compare_single_p_907_with_base_x3,compare_single_p_907_resume,base,base,FMCAD08/Int/memory1/FIREFLY_8_e2_1711.lus,Safe,Safe,0.045000,0.045000,,,baseline
compare_single_p_907_with_base_x3,compare_single_p_907_resume,base,base,FMCAD08/Int/memory1/DRAGON_2_e2_4481.lus,Safe,Safe,0.062000,0.062000,,,baseline
compare_single_p_907_with_base_x3,compare_single_p_907_resume,base,base,FMCAD08/Int/memory1/DRAGON_11_e3_382_e1_505.lus,Timeout,Timeout,,,,,baseline
compare_single_p_907_with_base_x3,compare_single_p_907_resume,base,base,FMCAD08/Int/memory1/FIREFLY_1_e1_1092_e1_1486.lus,Unsafe,Unsafe,0.053000,0.053000,,,baseline
compare_single_p_907_with_base_x3,compare_single_p_907_resume,base,base,FMCAD08/Int/memory1/DRAGON_all_e1_4037.lus,Safe,Safe,0.158000,0.158000,,,baseline
compare_single_p_907_with_base_x3,compare_single_p_907_resume,base,base,FMCAD08/Int/memory1/FIREFLY_luke_rt_e1_913_e7_1403.lus,Unsafe,Unsafe,0.019000,0.019000,,,baseline
compare_single_p_907_with_base_x3,compare_single_p_907_resume,base,base,FMCAD08/Int/memory1/DRAGON_3_e3_5422_e1_2288.lus,Safe,Safe,0.072000,0.072000,,,baseline
compare_single_p_907_with_base_x3,compare_single_p_907_resume,base,base,FMCAD08/Int/memory1/DRAGON_11_e2_1678_e1_3565.lus,Timeout,Timeout,,,,,baseline
compare_single_p_907_with_base_x3,compare_single_p_907_resume,base,base,FMCAD08/Int/memory1/FIREFLY_luke_1b_e2_3049_e3_2697.lus,Unsafe,Unsafe,0.042000,0.042000,,,baseline
compare_single_p_907_with_base_x3,compare_single_p_907_resume,base,base,FMCAD08/Int/memory1/FIREFLY_luke_1b_e3_671_e2_2131.lus,Unsafe,Unsafe,0.055000,0.055000,,,baseline
compare_single_p_907_with_base_x3,compare_single_p_907_resume,base,base,FMCAD08/Int/memory1/FIREFLY_a3_e1_3233_e7_906.lus,Unsafe,Unsafe,0.020000,0.020000,,,baseline
compare_single_p_907_with_base_x3,compare_single_p_907_resume,base,base,FMCAD08/Int/memory1/FIREFLY_luke_rt_e2_3460_e2_2670.lus,Unsafe,Unsafe,0.061000,0.061000,,,baseline
compare_single_p_907_with_base_x3,compare_single_p_907_resume,base,base,FMCAD08/Int/memory1/DRAGON_all_e1_4022_e2_267.lus,Safe,Safe,0.181000,0.181000,,,baseline
compare_single_p_907_with_base_x3,compare_single_p_907_resume,base,base,FMCAD08/Int/memory1/FIREFLY_a3_e2_2086_e7_2614.lus,Unsafe,Unsafe,0.021000,0.021000,,,baseline
compare_single_p_907_with_base_x3,compare_single_p_907_resume,base,base,FMCAD08/Int/memory1/DRAGON_all2_e3_4612_e2_5774.lus,Timeout,Timeout,,,,,baseline
compare_single_p_907_with_base_x3,compare_single_p_907_resume,base,base,FMCAD08/Int/memory1/FIREFLY_3_e2_2236_e7_3681.lus,Safe,Safe,0.065000,0.065000,,,baseline
compare_single_p_907_with_base_x3,compare_single_p_907_resume,base,base,FMCAD08/Int/memory1/DRAGON_2_e7_25_e3_829.lus,Unsafe,Unsafe,0.037000,0.037000,,,baseline
compare_single_p_907_with_base_x3,compare_single_p_907_resume,base,base,FMCAD08/Int/memory1/FIREFLY_4.lus,Safe,Safe,0.050000,0.050000,,,baseline
compare_single_p_907_with_base_x3,compare_single_p_907_resume,base,base,FMCAD08/Int/memory1/FIREFLY_1_e1_1092_e2_1853.lus,Safe,Safe,0.044000,0.044000,,,baseline
compare_single_p_907_with_base_x3,compare_single_p_907_resume,base,base,FMCAD08/Int/memory1/FIREFLY_4_e3_3511_e1_2375.lus,Unsafe,Unsafe,0.761000,0.761000,,,baseline
compare_single_p_907_with_base_x3,compare_single_p_907_resume,base,base,FMCAD08/Int/memory1/DRAGON_2_e7_25_e1_154.lus,Unsafe,Unsafe,0.025000,0.025000,,,baseline
compare_single_p_907_with_base_x3,compare_single_p_907_resume,base,base,FMCAD08/Int/memory1/DRAGON_1_e1_14612_e1_268_e7_501.lus,Safe,Safe,0.098000,0.098000,,,baseline
compare_single_p_907_with_base_x3,compare_single_p_907_resume,base,base,FMCAD08/Int/memory1/DRAGON_all.lus,Safe,Safe,0.232000,0.232000,,,baseline
compare_single_p_907_with_base_x3,compare_single_p_907_resume,base,base,FMCAD08/Int/memory1/FIREFLY_luke_1b_e3_671.lus,Unsafe,Unsafe,0.043000,0.043000,,,baseline
compare_single_p_907_with_base_x3,compare_single_p_907_resume,base,base,FMCAD08/Int/memory1/FIREFLY_all_e3_1600_e5_84.lus,Unsafe,Unsafe,0.059000,0.059000,,,baseline
compare_single_p_907_with_base_x3,compare_single_p_907_resume,base,base,FMCAD08/Int/memory1/FIREFLY_luke_rt_e1_913_e2_3353.lus,Safe,Safe,0.053000,0.053000,,,baseline
compare_single_p_907_with_base_x3,compare_single_p_907_resume,base,base,FMCAD08/Int/memory1/FIREFLY_a3_e2_2952.lus,Safe,Safe,0.108000,0.108000,,,baseline
compare_single_p_907_with_base_x3,compare_single_p_907_resume,base,base,FMCAD08/Int/memory1/DRAGON_1_e1_3184_e7_1888.lus,Safe,Safe,0.062000,0.062000,,,baseline
compare_single_p_907_with_base_x3,compare_single_p_907_resume,base,base,FMCAD08/Int/memory1/FIREFLY_luke_1a_e2_284_e3_3091.lus,Timeout,Timeout,,,,,baseline
compare_single_p_907_with_base_x3,compare_single_p_907_resume,base,base,FMCAD08/Int/memory1/FIREFLY_7.lus,Safe,Safe,35.227000,35.227000,,,baseline
compare_single_p_907_with_base_x3,compare_single_p_907_resume,base,base,FMCAD08/Int/memory1/FIREFLY_all_e3_3496.lus,Unsafe,Unsafe,0.163000,0.163000,,,baseline
compare_single_p_907_with_base_x3,compare_single_p_907_resume,base,base,FMCAD08/Int/memory1/DRAGON_14_e3_1259_e1_5798.lus,Timeout,Timeout,,,,,baseline
compare_single_p_907_with_base_x3,compare_single_p_907_resume,base,base,FMCAD08/Int/memory1/FIREFLY_luke_1b_e7_2574.lus,Unsafe,Unsafe,0.019000,0.019000,,,baseline
compare_single_p_907_with_base_x3,compare_single_p_907_resume,base,base,FMCAD08/Int/memory1/FIREFLY_5_e2_2884_e3_1882.lus,Safe,Safe,0.046000,0.046000,,,baseline
compare_single_p_907_with_base_x3,compare_single_p_907_resume,base,base,FMCAD08/Int/memory1/DRAGON_3.lus,Safe,Safe,0.108000,0.108000,,,baseline
compare_single_p_907_with_base_x3,compare_single_p_907_resume,base,base,FMCAD08/Int/memory1/FIREFLY_11_e3_2076_e1_1270.lus,Timeout,Timeout,,,,,baseline
compare_single_p_907_with_base_x3,compare_single_p_907_resume,base,base,FMCAD08/Int/memory1/DRAGON_4_e2_2799_e1_1303.lus,Safe,Safe,3.283000,3.283000,,,baseline
compare_single_p_907_with_base_x3,compare_single_p_907_resume,base,base,FMCAD08/Int/memory1/DRAGON_1_e3_11891_e7_4569_e4_4881.lus,Safe,Safe,0.065000,0.065000,,,baseline
compare_single_p_907_with_base_x3,compare_single_p_907_resume,base,base,FMCAD08/Int/memory1/DRAGON_14.lus,Timeout,Timeout,,,,,baseline
compare_single_p_907_with_base_x3,compare_single_p_907_resume,base,base,FMCAD08/Int/memory1/FIREFLY_3_e2_2236_e2_1058.lus,Safe,Safe,0.063000,0.063000,,,baseline
compare_single_p_907_with_base_x3,compare_single_p_907_resume,base,base,FMCAD08/Int/memory1/FIREFLY_5_e2_2884_e7_3594.lus,Safe,Safe,0.046000,0.046000,,,baseline
compare_single_p_907_with_base_x3,compare_single_p_907_resume,base,base,FMCAD08/Int/memory1/DRAGON_2_e2_3183_e2_3580.lus,Safe,Safe,0.062000,0.062000,,,baseline
compare_single_p_907_with_base_x3,compare_single_p_907_resume,base,base,FMCAD08/Int/memory1/DRAGON_13_e7_2336_e7_685.lus,Unsafe,Unsafe,0.024000,0.024000,,,baseline
compare_single_p_907_with_base_x3,compare_single_p_907_resume,base,base,FMCAD08/Int/memory1/DRAGON_2_e7_25.lus,Unsafe,Unsafe,0.024000,0.024000,,,baseline
compare_single_p_907_with_base_x3,compare_single_p_907_resume,base,base,FMCAD08/Int/memory1/DRAGON_11_e1_2450_e7_5791.lus,Unsafe,Unsafe,0.025000,0.025000,,,baseline
compare_single_p_907_with_base_x3,compare_single_p_907_resume,base,base,FMCAD08/Int/memory1/FIREFLY_4_e3_3511_e2_1923.lus,Safe,Safe,0.123000,0.123000,,,baseline
compare_single_p_907_with_base_x3,compare_single_p_907_resume,base,base,FMCAD08/Int/memory1/FIREFLY_2_e3_151_e3_1540.lus,Unsafe,Unsafe,0.061000,0.061000,,,baseline
compare_single_p_907_with_base_x3,compare_single_p_907_resume,base,base,FMCAD08/Int/memory1/FIREFLY_luke_5.lus,Timeout,Timeout,,,,,baseline
compare_single_p_907_with_base_x3,compare_single_p_907_resume,base,base,FMCAD08/Int/memory1/DRAGON_all2_e3_4612_e4_3719.lus,Timeout,Timeout,,,,,baseline
compare_single_p_907_with_base_x3,compare_single_p_907_resume,base,base,FMCAD08/Int/memory1/DRAGON_all2_e8_4626.lus,Unsafe,Unsafe,0.027000,0.027000,,,baseline
compare_single_p_907_with_base_x3,compare_single_p_907_resume,base,base,FMCAD08/Int/memory1/FIREFLY_luke_1b_e7_3191_e1_1303.lus,Unsafe,Unsafe,0.022000,0.022000,,,baseline
compare_single_p_907_with_base_x3,compare_single_p_907_resume,base,base,FMCAD08/Int/memory1/FIREFLY_luke_1b.lus,Safe,Safe,0.046000,0.046000,,,baseline
compare_single_p_907_with_base_x3,compare_single_p_907_resume,base,base,FMCAD08/Int/memory1/DRAGON_2.lus,Safe,Safe,0.061000,0.061000,,,baseline
compare_single_p_907_with_base_x3,compare_single_p_907_resume,base,base,FMCAD08/Int/memory1/DRAGON_all2_e7_5406.lus,Unsafe,Unsafe,0.029000,0.029000,,,baseline
compare_single_p_907_with_base_x3,compare_single_p_907_resume,base,base,FMCAD08/Int/memory1/FIREFLY_a3_e3_314_e4_897.lus,Unsafe,Unsafe,1.037000,1.037000,,,baseline
compare_single_p_907_with_base_x3,compare_single_p_907_resume,base,base,FMCAD08/Int/memory1/FIREFLY_all_e2_3678.lus,Unsafe,Unsafe,0.060000,0.060000,,,baseline
compare_single_p_907_with_base_x3,compare_single_p_907_resume,base,base,FMCAD08/Int/memory1/DRAGON_4_e2_2799_e2_2251.lus,Safe,Safe,4.970000,4.970000,,,baseline
compare_single_p_907_with_base_x3,compare_single_p_907_resume,base,base,FMCAD08/Int/memory1/FIREFLY_6.lus,Safe,Safe,0.440000,0.440000,,,baseline
compare_single_p_907_with_base_x3,compare_single_p_907_resume,base,base,FMCAD08/Int/memory1/FIREFLY_all.lus,Safe,Safe,0.225000,0.225000,,,baseline
compare_single_p_907_with_base_x3,compare_single_p_907_resume,base,base,FMCAD08/Int/memory1/DRAGON_9_e7_1843.lus,Safe,Safe,0.097000,0.097000,,,baseline
compare_single_p_907_with_base_x3,compare_single_p_907_resume,base,base,FMCAD08/Int/memory1/DRAGON_8.lus,Safe,Safe,289.526000,289.526000,,,baseline
compare_single_p_907_with_base_x3,compare_single_p_907_resume,base,base,FMCAD08/Int/memory1/DRAGON_10_e7_3861_e2_1020.lus,Unsafe,Unsafe,0.024000,0.024000,,,baseline
compare_single_p_907_with_base_x3,compare_single_p_907_resume,base,base,FMCAD08/Int/memory1/FIREFLY_6_e2_3302.lus,Safe,Safe,0.520000,0.520000,,,baseline
compare_single_p_907_with_base_x3,compare_single_p_907_resume,base,base,FMCAD08/Int/memory1/DRAGON_3_e1_4783_e1_3755.lus,Safe,Safe,0.071000,0.071000,,,baseline
compare_single_p_907_with_base_x3,compare_single_p_907_resume,base,base,FMCAD08/Int/memory1/FIREFLY_all_e2_2924_e2_1767.lus,Unsafe,Unsafe,0.123000,0.123000,,,baseline
compare_single_p_907_with_base_x3,compare_single_p_907_resume,base,base,FMCAD08/Int/memory1/DRAGON_all_e7_4065.lus,Unsafe,Unsafe,0.024000,0.024000,,,baseline
compare_single_p_907_with_base_x3,compare_single_p_907_resume,base,base,FMCAD08/Int/memory1/FIREFLY_luke_1a_e2_284_e7_998.lus,Unsafe,Unsafe,0.130000,0.130000,,,baseline
compare_single_p_907_with_base_x3,compare_single_p_907_resume,base,base,FMCAD08/Int/memory1/DRAGON_10_e3_3429.lus,Safe,Safe,0.060000,0.060000,,,baseline
compare_single_p_907_with_base_x3,compare_single_p_907_resume,base,base,FMCAD08/Int/memory1/FIREFLY_luke_1b_e7_3191_e2_1864.lus,Unsafe,Unsafe,0.020000,0.020000,,,baseline
compare_single_p_907_with_base_x3,compare_single_p_907_resume,base,base,FMCAD08/Int/memory1/DRAGON_13_e3_1418_e3_2761.lus,Timeout,Timeout,0.205000,0.205000,,,baseline
compare_single_p_907_with_base_x3,compare_single_p_907_resume,base,base,FMCAD08/Int/memory1/DRAGON_10_e1_3587_e3_2749.lus,Safe,Safe,0.086000,0.086000,,,baseline
compare_single_p_907_with_base_x3,compare_single_p_907_resume,base,base,FMCAD08/Int/memory1/FIREFLY_a3_e1_3233_e2_2392.lus,Safe,Safe,0.111000,0.111000,,,baseline
compare_single_p_907_with_base_x3,compare_single_p_907_resume,base,base,FMCAD08/Int/memory1/DRAGON_10_e3_144_e7_523.lus,Unsafe,Unsafe,0.022000,0.022000,,,baseline
compare_single_p_907_with_base_x3,compare_single_p_907_resume,base,base,FMCAD08/Int/memory1/DRAGON_14_e3_5120.lus,Timeout,Timeout,,,,,baseline
compare_single_p_907_with_base_x3,compare_single_p_907_resume,base,base,FMCAD08/Int/memory1/DRAGON_6.lus,Safe,Safe,0.060000,0.060000,,,baseline
compare_single_p_907_with_base_x3,compare_single_p_907_resume,base,base,FMCAD08/Int/memory1/FIREFLY_luke_1b_e7_3191_e7_2146.lus,Unsafe,Unsafe,0.051000,0.051000,,,baseline
compare_single_p_907_with_base_x3,compare_single_p_907_resume,base,base,FMCAD08/Int/memory1/FIREFLY_luke_3_e1_2217_e3_1200.lus,Safe,Safe,2.115000,2.115000,,,baseline
compare_single_p_907_with_base_x3,compare_single_p_907_resume,base,base,FMCAD08/Int/memory1/FIREFLY_luke_rt_e2_3460_e7_471.lus,Unsafe,Unsafe,0.020000,0.020000,,,baseline
compare_single_p_907_with_base_x3,compare_single_p_907_resume,base,base,FMCAD08/Int/memory1/DRAGON_11_e1_2450_e3_2330.lus,Timeout,Timeout,,,,,baseline
compare_single_p_907_with_base_x3,compare_single_p_907_resume,base,base,FMCAD08/Int/memory1/DRAGON_5.lus,Safe,Safe,0.457000,0.457000,,,baseline
compare_single_p_907_with_base_x3,compare_single_p_907_resume,base,base,FMCAD08/Int/memory1/FIREFLY_8_e2_1711_e2_2673.lus,Safe,Safe,0.045000,0.045000,,,baseline
compare_single_p_907_with_base_x3,compare_single_p_907_resume,base,base,FMCAD08/Int/memory1/DRAGON_all2.lus,Timeout,Timeout,,,,,baseline
compare_single_p_907_with_base_x3,compare_single_p_907_resume,base,base,FMCAD08/Int/memory1/DRAGON_11_e3_382_e4_4421.lus,Timeout,Timeout,,,,,baseline
compare_single_p_907_with_base_x3,compare_single_p_907_resume,base,base,FMCAD08/Int/memory1/FIREFLY_all_e1_3406.lus,Unsafe,Unsafe,0.099000,0.099000,,,baseline
compare_single_p_907_with_base_x3,compare_single_p_907_resume,base,base,FMCAD08/Int/memory1/DRAGON_6_e7_5046_e7_3623.lus,Safe,Safe,0.063000,0.063000,,,baseline
compare_single_p_907_with_base_x3,compare_single_p_907_resume,base,base,FMCAD08/Int/memory1/FIREFLY_luke_1b_e1_1139_e1_1565.lus,Unsafe,Unsafe,0.043000,0.043000,,,baseline
compare_single_p_907_with_base_x3,compare_single_p_907_resume,base,base,FMCAD08/Int/memory1/FIREFLY_luke_1a_e2_284_e2_2755.lus,Timeout,Timeout,,,,,baseline
compare_single_p_907_with_base_x3,compare_single_p_907_resume,base,base,FMCAD08/Int/memory1/FIREFLY_a3_e2_2086_e1_3235.lus,Safe,Safe,0.107000,0.107000,,,baseline
compare_single_p_907_with_base_x3,compare_single_p_907_resume,base,base,FMCAD08/Int/memory1/FIREFLY_luke_rt_e2_3460_e3_1333.lus,Unsafe,Unsafe,0.043000,0.043000,,,baseline
compare_single_p_907_with_base_x3,compare_single_p_907_resume,base,base,FMCAD08/Int/memory1/DRAGON_all_e3_5957.lus,Safe,Safe,0.178000,0.178000,,,baseline
compare_single_p_907_with_base_x3,compare_single_p_907_resume,base,base,FMCAD08/Int/memory1/DRAGON_2_e2_3183_e1_2644.lus,Safe,Safe,0.064000,0.064000,,,baseline
compare_single_p_907_with_base_x3,compare_single_p_907_resume,base,base,FMCAD08/Int/memory1/DRAGON_12.lus,Safe,Safe,2.291000,2.291000,,,baseline
compare_single_p_907_with_base_x3,compare_single_p_907_resume,base,base,FMCAD08/Int/memory1/DRAGON_all2_e7_5406_e2_3084.lus,Unsafe,Unsafe,0.029000,0.029000,,,baseline
compare_single_p_907_with_base_x3,compare_single_p_907_resume,base,base,FMCAD08/Int/memory1/DRAGON_9_e7_1843_e1_5434.lus,Safe,Safe,0.094000,0.094000,,,baseline
compare_single_p_907_with_base_x3,compare_single_p_907_resume,base,base,FMCAD08/Int/memory1/FIREFLY_3_e2_2236.lus,Safe,Safe,0.045000,0.045000,,,baseline
compare_single_p_907_with_base_x3,compare_single_p_907_resume,base,base,FMCAD08/Int/memory1/DRAGON_14_e7_3162_e2_753.lus,Unsafe,Unsafe,1.103000,1.103000,,,baseline
compare_single_p_907_with_base_x3,compare_single_p_907_resume,base,base,FMCAD08/Int/memory1/DRAGON_4_e3_4133.lus,Safe,Safe,3.857000,3.857000,,,baseline
compare_single_p_907_with_base_x3,compare_single_p_907_resume,base,base,FMCAD08/Int/memory1/DRAGON_11_e1_2450_e1_5887.lus,Timeout,Timeout,,,,,baseline
compare_single_p_907_with_base_x3,compare_single_p_907_resume,base,base,FMCAD08/Int/memory1/DRAGON_14_e2_3606.lus,Timeout,Timeout,,,,,baseline
compare_single_p_907_with_base_x3,compare_single_p_907_resume,base,base,FMCAD08/Int/memory1/FIREFLY_a3_e1_3233_e3_2970.lus,Safe,Safe,0.116000,0.116000,,,baseline
compare_single_p_907_with_base_x3,compare_single_p_907_resume,base,base,FMCAD08/Int/memory1/FIREFLY_a3_e3_314_e2_2812.lus,Safe,Safe,0.189000,0.189000,,,baseline
compare_single_p_907_with_base_x3,compare_single_p_907_resume,base,base,FMCAD08/Int/memory1/DRAGON_all_e3_4821_e5_1536.lus,Safe,Safe,0.157000,0.157000,,,baseline
compare_single_p_907_with_base_x3,compare_single_p_907_resume,base,base,FMCAD08/Int/memory1/FIREFLY_luke_4.lus,Timeout,Timeout,,,,,baseline
compare_single_p_907_with_base_x3,compare_single_p_907_resume,base,base,FMCAD08/Int/memory1/DRAGON_11.lus,Timeout,Timeout,,,,,baseline
compare_single_p_907_with_base_x3,compare_single_p_907_resume,base,base,FMCAD08/Int/memory1/FIREFLY_all_e1_1207_e2_3220.lus,Safe,Safe,0.264000,0.264000,,,baseline
compare_single_p_907_with_base_x3,compare_single_p_907_resume,base,base,FMCAD08/Int/memory1/FIREFLY_luke_4_e2_325.lus,Timeout,Timeout,,,,,baseline
compare_single_p_907_with_base_x3,compare_single_p_907_resume,base,base,FMCAD08/Int/memory1/DRAGON_8_e2_3896_e3_3125.lus,Safe,Safe,6.215000,6.215000,,,baseline
compare_single_p_907_with_base_x3,compare_single_p_907_resume,base,base,FMCAD08/Int/memory1/DRAGON_3_e7_4884.lus,Unsafe,Unsafe,0.024000,0.024000,,,baseline
compare_single_p_907_with_base_x3,compare_single_p_907_resume,base,base,FMCAD08/Int/memory1/FIREFLY_luke_1b_e1_1139_e3_1839.lus,Unsafe,Unsafe,0.055000,0.055000,,,baseline
compare_single_p_907_with_base_x3,compare_single_p_907_resume,base,base,FMCAD08/Int/memory1/FIREFLY_4_e3_3511_e3_422.lus,Safe,Safe,0.125000,0.125000,,,baseline
compare_single_p_907_with_base_x3,compare_single_p_907_resume,base,base,FMCAD08/Int/memory1/FIREFLY_8_e2_1711_e1_1489.lus,Safe,Safe,0.050000,0.050000,,,baseline
compare_single_p_907_with_base_x3,compare_single_p_907_resume,base,base,FMCAD08/Int/memory1/DRAGON_all_e1_4022_e7_2886.lus,Unsafe,Unsafe,0.025000,0.025000,,,baseline
compare_single_p_907_with_base_x3,compare_single_p_907_resume,base,base,FMCAD08/Int/memory1/FIREFLY_all_e3_1600_e4_2415.lus,Unsafe,Unsafe,0.081000,0.081000,,,baseline
compare_single_p_907_with_base_x3,compare_single_p_907_resume,base,base,FMCAD08/Int/memory1/FIREFLY_5.lus,Safe,Safe,0.061000,0.061000,,,baseline
compare_single_p_907_with_base_x3,compare_single_p_907_resume,base,base,FMCAD08/Int/memory1/FIREFLY_1.lus,Safe,Safe,0.043000,0.043000,,,baseline
compare_single_p_907_with_base_x3,compare_single_p_907_resume,base,base,FMCAD08/Int/memory1/FIREFLY_4_e3_3511_e7_3568.lus,Unsafe,Unsafe,0.019000,0.019000,,,baseline
compare_single_p_907_with_base_x3,compare_single_p_907_resume,base,base,FMCAD08/Int/memory1/FIREFLY_5_e2_2229.lus,Safe,Safe,0.047000,0.047000,,,baseline
compare_single_p_907_with_base_x3,compare_single_p_907_resume,base,base,FMCAD08/Int/memory1/DRAGON_all2_e3_4612_e5_3642.lus,Timeout,Timeout,,,,,baseline
compare_single_p_907_with_base_x3,compare_single_p_907_resume,base,base,FMCAD08/Int/memory1/DRAGON_5_e2_3018_e2_936.lus,Safe,Safe,0.468000,0.468000,,,baseline
compare_single_p_907_with_base_x3,compare_single_p_907_resume,base,base,FMCAD08/Int/memory1/FIREFLY_luke_2.lus,Safe,Safe,0.450000,0.450000,,,baseline
compare_single_p_907_with_base_x3,compare_single_p_907_resume,base,base,FMCAD08/Int/memory1/FIREFLY_all_e1_1207_e3_1928.lus,Unsafe,Unsafe,0.076000,0.076000,,,baseline
compare_single_p_907_with_base_x3,compare_single_p_907_resume,base,base,FMCAD08/Int/memory1/FIREFLY_all_e1_1207_e7_156.lus,Unsafe,Unsafe,0.020000,0.020000,,,baseline
compare_single_p_907_with_base_x3,compare_single_p_907_resume,base,base,FMCAD08/Int/memory1/DRAGON_9_e7_1843_e3_5316.lus,Safe,Safe,0.063000,0.063000,,,baseline
compare_single_p_907_with_base_x3,compare_single_p_907_resume,base,base,FMCAD08/Int/memory1/FIREFLY_4_e3_3511_e5_3248.lus,Safe,Safe,0.121000,0.121000,,,baseline
compare_single_p_907_with_base_x3,compare_single_p_907_resume,base,base,FMCAD08/Int/memory1/FIREFLY_1_e1_1092_e7_1119.lus,Unsafe,Unsafe,0.019000,0.019000,,,baseline
compare_single_p_907_with_base_x3,compare_single_p_907_resume,base,base,FMCAD08/Int/memory1/FIREFLY_a3_e2_2086_e2_2689.lus,Safe,Safe,0.111000,0.111000,,,baseline
compare_single_p_907_with_base_x3,compare_single_p_907_resume,base,base,FMCAD08/Int/memory1/DRAGON_14_e7_3162_e1_3998.lus,Unsafe,Unsafe,0.753000,0.753000,,,baseline
compare_single_p_907_with_base_x3,compare_single_p_907_resume,base,base,FMCAD08/Int/memory1/DRAGON_12_e2_1618_e2_138.lus,Safe,Safe,4.760000,4.760000,,,baseline
compare_single_p_907_with_base_x3,compare_single_p_907_resume,base,base,FMCAD08/Int/memory1/DRAGON_12_e1_4640_e7_128.lus,Unsafe,Unsafe,0.024000,0.024000,,,baseline
compare_single_p_907_with_base_x3,compare_single_p_907_resume,base,base,FMCAD08/Int/memory1/DRAGON_all2_e8_5504_e7_579.lus,Unsafe,Unsafe,0.027000,0.027000,,,baseline
compare_single_p_907_with_base_x3,compare_single_p_907_resume,base,base,FMCAD08/Int/memory1/DRAGON_5_e1_1835.lus,Safe,Safe,0.565000,0.565000,,,baseline
compare_single_p_907_with_base_x3,compare_single_p_907_resume,base,base,FMCAD08/Int/memory1/FIREFLY_u1_e7_3318.lus,Unsafe,Unsafe,0.057000,0.057000,,,baseline
compare_single_p_907_with_base_x3,compare_single_p_907_resume,base,base,FMCAD08/Int/memory1/DRAGON_13_e7_2336.lus,Unsafe,Unsafe,0.023000,0.023000,,,baseline
compare_single_p_907_with_base_x3,compare_single_p_907_resume,base,base,FMCAD08/Int/memory1/DRAGON_11_e1_2450_e2_1483.lus,Timeout,Timeout,,,,,baseline
compare_single_p_907_with_base_x3,compare_single_p_907_resume,base,base,FMCAD08/Int/memory1/DRAGON_5_e7_2017_e3_1763.lus,Unsafe,Unsafe,0.145000,0.145000,,,baseline
compare_single_p_907_with_base_x3,compare_single_p_907_resume,base,base,FMCAD08/Int/memory1/DRAGON_12_e2_1618_e7_4732.lus,Unsafe,Unsafe,0.024000,0.024000,,,baseline
compare_single_p_907_with_base_x3,compare_single_p_907_resume,base,base,FMCAD08/Int/memory1/FIREFLY_luke_rt_e1_913_e3_2128.lus,Unsafe,Unsafe,0.060000,0.060000,,,baseline
compare_single_p_907_with_base_x3,compare_single_p_907_resume,base,base,FMCAD08/Int/memory1/FIREFLY_4_e3_3511.lus,Safe,Safe,0.075000,0.075000,,,baseline
compare_single_p_907_with_base_x3,compare_single_p_907_resume,base,base,FMCAD08/Int/memory1/DRAGON_2_e2_3183_e3_5972.lus,Safe,Safe,0.061000,0.061000,,,baseline
compare_single_p_907_with_base_x3,compare_single_p_907_resume,base,base,FMCAD08/Int/memory1/DRAGON_11_e1_2450.lus,Timeout,Timeout,,,,,baseline
compare_single_p_907_with_base_x3,compare_single_p_907_resume,base,base,FMCAD08/Int/memory1/DRAGON_4_e7_2329_e3_4574.lus,Unsafe,Unsafe,0.061000,0.061000,,,baseline
compare_single_p_907_with_base_x3,compare_single_p_907_resume,base,base,FMCAD08/Int/memory1/FIREFLY_luke_rt_e2_3460_e1_1455.lus,Safe,Safe,0.052000,0.052000,,,baseline
compare_single_p_907_with_base_x3,compare_single_p_907_resume,base,base,FMCAD08/Int/memory1/DRAGON_4_e2_2799_e7_2499.lus,Unsafe,Unsafe,0.196000,0.196000,,,baseline
compare_single_p_907_with_base_x3,compare_single_p_907_resume,base,base,FMCAD08/Int/memory1/DRAGON_13.lus,Safe,Safe,28.277000,28.277000,,,baseline
compare_single_p_907_with_base_x3,compare_single_p_907_resume,base,base,FMCAD08/Int/memory1/FIREFLY_luke_1b_e3_671_e4_147.lus,Unsafe,Unsafe,0.042000,0.042000,,,baseline
compare_single_p_907_with_base_x3,compare_single_p_907_resume,base,base,FMCAD08/Int/memory1/DRAGON_13_e7_2336_e2_1255.lus,Unsafe,Unsafe,0.024000,0.024000,,,baseline
compare_single_p_907_with_base_x3,compare_single_p_907_resume,base,base,FMCAD08/Int/memory1/FIREFLY_luke_rt_e2_3460.lus,Unsafe,Unsafe,0.064000,0.064000,,,baseline
compare_single_p_907_with_base_x3,compare_single_p_907_resume,base,base,FMCAD08/Int/memory1/FIREFLY_9_e7_170_e3_3647.lus,Safe,Safe,0.050000,0.050000,,,baseline
compare_single_p_907_with_base_x3,compare_single_p_907_resume,base,base,FMCAD08/Int/memory1/DRAGON_all2_e3_4612_e8_5861.lus,Unsafe,Unsafe,0.028000,0.028000,,,baseline
compare_single_p_907_with_base_x3,compare_single_p_907_resume,base,base,FMCAD08/Int/memory1/DRAGON_all_e1_4022_e3_3628.lus,Safe,Safe,0.160000,0.160000,,,baseline
compare_single_p_907_with_base_x3,compare_single_p_907_resume,base,base,FMCAD08/Int/memory1/DRAGON_all2_e7_5406_e3_506.lus,Unsafe,Unsafe,0.028000,0.028000,,,baseline
compare_single_p_907_with_base_x3,compare_single_p_907_resume,base,base,FMCAD08/Int/memory1/FIREFLY_all_e2_2924_e1_768.lus,Safe,Safe,0.127000,0.127000,,,baseline
compare_single_p_907_with_base_x3,compare_single_p_907_resume,base,base,FMCAD08/Int/memory1/FIREFLY_8_e2_1711_e3_1753.lus,Safe,Safe,0.044000,0.044000,,,baseline
compare_single_p_907_with_base_x3,compare_single_p_907_resume,base,base,FMCAD08/Int/memory1/DRAGON_1_e2_1997.lus,Safe,Safe,0.088000,0.088000,,,baseline
compare_single_p_907_with_base_x3,compare_single_p_907_resume,base,base,FMCAD08/Int/memory1/FIREFLY_4_e3_3511_e4_1464.lus,Unsafe,Unsafe,0.585000,0.585000,,,baseline
compare_single_p_907_with_base_x3,compare_single_p_907_resume,base,base,FMCAD08/Int/memory1/DRAGON_7_e2_2872_e2_5844.lus,Safe,Safe,0.117000,0.117000,,,baseline
compare_single_p_907_with_base_x3,compare_single_p_907_resume,base,base,FMCAD08/Int/memory1/DRAGON_1_e1_5070.lus,Safe,Safe,0.061000,0.061000,,,baseline
compare_single_p_907_with_base_x3,compare_single_p_907_resume,base,base,FMCAD08/Int/memory1/DRAGON_10_e3_144_e5_2046.lus,Safe,Safe,0.087000,0.087000,,,baseline
compare_single_p_907_with_base_x3,compare_single_p_907_resume,base,base,FMCAD08/Int/memory1/FIREFLY_all_e3_1600_e2_676.lus,Unsafe,Unsafe,0.046000,0.046000,,,baseline
compare_single_p_907_with_base_x3,compare_single_p_907_resume,base,base,FMCAD08/Int/memory1/DRAGON_all2_e2_2073_e8_3691.lus,Unsafe,Unsafe,0.029000,0.029000,,,baseline
compare_single_p_907_with_base_x3,compare_single_p_907_resume,base,base,FMCAD08/Int/memory1/DRAGON_4_e3_1540_e1_5048.lus,Safe,Safe,2.717000,2.717000,,,baseline
compare_single_p_907_with_base_x3,compare_single_p_907_resume,base,base,FMCAD08/Int/memory1/DRAGON_13_e7_2336_e3_3117.lus,Unsafe,Unsafe,0.024000,0.024000,,,baseline
compare_single_p_907_with_base_x3,compare_single_p_907_resume,base,base,FMCAD08/Int/memory1/FIREFLY_a3_e3_314_e1_1979.lus,Unsafe,Unsafe,0.723000,0.723000,,,baseline
compare_single_p_907_with_base_x3,compare_single_p_907_resume,base,base,FMCAD08/Int/memory1/FIREFLY_u1_e2_3403_e2_957.lus,Safe,Safe,5.117000,5.117000,,,baseline
compare_single_p_907_with_base_x3,compare_single_p_907_resume,base,base,FMCAD08/Int/memory1/FIREFLY_luke_1a.lus,Timeout,Timeout,,,,,baseline
compare_single_p_907_with_base_x3,compare_single_p_907_resume,base,base,FMCAD08/Int/memory1/FIREFLY_rt_e3_1770_e2_637.lus,Safe,Safe,0.549000,0.549000,,,baseline
compare_single_p_907_with_base_x3,compare_single_p_907_resume,base,base,FMCAD08/Int/memory1/DRAGON_14_e7_3162_e3_4298.lus,Unsafe,Unsafe,0.862000,0.862000,,,baseline
compare_single_p_907_with_base_x3,compare_single_p_907_resume,base,base,FMCAD08/Int/memory1/DRAGON_1_e2_1997_e7_3613_e2_3409.lus,Safe,Safe,0.061000,0.061000,,,baseline
compare_single_p_907_with_base_x3,compare_single_p_907_resume,base,base,FMCAD08/Int/memory1/FIREFLY_luke_1b_e3_671_e7_1882.lus,Unsafe,Unsafe,0.020000,0.020000,,,baseline
compare_single_p_907_with_base_x3,compare_single_p_907_resume,base,base,FMCAD08/Int/memory1/DRAGON_all2_e3_4612_e3_1543.lus,Timeout,Timeout,,,,,baseline
compare_single_p_907_with_base_x3,compare_single_p_907_resume,base,base,FMCAD08/Int/memory1/DRAGON_7_e7_3157_e2_2082.lus,Safe,Safe,0.130000,0.130000,,,baseline
compare_single_p_907_with_base_x3,compare_single_p_907_resume,base,base,FMCAD08/Int/memory1/FIREFLY_luke_1b_e1_1691.lus,Unsafe,Unsafe,0.045000,0.045000,,,baseline
compare_single_p_907_with_base_x3,compare_single_p_907_resume,base,base,FMCAD08/Int/memory1/FIREFLY_all_e2_2924_e3_3946.lus,Unsafe,Unsafe,0.096000,0.096000,,,baseline
compare_single_p_907_with_base_x3,compare_single_p_907_resume,base,base,FMCAD08/Int/memory1/FIREFLY_luke_1b_e2_3049_e2_698.lus,Unsafe,Unsafe,0.042000,0.042000,,,baseline
compare_single_p_907_with_base_x3,compare_single_p_907_resume,base,base,FMCAD08/Int/memory1/FIREFLY_5_e2_2884_e2_1492.lus,Safe,Safe,0.063000,0.063000,,,baseline
compare_single_p_907_with_base_x3,compare_single_p_907_resume,base,base,FMCAD08/Int/memory1/FIREFLY_luke_1a_e7_3042_e3_1213.lus,Timeout,Timeout,190.424000,190.424000,,,baseline
compare_single_p_907_with_base_x3,compare_single_p_907_resume,base,base,FMCAD08/Int/memory1/DRAGON_3_e3_3846.lus,Safe,Safe,0.067000,0.067000,,,baseline
compare_single_p_907_with_base_x3,compare_single_p_907_resume,base,base,FMCAD08/Int/memory1/FIREFLY_5_e1_2552_e7_1169.lus,Safe,Safe,0.047000,0.047000,,,baseline
compare_single_p_907_with_base_x3,compare_single_p_907_resume,base,base,FMCAD08/Int/memory1/FIREFLY_3_e2_2236_e1_2305.lus,Safe,Safe,0.046000,0.046000,,,baseline
compare_single_p_907_with_base_x3,compare_single_p_907_resume,base,base,FMCAD08/Int/memory1/FIREFLY_all_e3_1600_e3_2055.lus,Unsafe,Unsafe,0.064000,0.064000,,,baseline
compare_single_p_907_with_base_x3,compare_single_p_907_resume,base,base,FMCAD08/Int/memory1/FIREFLY_luke_1b_e2_3049_e1_946.lus,Safe,Safe,0.045000,0.045000,,,baseline
compare_single_p_907_with_base_x3,compare_single_p_907_resume,base,base,FMCAD08/Int/memory1/FIREFLY_1_e1_1092.lus,Unsafe,Unsafe,0.052000,0.052000,,,baseline
compare_single_p_907_with_base_x3,compare_single_p_907_resume,base,base,FMCAD08/Int/memory1/DRAGON_10.lus,Safe,Safe,0.084000,0.084000,,,baseline
compare_single_p_907_with_base_x3,compare_single_p_907_resume,base,base,FMCAD08/Int/simulation/metros_4_e1_917.lus,Timeout,Timeout,225.396000,225.396000,,,baseline
compare_single_p_907_with_base_x3,compare_single_p_907_resume,base,base,FMCAD08/Int/simulation/metros_1_e1_846_e2_1394.lus,Safe,Safe,0.946000,0.946000,,,baseline
compare_single_p_907_with_base_x3,compare_single_p_907_resume,base,base,FMCAD08/Int/simulation/car_4_e7_592_e7_265.lus,Safe,Safe,0.044000,0.044000,,,baseline
compare_single_p_907_with_base_x3,compare_single_p_907_resume,base,base,FMCAD08/Int/simulation/car_all_e8_856.lus,Safe,Safe,0.285000,0.285000,,,baseline
compare_single_p_907_with_base_x3,compare_single_p_907_resume,base,base,FMCAD08/Int/simulation/PRODUCER_CONSUMER_all.lus,Safe,Safe,0.053000,0.053000,,,baseline
compare_single_p_907_with_base_x3,compare_single_p_907_resume,base,base,FMCAD08/Int/simulation/car_4_e3_57_e6_784.lus,Safe,Safe,0.045000,0.045000,,,baseline
compare_single_p_907_with_base_x3,compare_single_p_907_resume,base,base,FMCAD08/Int/simulation/metros_2_e1_190.lus,Safe,Safe,69.065000,69.065000,,,baseline
compare_single_p_907_with_base_x3,compare_single_p_907_resume,base,base,FMCAD08/Int/simulation/metros_4_e3_1025.lus,Timeout,Timeout,0.832000,0.832000,,,baseline
compare_single_p_907_with_base_x3,compare_single_p_907_resume,base,base,FMCAD08/Int/simulation/car_3_e8_33_e1_856.lus,Unsafe,Unsafe,0.043000,0.043000,,,baseline
compare_single_p_907_with_base_x3,compare_single_p_907_resume,base,base,FMCAD08/Int/simulation/car_5_e7_244_e2_693.lus,Unsafe,Unsafe,0.474000,0.474000,,,baseline
compare_single_p_907_with_base_x3,compare_single_p_907_resume,base,base,FMCAD08/Int/simulation/metros_4_e2_968_e5_991.lus,Timeout,Timeout,290.240000,290.240000,,,baseline
compare_single_p_907_with_base_x3,compare_single_p_907_resume,base,base,FMCAD08/Int/simulation/PRODUCER_CONSUMER_3.lus,Safe,Safe,0.035000,0.035000,,,baseline
compare_single_p_907_with_base_x3,compare_single_p_907_resume,base,base,FMCAD08/Int/simulation/metros_1_e1_846_e1_1317.lus,Safe,Safe,0.471000,0.471000,,,baseline
compare_single_p_907_with_base_x3,compare_single_p_907_resume,base,base,FMCAD08/Int/simulation/car_all_e3_1068_e4_275.lus,Safe,Safe,0.199000,0.199000,,,baseline
compare_single_p_907_with_base_x3,compare_single_p_907_resume,base,base,FMCAD08/Int/simulation/PRODUCER_CONSUMER_vt_e7_1059_e8_1111.lus,Timeout,Timeout,,,,,baseline
compare_single_p_907_with_base_x3,compare_single_p_907_resume,base,base,FMCAD08/Int/simulation/metros_4_e1_821_e5_911.lus,Timeout,Timeout,,,,,baseline
compare_single_p_907_with_base_x3,compare_single_p_907_resume,base,base,FMCAD08/Int/simulation/car_3_e7_626.lus,Safe,Safe,0.080000,0.080000,,,baseline
compare_single_p_907_with_base_x3,compare_single_p_907_resume,base,base,FMCAD08/Int/simulation/PRODUCER_CONSUMER_vt.lus,Timeout,Timeout,,,,,baseline
compare_single_p_907_with_base_x3,compare_single_p_907_resume,base,base,FMCAD08/Int/simulation/metros_4.lus,Timeout,Timeout,,,,,baseline
compare_single_p_907_with_base_x3,compare_single_p_907_resume,base,base,FMCAD08/Int/simulation/car_2_e8_491_e7_826.lus,Safe,Safe,0.076000,0.076000,,,baseline
compare_single_p_907_with_base_x3,compare_single_p_907_resume,base,base,FMCAD08/Int/simulation/car_all.lus,Safe,Safe,0.260000,0.260000,,,baseline
compare_single_p_907_with_base_x3,compare_single_p_907_resume,base,base,FMCAD08/Int/simulation/car_all_e8_856_e3_180.lus,Unsafe,Unsafe,0.014000,0.014000,,,baseline
compare_single_p_907_with_base_x3,compare_single_p_907_resume,base,base,FMCAD08/Int/simulation/metros_3.lus,Timeout,Timeout,,,,,baseline
compare_single_p_907_with_base_x3,compare_single_p_907_resume,base,base,FMCAD08/Int/simulation/car_5_e2_405_e8_1055.lus,Unsafe,Unsafe,0.518000,0.518000,,,baseline
compare_single_p_907_with_base_x3,compare_single_p_907_resume,base,base,FMCAD08/Int/simulation/metros_1_e8_725_e3_556.lus,Safe,Safe,0.157000,0.157000,,,baseline
compare_single_p_907_with_base_x3,compare_single_p_907_resume,base,base,FMCAD08/Int/simulation/metros_4_e3_1091_e3_522.lus,Safe,Safe,0.383000,0.383000,,,baseline
compare_single_p_907_with_base_x3,compare_single_p_907_resume,base,base,FMCAD08/Int/simulation/metros_2_e2_704_e7_810.lus,Unsafe,Unsafe,2.742000,2.742000,,,baseline
compare_single_p_907_with_base_x3,compare_single_p_907_resume,base,base,FMCAD08/Int/simulation/metros_4_e2_968_e6_236.lus,Unsafe,Unsafe,27.338000,27.338000,,,baseline
compare_single_p_907_with_base_x3,compare_single_p_907_resume,base,base,FMCAD08/Int/simulation/metros_2_e1_1116_e1_556.lus,Unsafe,Unsafe,40.387000,40.387000,,,baseline
compare_single_p_907_with_base_x3,compare_single_p_907_resume,base,base,FMCAD08/Int/simulation/metros_2_e2_704_e1_389.lus,Unsafe,Unsafe,6.114000,6.114000,,,baseline
compare_single_p_907_with_base_x3,compare_single_p_907_resume,base,base,FMCAD08/Int/simulation/car_6_e2_589_e2_506.lus,Unsafe,Unsafe,0.526000,0.526000,,,baseline
compare_single_p_907_with_base_x3,compare_single_p_907_resume,base,base,FMCAD08/Int/simulation/speed_e7_207.lus,Safe,Safe,0.026000,0.026000,,,baseline
compare_single_p_907_with_base_x3,compare_single_p_907_resume,base,base,FMCAD08/Int/simulation/metros_3_e3_1275_e1_1350.lus,Timeout,Timeout,52.494000,52.494000,,,baseline
compare_single_p_907_with_base_x3,compare_single_p_907_resume,base,base,FMCAD08/Int/simulation/metros_1_e1_846_e7_397.lus,Safe,Safe,0.997000,0.997000,,,baseline
compare_single_p_907_with_base_x3,compare_single_p_907_resume,base,base,FMCAD08/Int/simulation/metros_2_e2_968.lus,Unsafe,Unsafe,45.466000,45.466000,,,baseline
compare_single_p_907_with_base_x3,compare_single_p_907_resume,base,base,FMCAD08/Int/simulation/cd_e7_621_e7_669.lus,Unsafe,Unsafe,1.279000,1.279000,,,baseline
compare_single_p_907_with_base_x3,compare_single_p_907_resume,base,base,FMCAD08/Int/simulation/car_all_e3_1068_e3_163.lus,Unsafe,Unsafe,0.014000,0.014000,,,baseline
compare_single_p_907_with_base_x3,compare_single_p_907_resume,base,base,FMCAD08/Int/simulation/metros_2_e2_704_e2_13.lus,Safe,Safe,0.812000,0.812000,,,baseline
compare_single_p_907_with_base_x3,compare_single_p_907_resume,base,base,FMCAD08/Int/simulation/metros_4_e5_1150.lus,Timeout,Timeout,,,,,baseline
compare_single_p_907_with_base_x3,compare_single_p_907_resume,base,base,FMCAD08/Int/simulation/hysteresis_1.lus,Safe,Safe,0.025000,0.025000,,,baseline
compare_single_p_907_with_base_x3,compare_single_p_907_resume,base,base,FMCAD08/Int/simulation/metros_1_e7_606.lus,Safe,Safe,0.801000,0.801000,,,baseline
compare_single_p_907_with_base_x3,compare_single_p_907_resume,base,base,FMCAD08/Int/simulation/hysteresis_3.lus,Safe,Safe,0.112000,0.112000,,,baseline
compare_single_p_907_with_base_x3,compare_single_p_907_resume,base,base,FMCAD08/Int/simulation/fast_1_e8_751.lus,Safe,Safe,0.187000,0.187000,,,baseline
compare_single_p_907_with_base_x3,compare_single_p_907_resume,base,base,FMCAD08/Int/simulation/metros_3_e3_1275_e7_529.lus,Timeout,Timeout,0.911000,0.911000,,,baseline
compare_single_p_907_with_base_x3,compare_single_p_907_resume,base,base,FMCAD08/Int/simulation/PRODUCER_CONSUMER_vt_e3_507.lus,Timeout,Timeout,,,,,baseline
compare_single_p_907_with_base_x3,compare_single_p_907_resume,base,base,FMCAD08/Int/simulation/car_3_e2_695.lus,Safe,Safe,0.037000,0.037000,,,baseline
compare_single_p_907_with_base_x3,compare_single_p_907_resume,base,base,FMCAD08/Int/simulation/car_5_e2_405_e2_1083.lus,Unsafe,Unsafe,0.501000,0.501000,,,baseline
compare_single_p_907_with_base_x3,compare_single_p_907_resume,base,base,FMCAD08/Int/simulation/fast_1.lus,Safe,Safe,0.194000,0.194000,,,baseline
compare_single_p_907_with_base_x3,compare_single_p_907_resume,base,base,FMCAD08/Int/simulation/car_6_e2_589_e3_349.lus,Unsafe,Unsafe,0.561000,0.561000,,,baseline
compare_single_p_907_with_base_x3,compare_single_p_907_resume,base,base,FMCAD08/Int/simulation/fast_2.lus,Safe,Safe,0.299000,0.299000,,,baseline
compare_single_p_907_with_base_x3,compare_single_p_907_resume,base,base,FMCAD08/Int/simulation/fast_1_e8_747_e7_692.lus,Unsafe,Unsafe,0.023000,0.023000,,,baseline
compare_single_p_907_with_base_x3,compare_single_p_907_resume,base,base,FMCAD08/Int/simulation/metros_1_e2_627.lus,Safe,Safe,0.753000,0.753000,,,baseline
compare_single_p_907_with_base_x3,compare_single_p_907_resume,base,base,FMCAD08/Int/simulation/metros_2_e2_704_e3_76.lus,Unsafe,Unsafe,1.617000,1.617000,,,baseline
compare_single_p_907_with_base_x3,compare_single_p_907_resume,base,base,FMCAD08/Int/simulation/speed_e8_649.lus,Safe,Safe,0.025000,0.025000,,,baseline
compare_single_p_907_with_base_x3,compare_single_p_907_resume,base,base,FMCAD08/Int/simulation/speed2.lus,Safe,Safe,0.111000,0.111000,,,baseline
compare_single_p_907_with_base_x3,compare_single_p_907_resume,base,base,FMCAD08/Int/simulation/car_3_e8_33_e2_1010.lus,Safe,Safe,0.034000,0.034000,,,baseline
compare_single_p_907_with_base_x3,compare_single_p_907_resume,base,base,FMCAD08/Int/simulation/metros_3_e4_987_e2_80.lus,Timeout,Timeout,280.616000,280.616000,,,baseline
compare_single_p_907_with_base_x3,compare_single_p_907_resume,base,base,FMCAD08/Int/simulation/car_4_e8_118_e3_514.lus,Unsafe,Unsafe,0.013000,0.013000,,,baseline
compare_single_p_907_with_base_x3,compare_single_p_907_resume,base,base,FMCAD08/Int/simulation/fast_1_e7_2044.lus,Unsafe,Unsafe,0.023000,0.023000,,,baseline
compare_single_p_907_with_base_x3,compare_single_p_907_resume,base,base,FMCAD08/Int/simulation/metros_4_e2_968.lus,Timeout,Timeout,0.437000,0.437000,,,baseline
compare_single_p_907_with_base_x3,compare_single_p_907_resume,base,base,FMCAD08/Int/simulation/metros_2.lus,Safe,Safe,95.707000,95.707000,,,baseline
compare_single_p_907_with_base_x3,compare_single_p_907_resume,base,base,FMCAD08/Int/simulation/car_6_e3_294_e5_979.lus,Unsafe,Unsafe,1.111000,1.111000,,,baseline
compare_single_p_907_with_base_x3,compare_single_p_907_resume,base,base,FMCAD08/Int/simulation/metros_3_e3_1275_e5_846.lus,Unsafe,Unsafe,279.546000,279.546000,,,baseline
compare_single_p_907_with_base_x3,compare_single_p_907_resume,base,base,FMCAD08/Int/simulation/metros_5.lus,Timeout,Timeout,,,,,baseline
compare_single_p_907_with_base_x3,compare_single_p_907_resume,base,base,FMCAD08/Int/simulation/speed2_e8_449_e8_517.lus,Safe,Safe,0.125000,0.125000,,,baseline
compare_single_p_907_with_base_x3,compare_single_p_907_resume,base,base,FMCAD08/Int/simulation/speed2_e7_223_e8_329.lus,Safe,Safe,0.111000,0.111000,,,baseline
compare_single_p_907_with_base_x3,compare_single_p_907_resume,base,base,FMCAD08/Int/simulation/PRODUCER_CONSUMMER_luke_2_e7_1068_e8_1019.lus,Timeout,Timeout,,,,,baseline
compare_single_p_907_with_base_x3,compare_single_p_907_resume,base,base,FMCAD08/Int/simulation/fast_2_e8_460_e8_1920.lus,Safe,Safe,0.256000,0.256000,,,baseline
compare_single_p_907_with_base_x3,compare_single_p_907_resume,base,base,FMCAD08/Int/simulation/speed_e7_207_e7_538.lus,Safe,Safe,0.026000,0.026000,,,baseline
compare_single_p_907_with_base_x3,compare_single_p_907_resume,base,base,FMCAD08/Int/simulation/metros_3_e3_1275_e2_454.lus,Safe,Safe,0.187000,0.187000,,,baseline
compare_single_p_907_with_base_x3,compare_single_p_907_resume,base,base,FMCAD08/Int/simulation/fast_2_e7_2526.lus,Unsafe,Unsafe,0.026000,0.026000,,,baseline
compare_single_p_907_with_base_x3,compare_single_p_907_resume,base,base,FMCAD08/Int/simulation/metros_4_e3_1091_e2_1317.lus,Safe,Safe,0.189000,0.189000,,,baseline
compare_single_p_907_with_base_x3,compare_single_p_907_resume,base,base,FMCAD08/Int/simulation/fast_2_e7_2526_e7_2736.lus,Unsafe,Unsafe,0.027000,0.027000,,,baseline
compare_single_p_907_with_base_x3,compare_single_p_907_resume,base,base,FMCAD08/Int/simulation/metros_4_e2_968_e7_860.lus,Unsafe,Unsafe,65.146000,65.146000,,,baseline
compare_single_p_907_with_base_x3,compare_single_p_907_resume,base,base,FMCAD08/Int/simulation/car_4_e7_592_e3_442.lus,Unsafe,Unsafe,0.012000,0.012000,,,baseline
compare_single_p_907_with_base_x3,compare_single_p_907_resume,base,base,FMCAD08/Int/simulation/car_5_e7_244.lus,Safe,Safe,58.863000,58.863000,,,baseline
compare_single_p_907_with_base_x3,compare_single_p_907_resume,base,base,FMCAD08/Int/simulation/fast_1_e8_747_e8_1041.lus,Safe,Safe,0.170000,0.170000,,,baseline
compare_single_p_907_with_base_x3,compare_single_p_907_resume,base,base,FMCAD08/Int/simulation/speed2_e8_449.lus,Safe,Safe,0.072000,0.072000,,,baseline
compare_single_p_907_with_base_x3,compare_single_p_907_resume,base,base,FMCAD08/Int/simulation/car_4_e3_57.lus,Unsafe,Unsafe,0.019000,0.019000,,,baseline
compare_single_p_907_with_base_x3,compare_single_p_907_resume,base,base,FMCAD08/Int/simulation/metros_1_e8_725_e1_919.lus,Safe,Safe,0.048000,0.048000,,,baseline
compare_single_p_907_with_base_x3,compare_single_p_907_resume,base,base,FMCAD08/Int/simulation/car_all_e1_618.lus,Unsafe,Unsafe,0.078000,0.078000,,,baseline
compare_single_p_907_with_base_x3,compare_single_p_907_resume,base,base,FMCAD08/Int/simulation/car_1.lus,Safe,Safe,0.047000,0.047000,,,baseline
compare_single_p_907_with_base_x3,compare_single_p_907_resume,base,base,FMCAD08/Int/simulation/metros_3_e3_1275_e4_164.lus,Timeout,Timeout,0.437000,0.437000,,,baseline
compare_single_p_907_with_base_x3,compare_single_p_907_resume,base,base,FMCAD08/Int/simulation/fast_2_e8_976.lus,Safe,Safe,0.293000,0.293000,,,baseline
compare_single_p_907_with_base_x3,compare_single_p_907_resume,base,base,FMCAD08/Int/simulation/Gas.lus,Timeout,Timeout,,,,,baseline
compare_single_p_907_with_base_x3,compare_single_p_907_resume,base,base,FMCAD08/Int/simulation/car_4_e7_592.lus,Safe,Safe,0.088000,0.088000,,,baseline
compare_single_p_907_with_base_x3,compare_single_p_907_resume,base,base,FMCAD08/Int/simulation/metros_4_e3_1091_e1_1044.lus,Unsafe,Unsafe,195.527000,195.527000,,,baseline
compare_single_p_907_with_base_x3,compare_single_p_907_resume,base,base,FMCAD08/Int/simulation/metros_1_e2_1102_e7_1163.lus,Safe,Safe,0.845000,0.845000,,,baseline
compare_single_p_907_with_base_x3,compare_single_p_907_resume,base,base,FMCAD08/Int/simulation/cd.lus,Safe,Safe,10.169000,10.169000,,,baseline
compare_single_p_907_with_base_x3,compare_single_p_907_resume,base,base,FMCAD08/Int/simulation/metros_2_e1_1116_e7_1440.lus,Unsafe,Unsafe,253.934000,253.934000,,,baseline
compare_single_p_907_with_base_x3,compare_single_p_907_resume,base,base,FMCAD08/Int/simulation/PRODUCER_CONSUMER_1.lus,Safe,Safe,0.056000,0.056000,,,baseline
compare_single_p_907_with_base_x3,compare_single_p_907_resume,base,base,FMCAD08/Int/simulation/metros_4_e2_968_e4_801.lus,Timeout,Timeout,264.388000,264.388000,,,baseline
compare_single_p_907_with_base_x3,compare_single_p_907_resume,base,base,FMCAD08/Int/simulation/car_6.lus,Safe,Safe,104.724000,104.724000,,,baseline
compare_single_p_907_with_base_x3,compare_single_p_907_resume,base,base,FMCAD08/Int/simulation/car_all_e3_1068_e1_178.lus,Unsafe,Unsafe,0.013000,0.013000,,,baseline
compare_single_p_907_with_base_x3,compare_single_p_907_resume,base,base,FMCAD08/Int/simulation/metros_1_e2_1102_e3_961.lus,Safe,Safe,0.507000,0.507000,,,baseline
compare_single_p_907_with_base_x3,compare_single_p_907_resume,base,base,FMCAD08/Int/simulation/car_3_e1_586.lus,Unsafe,Unsafe,0.026000,0.026000,,,baseline
compare_single_p_907_with_base_x3,compare_single_p_907_resume,base,base,FMCAD08/Int/simulation/metros_3_e4_987_e1_1115.lus,Timeout,Timeout,,,,,baseline
compare_single_p_907_with_base_x3,compare_single_p_907_resume,base,base,FMCAD08/Int/simulation/metros_1.lus,Safe,Safe,1.454000,1.454000,,,baseline
compare_single_p_907_with_base_x3,compare_single_p_907_resume,base,base,FMCAD08/Int/simulation/speed2_e8_449_e7_353.lus,Safe,Safe,0.093000,0.093000,,,baseline
compare_single_p_907_with_base_x3,compare_single_p_907_resume,base,base,FMCAD08/Int/simulation/metros_1_e1_846_e3_1060.lus,Safe,Safe,0.626000,0.626000,,,baseline
compare_single_p_907_with_base_x3,compare_single_p_907_resume,base,base,FMCAD08/Int/simulation/metros_2_e1_1116_e2_617.lus,Safe,Safe,0.931000,0.931000,,,baseline
compare_single_p_907_with_base_x3,compare_single_p_907_resume,base,base,FMCAD08/Int/simulation/car_5_e3_661.lus,Unsafe,Unsafe,0.649000,0.649000,,,baseline
compare_single_p_907_with_base_x3,compare_single_p_907_resume,base,base,FMCAD08/Int/simulation/car_3_e8_33_e7_220.lus,Safe,Safe,0.075000,0.075000,,,baseline
compare_single_p_907_with_base_x3,compare_single_p_907_resume,base,base,FMCAD08/Int/simulation/car_5_e2_405_e3_473.lus,Unsafe,Unsafe,0.500000,0.500000,,,baseline
compare_single_p_907_with_base_x3,compare_single_p_907_resume,base,base,FMCAD08/Int/simulation/car_6_e3_294_e3_47.lus,Unsafe,Unsafe,0.725000,0.725000,,,baseline
compare_single_p_907_with_base_x3,compare_single_p_907_resume,base,base,FMCAD08/Int/simulation/car_all_e3_1068_e2_13.lus,Unsafe,Unsafe,0.013000,0.013000,,,baseline
compare_single_p_907_with_base_x3,compare_single_p_907_resume,base,base,FMCAD08/Int/simulation/metros_1_e8_725_e2_1144.lus,Safe,Safe,0.047000,0.047000,,,baseline
compare_single_p_907_with_base_x3,compare_single_p_907_resume,base,base,FMCAD08/Int/simulation/metros_1_e7_1255_e7_12.lus,Safe,Safe,0.888000,0.888000,,,baseline
compare_single_p_907_with_base_x3,compare_single_p_907_resume,base,base,FMCAD08/Int/simulation/car_6_e1_152.lus,Safe,Safe,6.011000,6.011000,,,baseline
compare_single_p_907_with_base_x3,compare_single_p_907_resume,base,base,FMCAD08/Int/simulation/PRODUCER_CONSUMER_vt_e2_1352.lus,Timeout,Timeout,,,,,baseline
compare_single_p_907_with_base_x3,compare_single_p_907_resume,base,base,FMCAD08/Int/simulation/car_5_e7_244_e1_823.lus,Safe,Safe,51.139000,51.139000,,,baseline
compare_single_p_907_with_base_x3,compare_single_p_907_resume,base,base,FMCAD08/Int/simulation/car_all_e3_1068_e5_882.lus,Unsafe,Unsafe,0.013000,0.013000,,,baseline
compare_single_p_907_with_base_x3,compare_single_p_907_resume,base,base,FMCAD08/Int/simulation/metros_4_e2_968_e2_1166.lus,Safe,Safe,0.289000,0.289000,,,baseline
compare_single_p_907_with_base_x3,compare_single_p_907_resume,base,base,FMCAD08/Int/simulation/cd_e7_8.lus,Unsafe,Unsafe,1.028000,1.028000,,,baseline
compare_single_p_907_with_base_x3,compare_single_p_907_resume,base,base,FMCAD08/Int/simulation/car_all_e8_856_e2_585.lus,Safe,Safe,0.140000,0.140000,,,baseline
compare_single_p_907_with_base_x3,compare_single_p_907_resume,base,base,FMCAD08/Int/simulation/car_6_e2_893.lus,Unsafe,Unsafe,0.521000,0.521000,,,baseline
compare_single_p_907_with_base_x3,compare_single_p_907_resume,base,base,FMCAD08/Int/simulation/PRODUCER_CONSUMMER_luke_2.lus,Timeout,Timeout,,,,,baseline
compare_single_p_907_with_base_x3,compare_single_p_907_resume,base,base,FMCAD08/Int/simulation/metros_1_e8_725.lus,Safe,Safe,0.048000,0.048000,,,baseline
compare_single_p_907_with_base_x3,compare_single_p_907_resume,base,base,FMCAD08/Int/simulation/car_all_e8_856_e1_217.lus,Unsafe,Unsafe,0.122000,0.122000,,,baseline
compare_single_p_907_with_base_x3,compare_single_p_907_resume,base,base,FMCAD08/Int/simulation/speed2_e7_223_e7_213.lus,Safe,Safe,0.111000,0.111000,,,baseline
compare_single_p_907_with_base_x3,compare_single_p_907_resume,base,base,FMCAD08/Int/simulation/car_2.lus,Safe,Safe,0.079000,0.079000,,,baseline
compare_single_p_907_with_base_x3,compare_single_p_907_resume,base,base,FMCAD08/Int/simulation/metros_1_e2_1102_e2_943.lus,Safe,Safe,0.516000,0.516000,,,baseline
compare_single_p_907_with_base_x3,compare_single_p_907_resume,base,base,FMCAD08/Int/simulation/metros_3_e3_1275_e6_1315.lus,Timeout,Timeout,,,,,baseline
compare_single_p_907_with_base_x3,compare_single_p_907_resume,base,base,FMCAD08/Int/simulation/car_6_e1_152_e1_391.lus,Safe,Safe,4.390000,4.390000,,,baseline
compare_single_p_907_with_base_x3,compare_single_p_907_resume,base,base,FMCAD08/Int/simulation/fast_1_e7_2044_e7_1287.lus,Unsafe,Unsafe,0.022000,0.022000,,,baseline
compare_single_p_907_with_base_x3,compare_single_p_907_resume,base,base,FMCAD08/Int/simulation/metros_4_e3_1091_e4_232.lus,Unsafe,Unsafe,143.971000,143.971000,,,baseline
compare_single_p_907_with_base_x3,compare_single_p_907_resume,base,base,FMCAD08/Int/simulation/car_3.lus,Safe,Safe,0.084000,0.084000,,,baseline
compare_single_p_907_with_base_x3,compare_single_p_907_resume,base,base,FMCAD08/Int/simulation/car_5.lus,Safe,Safe,66.360000,66.360000,,,baseline
compare_single_p_907_with_base_x3,compare_single_p_907_resume,base,base,FMCAD08/Int/simulation/PRODUCER_CONSUMER_2.lus,Safe,Safe,0.038000,0.038000,,,baseline
compare_single_p_907_with_base_x3,compare_single_p_907_resume,base,base,FMCAD08/Int/simulation/speed_e7_207_e8_507.lus,Safe,Safe,0.025000,0.025000,,,baseline
compare_single_p_907_with_base_x3,compare_single_p_907_resume,base,base,FMCAD08/Int/simulation/metros_4_e2_968_e1_956.lus,Timeout,Timeout,58.778000,58.778000,,,baseline
compare_single_p_907_with_base_x3,compare_single_p_907_resume,base,base,FMCAD08/Int/simulation/hysteresis_all.lus,Safe,Safe,0.131000,0.131000,,,baseline
compare_single_p_907_with_base_x3,compare_single_p_907_resume,base,base,FMCAD08/Int/simulation/metros_2_e3_112.lus,Unsafe,Unsafe,66.992000,66.992000,,,baseline
compare_single_p_907_with_base_x3,compare_single_p_907_resume,base,base,FMCAD08/Int/simulation/car_4.lus,Safe,Safe,0.047000,0.047000,,,baseline
compare_single_p_907_with_base_x3,compare_single_p_907_resume,base,base,FMCAD08/Int/simulation/hysteresis_2.lus,Safe,Safe,0.125000,0.125000,,,baseline
compare_single_p_907_with_base_x3,compare_single_p_907_resume,base,base,FMCAD08/Int/simulation/car_all_e7_188_e7_743.lus,Safe,Safe,0.264000,0.264000,,,baseline
compare_single_p_907_with_base_x3,compare_single_p_907_resume,base,base,FMCAD08/Int/simulation/fast_2_e8_460_e7_43.lus,Unsafe,Unsafe,0.027000,0.027000,,,baseline
compare_single_p_907_with_base_x3,compare_single_p_907_resume,base,base,FMCAD08/Int/simulation/car_1_e7_184_e3_299.lus,Safe,Safe,0.046000,0.046000,,,baseline
compare_single_p_907_with_base_x3,compare_single_p_907_resume,base,base,FMCAD08/Int/simulation/car_4_e8_118.lus,Safe,Safe,0.066000,0.066000,,,baseline
compare_single_p_907_with_base_x3,compare_single_p_907_resume,base,base,FMCAD08/Int/simulation/metros_3_e4_987_e3_291.lus,Timeout,Timeout,0.775000,0.775000,,,baseline
compare_single_p_907_with_base_x3,compare_single_p_907_resume,base,base,FMCAD08/Int/simulation/car_2_e7_1027_e7_359.lus,Safe,Safe,0.079000,0.079000,,,baseline
compare_single_p_907_with_base_x3,compare_single_p_907_resume,base,base,FMCAD08/Int/simulation/metros_3_e4_987.lus,Timeout,Timeout,,,,,baseline
compare_single_p_907_with_base_x3,compare_single_p_907_resume,base,base,FMCAD08/Int/simulation/car_5_e3_11_e1_429.lus,Unsafe,Unsafe,0.629000,0.629000,,,baseline
compare_single_p_907_with_base_x3,compare_single_p_907_resume,base,base,FMCAD08/Int/simulation/car_all_e1_618_e3_303.lus,Unsafe,Unsafe,0.069000,0.069000,,,baseline
compare_single_p_907_with_base_x3,compare_single_p_907_resume,base,base,FMCAD08/Int/simulation/speed2_e7_496.lus,Safe,Safe,0.131000,0.131000,,,baseline
compare_single_p_907_with_base_x3,compare_single_p_907_resume,base,base,FMCAD08/Int/simulation/car_4_e3_57_e5_999.lus,Unsafe,Unsafe,0.046000,0.046000,,,baseline
compare_single_p_907_with_base_x3,compare_single_p_907_resume,base,base,FMCAD08/Int/simulation/car_2_e7_1027_e1_1047.lus,Safe,Safe,0.082000,0.082000,,,baseline
compare_single_p_907_with_base_x3,compare_single_p_907_resume,base,base,FMCAD08/Int/simulation/metros_1_e2_1102_e1_317.lus,Safe,Safe,0.916000,0.916000,,,baseline
compare_single_p_907_with_base_x3,compare_single_p_907_resume,base,base,FMCAD08/Int/simulation/metros_2_e1_1116_e3_287.lus,Unsafe,Unsafe,1.487000,1.487000,,,baseline
compare_single_p_907_with_base_x3,compare_single_p_907_resume,base,base,FMCAD08/Int/simulation/metros_4_e2_968_e3_931.lus,Safe,Safe,0.299000,0.299000,,,baseline
compare_single_p_907_with_base_x3,compare_single_p_907_resume,base,base,FMCAD08/Int/simulation/car_4_e8_118_e7_178.lus,Safe,Safe,0.090000,0.090000,,,baseline
compare_single_p_907_with_base_x3,compare_single_p_907_resume,base,base,FMCAD08/Int/simulation/car_5_e7_244_e3_1071.lus,Unsafe,Unsafe,0.606000,0.606000,,,baseline
compare_single_p_907_with_base_x3,compare_single_p_907_resume,base,base,FMCAD08/Int/simulation/speed_e8_649_e7_709.lus,Safe,Safe,0.025000,0.025000,,,baseline
compare_single_p_907_with_base_x3,compare_single_p_907_resume,base,base,FMCAD08/Int/simulation/car_all_e8_856_e7_578.lus,Safe,Safe,0.251000,0.251000,,,baseline
compare_single_p_907_with_base_x3,compare_single_p_907_resume,base,base,FMCAD08/Int/simulation/metros_3_e3_1275_e3_640.lus,Safe,Safe,0.343000,0.343000,,,baseline
compare_single_p_907_with_base_x3,compare_single_p_907_resume,base,base,FMCAD08/Int/simulation/car_all_e2_142_e7_209.lus,Safe,Safe,0.194000,0.194000,,,baseline
compare_single_p_907_with_base_x3,compare_single_p_907_resume,base,base,FMCAD08/Int/simulation/car_3_e8_33.lus,Safe,Safe,0.081000,0.081000,,,baseline
compare_single_p_907_with_base_x3,compare_single_p_907_resume,base,base,FMCAD08/Int/simulation/car_5_e3_11_e5_24.lus,Unsafe,Unsafe,0.632000,0.632000,,,baseline
compare_single_p_907_with_base_x3,compare_single_p_907_resume,base,base,FMCAD08/Int/simulation/car_4_e3_57_e4_1047.lus,Safe,Safe,0.034000,0.034000,,,baseline
compare_single_p_907_with_base_x3,compare_single_p_907_resume,base,base,FMCAD08/Int/simulation/car_all_e2_142.lus,Safe,Safe,0.201000,0.201000,,,baseline
compare_single_p_907_with_base_x3,compare_single_p_907_resume,base,base,FMCAD08/Int/simulation/metros_3_e3_1275.lus,Timeout,Timeout,0.836000,0.836000,,,baseline
compare_single_p_907_with_base_x3,compare_single_p_907_resume,base,base,FMCAD08/Int/simulation/PRODUCER_CONSUMMER_luke_1.lus,Unsafe,Unsafe,0.013000,0.013000,,,baseline
compare_single_p_907_with_base_x3,compare_single_p_907_resume,base,base,FMCAD08/Int/simulation/car_6_e3_294_e1_956.lus,Unsafe,Unsafe,0.657000,0.657000,,,baseline
compare_single_p_907_with_base_x3,compare_single_p_907_resume,base,base,FMCAD08/Int/simulation/car_3_e7_626_e1_305.lus,Unsafe,Unsafe,0.026000,0.026000,,,baseline
compare_single_p_907_with_base_x3,compare_single_p_907_resume,base,base,FMCAD08/Int/simulation/metros_5_e4_1208_e1_337.lus,Timeout,Timeout,,,,,baseline
compare_single_p_907_with_base_x3,compare_single_p_907_resume,base,base,FMCAD08/Int/simulation/car_all_e3_1068.lus,Unsafe,Unsafe,0.013000,0.013000,,,baseline
compare_single_p_907_with_base_x3,compare_single_p_907_resume,base,base,FMCAD08/Int/memory2/SYNAPSE_5_e2_1525.lus,Timeout,Timeout,,,,,baseline
compare_single_p_907_with_base_x3,compare_single_p_907_resume,base,base,FMCAD08/Int/memory2/MOESI_2_e3_929_e2_2421.lus,Unsafe,Unsafe,0.016000,0.016000,,,baseline
compare_single_p_907_with_base_x3,compare_single_p_907_resume,base,base,FMCAD08/Int/memory2/SYNAPSE_4_e8_974.lus,Safe,Safe,0.036000,0.036000,,,baseline
compare_single_p_907_with_base_x3,compare_single_p_907_resume,base,base,FMCAD08/Int/memory2/SYNAPSE_all.lus,Safe,Safe,0.071000,0.071000,,,baseline
compare_single_p_907_with_base_x3,compare_single_p_907_resume,base,base,FMCAD08/Int/memory2/MOESI_2_e7_2910_e2_611.lus,Unsafe,Unsafe,0.017000,0.017000,,,baseline
compare_single_p_907_with_base_x3,compare_single_p_907_resume,base,base,FMCAD08/Int/memory2/MOESI_2.lus,Safe,Safe,0.040000,0.040000,,,baseline
compare_single_p_907_with_base_x3,compare_single_p_907_resume,base,base,FMCAD08/Int/memory2/ILLINOIS_2_e1_834.lus,Unsafe,Unsafe,0.019000,0.019000,,,baseline
compare_single_p_907_with_base_x3,compare_single_p_907_resume,base,base,FMCAD08/Int/memory2/MESI_3_e1_2517_e8_2163.lus,Safe,Safe,0.698000,0.698000,,,baseline
compare_single_p_907_with_base_x3,compare_single_p_907_resume,base,base,FMCAD08/Int/memory2/MESI_i4_e8_1381_e1_1837.lus,Unsafe,Unsafe,0.132000,0.132000,,,baseline
compare_single_p_907_with_base_x3,compare_single_p_907_resume,base,base,FMCAD08/Int/memory2/MESI_1_e2_162_e7_1545.lus,Safe,Safe,0.037000,0.037000,,,baseline
compare_single_p_907_with_base_x3,compare_single_p_907_resume,base,base,FMCAD08/Int/memory2/MESI_i3_e1_447_e2_1098.lus,Unsafe,Unsafe,0.013000,0.013000,,,baseline
compare_single_p_907_with_base_x3,compare_single_p_907_resume,base,base,FMCAD08/Int/memory2/SYNAPSE_5_e1_811.lus,Unsafe,Unsafe,0.028000,0.028000,,,baseline
compare_single_p_907_with_base_x3,compare_single_p_907_resume,base,base,FMCAD08/Int/memory2/SYNAPSE_123_e7_837_e2_1394.lus,Unsafe,Unsafe,0.014000,0.014000,,,baseline
compare_single_p_907_with_base_x3,compare_single_p_907_resume,base,base,FMCAD08/Int/memory2/SYNAPSE_123_e8_953_e1_1128.lus,Unsafe,Unsafe,0.015000,0.015000,,,baseline
compare_single_p_907_with_base_x3,compare_single_p_907_resume,base,base,FMCAD08/Int/memory2/ILLINOIS_2_e2_2367_e3_1601.lus,Unsafe,Unsafe,0.018000,0.018000,,,baseline
compare_single_p_907_with_base_x3,compare_single_p_907_resume,base,base,FMCAD08/Int/memory2/MOESI_1_e2_982_e7_492.lus,Safe,Safe,0.052000,0.052000,,,baseline
compare_single_p_907_with_base_x3,compare_single_p_907_resume,base,base,FMCAD08/Int/memory2/MOESI_2_e3_929.lus,Safe,Safe,0.038000,0.038000,,,baseline
compare_single_p_907_with_base_x3,compare_single_p_907_resume,base,base,FMCAD08/Int/memory2/MESI_i4_e8_1381_e4_313.lus,Unsafe,Unsafe,0.134000,0.134000,,,baseline
compare_single_p_907_with_base_x3,compare_single_p_907_resume,base,base,FMCAD08/Int/memory2/MOESI_2_e1_1753_e1_1510.lus,Unsafe,Unsafe,0.015000,0.015000,,,baseline
compare_single_p_907_with_base_x3,compare_single_p_907_resume,base,base,FMCAD08/Int/memory2/MESI_i1_e3_2145.lus,Unsafe,Unsafe,0.015000,0.015000,,,baseline
compare_single_p_907_with_base_x3,compare_single_p_907_resume,base,base,FMCAD08/Int/memory2/MESI_all_e4_1147_e7_497.lus,Safe,Safe,0.062000,0.062000,,,baseline
compare_single_p_907_with_base_x3,compare_single_p_907_resume,base,base,FMCAD08/Int/memory2/MOESI_2_e7_2607.lus,Unsafe,Unsafe,0.015000,0.015000,,,baseline
compare_single_p_907_with_base_x3,compare_single_p_907_resume,base,base,FMCAD08/Int/memory2/SYNAPSE_2_e8_1118_e2_237.lus,Unsafe,Unsafe,0.013000,0.013000,,,baseline
compare_single_p_907_with_base_x3,compare_single_p_907_resume,base,base,FMCAD08/Int/memory2/MESI_i1_e3_2145_e5_2391.lus,Unsafe,Unsafe,0.014000,0.014000,,,baseline
compare_single_p_907_with_base_x3,compare_single_p_907_resume,base,base,FMCAD08/Int/memory2/MOESI_2_e3_929_e6_2707.lus,Safe,Safe,0.037000,0.037000,,,baseline
compare_single_p_907_with_base_x3,compare_single_p_907_resume,base,base,FMCAD08/Int/memory2/SYNAPSE_4.lus,Safe,Safe,0.036000,0.036000,,,baseline
compare_single_p_907_with_base_x3,compare_single_p_907_resume,base,base,FMCAD08/Int/memory2/MESI_3_e2_819_e7_1665.lus,Unsafe,Unsafe,0.020000,0.020000,,,baseline
compare_single_p_907_with_base_x3,compare_single_p_907_resume,base,base,FMCAD08/Int/memory2/SYNAPSE_3_e8_1329_e3_421.lus,Unsafe,Unsafe,0.040000,0.040000,,,baseline
compare_single_p_907_with_base_x3,compare_single_p_907_resume,base,base,FMCAD08/Int/memory2/SYNAPSE_123_e7_856.lus,Safe,Safe,0.056000,0.056000,,,baseline
compare_single_p_907_with_base_x3,compare_single_p_907_resume,base,base,FMCAD08/Int/memory2/ILLINOIS_2_e1_834_e2_3395.lus,Safe,Safe,0.048000,0.048000,,,baseline
compare_single_p_907_with_base_x3,compare_single_p_907_resume,base,base,FMCAD08/Int/memory2/MESI_i1_e3_2145_e2_2228.lus,Unsafe,Unsafe,0.014000,0.014000,,,baseline
compare_single_p_907_with_base_x3,compare_single_p_907_resume,base,base,FMCAD08/Int/memory2/ILLINOIS_4.lus,Safe,Safe,0.047000,0.047000,,,baseline
compare_single_p_907_with_base_x3,compare_single_p_907_resume,base,base,FMCAD08/Int/memory2/MESI_i1_e3_2145_e3_977.lus,Unsafe,Unsafe,0.014000,0.014000,,,baseline
compare_single_p_907_with_base_x3,compare_single_p_907_resume,base,base,FMCAD08/Int/memory2/ILLINOIS_3_e3_2581.lus,Unsafe,Unsafe,0.019000,0.019000,,,baseline
compare_single_p_907_with_base_x3,compare_single_p_907_resume,base,base,FMCAD08/Int/memory2/MESI_4_e7_1140_e7_433.lus,Safe,Safe,0.099000,0.099000,,,baseline
compare_single_p_907_with_base_x3,compare_single_p_907_resume,base,base,FMCAD08/Int/memory2/MESI_all.lus,Safe,Safe,0.123000,0.123000,,,baseline
compare_single_p_907_with_base_x3,compare_single_p_907_resume,base,base,FMCAD08/Int/memory2/SYNAPSE_2_e8_1118_e1_667.lus,Unsafe,Unsafe,0.013000,0.013000,,,baseline
compare_single_p_907_with_base_x3,compare_single_p_907_resume,base,base,FMCAD08/Int/memory2/MOESI_2_e7_2910_e1_1021.lus,Unsafe,Unsafe,0.015000,0.015000,,,baseline
compare_single_p_907_with_base_x3,compare_single_p_907_resume,base,base,FMCAD08/Int/memory2/SYNAPSE_123_e3_302_e1_1141.lus,Unsafe,Unsafe,0.030000,0.030000,,,baseline
compare_single_p_907_with_base_x3,compare_single_p_907_resume,base,base,FMCAD08/Int/memory2/SYNAPSE_all_e7_907.lus,Safe,Safe,0.065000,0.065000,,,baseline
compare_single_p_907_with_base_x3,compare_single_p_907_resume,base,base,FMCAD08/Int/memory2/SYNAPSE_123_e8_953_e3_271.lus,Unsafe,Unsafe,0.073000,0.073000,,,baseline
compare_single_p_907_with_base_x3,compare_single_p_907_resume,base,base,FMCAD08/Int/memory2/SYNAPSE_2_e8_656.lus,Safe,Safe,0.033000,0.033000,,,baseline
compare_single_p_907_with_base_x3,compare_single_p_907_resume,base,base,FMCAD08/Int/memory2/SYNAPSE_3_e1_1416_e2_753.lus,Unsafe,Unsafe,0.014000,0.014000,,,baseline
compare_single_p_907_with_base_x3,compare_single_p_907_resume,base,base,FMCAD08/Int/memory2/SYNAPSE_3_e7_425.lus,Safe,Safe,0.035000,0.035000,,,baseline
compare_single_p_907_with_base_x3,compare_single_p_907_resume,base,base,FMCAD08/Int/memory2/ILLINOIS_2.lus,Safe,Safe,0.047000,0.047000,,,baseline
compare_single_p_907_with_base_x3,compare_single_p_907_resume,base,base,FMCAD08/Int/memory2/ILLINOIS_5_e7_692_e7_2865.lus,Safe,Safe,0.050000,0.050000,,,baseline
compare_single_p_907_with_base_x3,compare_single_p_907_resume,base,base,FMCAD08/Int/memory2/MOESI_2_e3_929_e3_2294.lus,Unsafe,Unsafe,0.043000,0.043000,,,baseline
compare_single_p_907_with_base_x3,compare_single_p_907_resume,base,base,FMCAD08/Int/memory2/MOESI_2_e3_929_e4_578.lus,Safe,Safe,0.038000,0.038000,,,baseline
compare_single_p_907_with_base_x3,compare_single_p_907_resume,base,base,FMCAD08/Int/memory2/SYNAPSE_2.lus,Safe,Safe,0.032000,0.032000,,,baseline
compare_single_p_907_with_base_x3,compare_single_p_907_resume,base,base,FMCAD08/Int/memory2/MESI_i2.lus,Unsafe,Unsafe,0.027000,0.027000,,,baseline
compare_single_p_907_with_base_x3,compare_single_p_907_resume,base,base,FMCAD08/Int/memory2/MESI_i1_e4_1986_e1_1519.lus,Unsafe,Unsafe,0.041000,0.041000,,,baseline
compare_single_p_907_with_base_x3,compare_single_p_907_resume,base,base,FMCAD08/Int/memory2/ILLINOIS_2_e2_2367_e7_2728.lus,Unsafe,Unsafe,0.019000,0.019000,,,baseline
compare_single_p_907_with_base_x3,compare_single_p_907_resume,base,base,FMCAD08/Int/memory2/MOESI_2_e8_926_e8_2138.lus,Safe,Safe,0.038000,0.038000,,,baseline
compare_single_p_907_with_base_x3,compare_single_p_907_resume,base,base,FMCAD08/Int/memory2/SYNAPSE_5_e1_811_e1_823.lus,Unsafe,Unsafe,0.026000,0.026000,,,baseline
compare_single_p_907_with_base_x3,compare_single_p_907_resume,base,base,FMCAD08/Int/memory2/ILLINOIS_r4a.lus,Safe,Safe,0.777000,0.777000,,,baseline
compare_single_p_907_with_base_x3,compare_single_p_907_resume,base,base,FMCAD08/Int/memory2/ILLINOIS_4_e7_2651_e7_2847.lus,Safe,Safe,0.059000,0.059000,,,baseline
compare_single_p_907_with_base_x3,compare_single_p_907_resume,base,base,FMCAD08/Int/memory2/ILLINOIS_2_e1_834_e7_3738.lus,Unsafe,Unsafe,0.018000,0.018000,,,baseline
compare_single_p_907_with_base_x3,compare_single_p_907_resume,base,base,FMCAD08/Int/memory2/SYNAPSE_2_e8_1118_e8_1177.lus,Safe,Safe,0.030000,0.030000,,,baseline
compare_single_p_907_with_base_x3,compare_single_p_907_resume,base,base,FMCAD08/Int/memory2/MESI_i1_e3_2145_e8_2325.lus,Unsafe,Unsafe,0.014000,0.014000,,,baseline
compare_single_p_907_with_base_x3,compare_single_p_907_resume,base,base,FMCAD08/Int/memory2/ILLINOIS_5.lus,Safe,Safe,0.046000,0.046000,,,baseline
compare_single_p_907_with_base_x3,compare_single_p_907_resume,base,base,FMCAD08/Int/memory2/ILLINOIS_2_e1_834_e3_2931.lus,Unsafe,Unsafe,0.018000,0.018000,,,baseline
compare_single_p_907_with_base_x3,compare_single_p_907_resume,base,base,FMCAD08/Int/memory2/ILLINOIS_3_e3_2581_e2_2545.lus,Unsafe,Unsafe,0.017000,0.017000,,,baseline
compare_single_p_907_with_base_x3,compare_single_p_907_resume,base,base,FMCAD08/Int/memory2/SYNAPSE_6_e2_1439_e1_954.lus,Safe,Safe,0.120000,0.120000,,,baseline
compare_single_p_907_with_base_x3,compare_single_p_907_resume,base,base,FMCAD08/Int/memory2/SYNAPSE_all_e8_251_e3_1472.lus,Unsafe,Unsafe,0.082000,0.082000,,,baseline
compare_single_p_907_with_base_x3,compare_single_p_907_resume,base,base,FMCAD08/Int/memory2/MOESI_2_e8_926_e7_961.lus,Unsafe,Unsafe,0.015000,0.015000,,,baseline
compare_single_p_907_with_base_x3,compare_single_p_907_resume,base,base,FMCAD08/Int/memory2/MOESI_2_e3_929_e8_1167.lus,Safe,Safe,0.037000,0.037000,,,baseline
compare_single_p_907_with_base_x3,compare_single_p_907_resume,base,base,FMCAD08/Int/memory2/MESI_3_e2_819_e5_2554.lus,Unsafe,Unsafe,0.032000,0.032000,,,baseline
compare_single_p_907_with_base_x3,compare_single_p_907_resume,base,base,FMCAD08/Int/memory2/SYNAPSE_2_e1_1239.lus,Unsafe,Unsafe,0.013000,0.013000,,,baseline
compare_single_p_907_with_base_x3,compare_single_p_907_resume,base,base,FMCAD08/Int/memory2/MOESI_2_e3_929_e5_1826.lus,Safe,Safe,0.038000,0.038000,,,baseline
compare_single_p_907_with_base_x3,compare_single_p_907_resume,base,base,FMCAD08/Int/memory2/SYNAPSE_i1.lus,Unsafe,Unsafe,0.013000,0.013000,,,baseline
compare_single_p_907_with_base_x3,compare_single_p_907_resume,base,base,FMCAD08/Int/memory2/SYNAPSE_3_e1_1416.lus,Unsafe,Unsafe,0.014000,0.014000,,,baseline
compare_single_p_907_with_base_x3,compare_single_p_907_resume,base,base,FMCAD08/Int/memory2/MESI_i1_e2_2656.lus,Unsafe,Unsafe,0.014000,0.014000,,,baseline
compare_single_p_907_with_base_x3,compare_single_p_907_resume,base,base,FMCAD08/Int/memory2/MESI_i1_e3_2145_e4_1717.lus,Unsafe,Unsafe,0.013000,0.013000,,,baseline
compare_single_p_907_with_base_x3,compare_single_p_907_resume,base,base,FMCAD08/Int/memory2/MESI_3_e3_2669.lus,Safe,Safe,0.507000,0.507000,,,baseline
compare_single_p_907_with_base_x3,compare_single_p_907_resume,base,base,FMCAD08/Int/memory2/ILLINOIS_3_e3_2581_e4_958.lus,Unsafe,Unsafe,0.017000,0.017000,,,baseline
compare_single_p_907_with_base_x3,compare_single_p_907_resume,base,base,FMCAD08/Int/memory2/MOESI_2_e3_929_e7_619.lus,Unsafe,Unsafe,0.015000,0.015000,,,baseline
compare_single_p_907_with_base_x3,compare_single_p_907_resume,base,base,FMCAD08/Int/memory2/MESI_i1_e3_2145_e7_1847.lus,Unsafe,Unsafe,0.016000,0.016000,,,baseline
compare_single_p_907_with_base_x3,compare_single_p_907_resume,base,base,FMCAD08/Int/memory2/SYNAPSE_123_e8_953_e8_941.lus,Safe,Safe,0.060000,0.060000,,,baseline
compare_single_p_907_with_base_x3,compare_single_p_907_resume,base,base,FMCAD08/Int/memory2/SYNAPSE_5_e1_811_e2_1026.lus,Unsafe,Unsafe,0.028000,0.028000,,,baseline
compare_single_p_907_with_base_x3,compare_single_p_907_resume,base,base,FMCAD08/Int/memory2/ILLINOIS_2_e2_876.lus,Unsafe,Unsafe,0.018000,0.018000,,,baseline
compare_single_p_907_with_base_x3,compare_single_p_907_resume,base,base,FMCAD08/Int/memory2/ILLINOIS_2_e1_834_e1_1895.lus,Unsafe,Unsafe,0.018000,0.018000,,,baseline
compare_single_p_907_with_base_x3,compare_single_p_907_resume,base,base,FMCAD08/Int/memory2/MESI_i3_e1_447.lus,Unsafe,Unsafe,0.069000,0.069000,,,baseline
compare_single_p_907_with_base_x3,compare_single_p_907_resume,base,base,FMCAD08/Int/memory2/MESI_3_e2_819_e1_1145.lus,Safe,Safe,0.576000,0.576000,,,baseline
compare_single_p_907_with_base_x3,compare_single_p_907_resume,base,base,FMCAD08/Int/memory2/MESI_3.lus,Safe,Safe,0.591000,0.591000,,,baseline
compare_single_p_907_with_base_x3,compare_single_p_907_resume,base,base,FMCAD08/Int/memory2/MESI_i1_e3_2145_e1_2667.lus,Unsafe,Unsafe,0.014000,0.014000,,,baseline
compare_single_p_907_with_base_x3,compare_single_p_907_resume,base,base,FMCAD08/Int/memory2/ILLINOIS_a1.lus,Safe,Safe,0.560000,0.560000,,,baseline
compare_single_p_907_with_base_x3,compare_single_p_907_resume,base,base,FMCAD08/Int/memory2/MOESI_2_e8_926_e1_1065.lus,Safe,Safe,0.038000,0.038000,,,baseline
compare_single_p_907_with_base_x3,compare_single_p_907_resume,base,base,FMCAD08/Int/memory2/MESI_i4_e6_2175.lus,Safe,Safe,0.673000,0.673000,,,baseline
compare_single_p_907_with_base_x3,compare_single_p_907_resume,base,base,FMCAD08/Int/memory2/SYNAPSE_3_e1_1416_e7_193.lus,Unsafe,Unsafe,0.014000,0.014000,,,baseline
compare_single_p_907_with_base_x3,compare_single_p_907_resume,base,base,FMCAD08/Int/memory2/SYNAPSE_all_e8_251.lus,Safe,Safe,0.107000,0.107000,,,baseline
compare_single_p_907_with_base_x3,compare_single_p_907_resume,base,base,FMCAD08/Int/memory2/MOESI_2_e1_1753.lus,Safe,Safe,0.038000,0.038000,,,baseline
compare_single_p_907_with_base_x3,compare_single_p_907_resume,base,base,FMCAD08/Int/memory2/MESI_3_e2_819_e6_1459.lus,Safe,Safe,0.817000,0.817000,,,baseline
compare_single_p_907_with_base_x3,compare_single_p_907_resume,base,base,FMCAD08/Int/memory2/MOESI_2_e8_101.lus,Safe,Safe,0.039000,0.039000,,,baseline
compare_single_p_907_with_base_x3,compare_single_p_907_resume,base,base,FMCAD08/Int/memory2/MOESI_2_e7_2910_e7_1804.lus,Unsafe,Unsafe,0.016000,0.016000,,,baseline
compare_single_p_907_with_base_x3,compare_single_p_907_resume,base,base,FMCAD08/Int/memory2/SYNAPSE_5.lus,Timeout,Timeout,,,,,baseline
compare_single_p_907_with_base_x3,compare_single_p_907_resume,base,base,FMCAD08/Int/memory2/MOESI_2_e1_1753_e3_2021.lus,Unsafe,Unsafe,0.044000,0.044000,,,baseline
compare_single_p_907_with_base_x3,compare_single_p_907_resume,base,base,FMCAD08/Int/memory2/SYNAPSE_all_e3_1864_e7_251.lus,Unsafe,Unsafe,0.044000,0.044000,,,baseline
compare_single_p_907_with_base_x3,compare_single_p_907_resume,base,base,FMCAD08/Int/memory2/SYNAPSE_6_e8_1147_e2_1326.lus,Safe,Safe,0.063000,0.063000,,,baseline
compare_single_p_907_with_base_x3,compare_single_p_907_resume,base,base,FMCAD08/Int/memory2/ILLINOIS_3_e3_2581_e1_1130.lus,Unsafe,Unsafe,0.016000,0.016000,,,baseline
compare_single_p_907_with_base_x3,compare_single_p_907_resume,base,base,FMCAD08/Int/memory2/SYNAPSE_6_e3_1666_e5_1558.lus,Safe,Safe,0.107000,0.107000,,,baseline
compare_single_p_907_with_base_x3,compare_single_p_907_resume,base,base,FMCAD08/Int/memory2/ILLINOIS_2_e2_2367_e2_1561.lus,Unsafe,Unsafe,0.018000,0.018000,,,baseline
compare_single_p_907_with_base_x3,compare_single_p_907_resume,base,base,FMCAD08/Int/memory2/MOESI_all.lus,Safe,Safe,0.068000,0.068000,,,baseline
compare_single_p_907_with_base_x3,compare_single_p_907_resume,base,base,FMCAD08/Int/memory2/SYNAPSE_all_e8_251_e1_1852.lus,Unsafe,Unsafe,0.014000,0.014000,,,baseline
compare_single_p_907_with_base_x3,compare_single_p_907_resume,base,base,FMCAD08/Int/memory2/ILLINOIS_3_e3_2581_e3_979.lus,Unsafe,Unsafe,0.019000,0.019000,,,baseline
compare_single_p_907_with_base_x3,compare_single_p_907_resume,base,base,FMCAD08/Int/memory2/SYNAPSE_3_e1_1416_e3_1191.lus,Unsafe,Unsafe,0.014000,0.014000,,,baseline
compare_single_p_907_with_base_x3,compare_single_p_907_resume,base,base,FMCAD08/Int/memory2/SYNAPSE_all_e3_1750.lus,Unsafe,Unsafe,0.060000,0.060000,,,baseline
compare_single_p_907_with_base_x3,compare_single_p_907_resume,base,base,FMCAD08/Int/memory2/SYNAPSE_3_e8_1329_e8_320.lus,Safe,Safe,0.034000,0.034000,,,baseline
compare_single_p_907_with_base_x3,compare_single_p_907_resume,base,base,FMCAD08/Int/memory2/MOESI_all_e3_2032_e3_2788.lus,Unsafe,Unsafe,0.033000,0.033000,,,baseline
compare_single_p_907_with_base_x3,compare_single_p_907_resume,base,base,FMCAD08/Int/memory2/ILLINOIS_all.lus,Safe,Safe,0.120000,0.120000,,,baseline
compare_single_p_907_with_base_x3,compare_single_p_907_resume,base,base,FMCAD08/Int/memory2/MESI_i1_e2_1758_e8_12.lus,Unsafe,Unsafe,0.014000,0.014000,,,baseline
compare_single_p_907_with_base_x3,compare_single_p_907_resume,base,base,FMCAD08/Int/memory2/MESI_i4_e4_1689.lus,Unsafe,Unsafe,0.102000,0.102000,,,baseline
compare_single_p_907_with_base_x3,compare_single_p_907_resume,base,base,FMCAD08/Int/memory2/SYNAPSE_123_e8_953_e7_1465.lus,Safe,Safe,0.057000,0.057000,,,baseline
compare_single_p_907_with_base_x3,compare_single_p_907_resume,base,base,FMCAD08/Int/memory2/MESI_4.lus,Safe,Safe,0.088000,0.088000,,,baseline
compare_single_p_907_with_base_x3,compare_single_p_907_resume,base,base,FMCAD08/Int/memory2/SYNAPSE_2_e1_1239_e1_1331.lus,Unsafe,Unsafe,0.013000,0.013000,,,baseline
compare_single_p_907_with_base_x3,compare_single_p_907_resume,base,base,FMCAD08/Int/memory2/MOESI_2_e1_1753_e2_615.lus,Unsafe,Unsafe,0.015000,0.015000,,,baseline
compare_single_p_907_with_base_x3,compare_single_p_907_resume,base,base,FMCAD08/Int/memory2/MESI_2.lus,Safe,Safe,0.034000,0.034000,,,baseline
compare_single_p_907_with_base_x3,compare_single_p_907_resume,base,base,FMCAD08/Int/memory2/SYNAPSE_3_e8_1329_e1_1270.lus,Unsafe,Unsafe,0.014000,0.014000,,,baseline
compare_single_p_907_with_base_x3,compare_single_p_907_resume,base,base,FMCAD08/Int/memory2/MOESI_2_e2_1599_e3_1658.lus,Unsafe,Unsafe,0.043000,0.043000,,,baseline
compare_single_p_907_with_base_x3,compare_single_p_907_resume,base,base,FMCAD08/Int/memory2/SYNAPSE_123_e7_837_e3_135.lus,Unsafe,Unsafe,0.049000,0.049000,,,baseline
compare_single_p_907_with_base_x3,compare_single_p_907_resume,base,base,FMCAD08/Int/memory2/SYNAPSE_3_e7_1444_e7_638.lus,Safe,Safe,0.031000,0.031000,,,baseline
compare_single_p_907_with_base_x3,compare_single_p_907_resume,base,base,FMCAD08/Int/memory2/SYNAPSE_123_e3_302.lus,Unsafe,Unsafe,0.060000,0.060000,,,baseline
compare_single_p_907_with_base_x3,compare_single_p_907_resume,base,base,FMCAD08/Int/memory2/SYNAPSE_6.lus,Safe,Safe,0.058000,0.058000,,,baseline
compare_single_p_907_with_base_x3,compare_single_p_907_resume,base,base,FMCAD08/Int/memory2/ILLINOIS_3_e3_2581_e5_4006.lus,Unsafe,Unsafe,0.017000,0.017000,,,baseline
compare_single_p_907_with_base_x3,compare_single_p_907_resume,base,base,FMCAD08/Int/memory2/ILLINOIS_2_e2_2367_e1_3182.lus,Safe,Safe,0.047000,0.047000,,,baseline
compare_single_p_907_with_base_x3,compare_single_p_907_resume,base,base,FMCAD08/Int/memory2/MESI_i3_e1_447_e5_2444.lus,Unsafe,Unsafe,0.013000,0.013000,,,baseline
compare_single_p_907_with_base_x3,compare_single_p_907_resume,base,base,FMCAD08/Int/memory2/MOESI_2_e2_155.lus,Safe,Safe,0.039000,0.039000,,,baseline
compare_single_p_907_with_base_x3,compare_single_p_907_resume,base,base,FMCAD08/Int/memory2/SYNAPSE_4_e8_420_e7_572.lus,Safe,Safe,0.033000,0.033000,,,baseline
compare_single_p_907_with_base_x3,compare_single_p_907_resume,base,base,FMCAD08/Int/memory2/ILLINOIS_1.lus,Safe,Safe,0.050000,0.050000,,,baseline
compare_single_p_907_with_base_x3,compare_single_p_907_resume,base,base,FMCAD08/Int/memory2/MESI_1.lus,Safe,Safe,0.049000,0.049000,,,baseline
compare_single_p_907_with_base_x3,compare_single_p_907_resume,base,base,FMCAD08/Int/memory2/SYNAPSE_2_e8_1118_e7_1043.lus,Safe,Safe,0.045000,0.045000,,,baseline
compare_single_p_907_with_base_x3,compare_single_p_907_resume,base,base,FMCAD08/Int/memory2/MESI_i4.lus,Unsafe,Unsafe,0.097000,0.097000,,,baseline
compare_single_p_907_with_base_x3,compare_single_p_907_resume,base,base,FMCAD08/Int/memory2/MOESI_1.lus,Safe,Safe,0.038000,0.038000,,,baseline
compare_single_p_907_with_base_x3,compare_single_p_907_resume,base,base,FMCAD08/Int/memory2/MESI_3_e2_819_e3_2698.lus,Unsafe,Unsafe,0.027000,0.027000,,,baseline
compare_single_p_907_with_base_x3,compare_single_p_907_resume,base,base,FMCAD08/Int/memory2/SYNAPSE_3_e8_1708.lus,Safe,Safe,0.036000,0.036000,,,baseline
compare_single_p_907_with_base_x3,compare_single_p_907_resume,base,base,FMCAD08/Int/memory2/SYNAPSE_all_e8_251_e2_1053.lus,Unsafe,Unsafe,0.014000,0.014000,,,baseline
compare_single_p_907_with_base_x3,compare_single_p_907_resume,base,base,FMCAD08/Int/memory2/SYNAPSE_3_e8_1329_e7_1062.lus,Safe,Safe,0.031000,0.031000,,,baseline
compare_single_p_907_with_base_x3,compare_single_p_907_resume,base,base,FMCAD08/Int/memory2/SYNAPSE_2_e1_1239_e2_74.lus,Unsafe,Unsafe,0.014000,0.014000,,,baseline
compare_single_p_907_with_base_x3,compare_single_p_907_resume,base,base,FMCAD08/Int/memory2/SYNAPSE_123_e8_953_e2_458.lus,Unsafe,Unsafe,0.013000,0.013000,,,baseline
compare_single_p_907_with_base_x3,compare_single_p_907_resume,base,base,FMCAD08/Int/memory2/SYNAPSE_123.lus,Safe,Safe,0.062000,0.062000,,,baseline
compare_single_p_907_with_base_x3,compare_single_p_907_resume,base,base,FMCAD08/Int/memory2/SYNAPSE_4_e8_420_e8_1525.lus,Safe,Safe,0.050000,0.050000,,,baseline
compare_single_p_907_with_base_x3,compare_single_p_907_resume,base,base,FMCAD08/Int/memory2/SYNAPSE_2_e3_216.lus,Unsafe,Unsafe,0.034000,0.034000,,,baseline
compare_single_p_907_with_base_x3,compare_single_p_907_resume,base,base,FMCAD08/Int/memory2/MESI_3_e2_819_e8_1896.lus,Unsafe,Unsafe,0.023000,0.023000,,,baseline
compare_single_p_907_with_base_x3,compare_single_p_907_resume,base,base,FMCAD08/Int/memory2/SYNAPSE_3_e3_1041.lus,Unsafe,Unsafe,0.038000,0.038000,,,baseline
compare_single_p_907_with_base_x3,compare_single_p_907_resume,base,base,FMCAD08/Int/memory2/SYNAPSE_3_e8_1329_e2_236.lus,Unsafe,Unsafe,0.014000,0.014000,,,baseline
compare_single_p_907_with_base_x3,compare_single_p_907_resume,base,base,FMCAD08/Int/memory2/MOESI_2_e2_1599_e8_1334.lus,Safe,Safe,0.037000,0.037000,,,baseline
compare_single_p_907_with_base_x3,compare_single_p_907_resume,base,base,FMCAD08/Int/memory2/MESI_i1.lus,Unsafe,Unsafe,0.014000,0.014000,,,baseline
compare_single_p_907_with_base_x3,compare_single_p_907_resume,base,base,FMCAD08/Int/memory2/ILLINOIS_3_e3_2581_e7_3447.lus,Unsafe,Unsafe,0.020000,0.020000,,,baseline
compare_single_p_907_with_base_x3,compare_single_p_907_resume,base,base,FMCAD08/Int/memory2/MESI_i3_e1_447_e3_1180.lus,Safe,Safe,0.047000,0.047000,,,baseline
compare_single_p_907_with_base_x3,compare_single_p_907_resume,base,base,FMCAD08/Int/memory2/MESI_i3_e1_447_e1_1292.lus,Safe,Safe,0.154000,0.154000,,,baseline
compare_single_p_907_with_base_x3,compare_single_p_907_resume,base,base,FMCAD08/Int/memory2/MESI_i3.lus,Unsafe,Unsafe,0.035000,0.035000,,,baseline
compare_single_p_907_with_base_x3,compare_single_p_907_resume,base,base,FMCAD08/Int/memory2/SYNAPSE_3_e1_1416_e1_1675.lus,Unsafe,Unsafe,0.014000,0.014000,,,baseline
compare_single_p_907_with_base_x3,compare_single_p_907_resume,base,base,FMCAD08/Int/memory2/SYNAPSE_3.lus,Safe,Safe,0.036000,0.036000,,,baseline
compare_single_p_907_with_base_x3,compare_single_p_907_resume,base,base,FMCAD08/Int/memory2/MESI_i4_e7_1017_e6_1132.lus,Safe,Safe,1.007000,1.007000,,,baseline
compare_single_p_907_with_base_x3,compare_single_p_907_resume,base,base,FMCAD08/Int/memory2/SYNAPSE_123_e7_837_e7_1262.lus,Safe,Safe,0.057000,0.057000,,,baseline
compare_single_p_907_with_base_x3,compare_single_p_907_resume,base,base,FMCAD08/Int/memory2/SYNAPSE_123_e8_953.lus,Safe,Safe,0.061000,0.061000,,,baseline
compare_single_p_907_with_base_x3,compare_single_p_907_resume,base,base,FMCAD08/Int/memory2/SYNAPSE_6_e7_938_e2_1012.lus,Safe,Safe,0.053000,0.053000,,,baseline
compare_single_p_907_with_base_x3,compare_single_p_907_resume,base,base,FMCAD08/Int/memory2/SYNAPSE_all_e3_1864_e3_495.lus,Unsafe,Unsafe,0.082000,0.082000,,,baseline
compare_single_p_907_with_base_x3,compare_single_p_907_resume,base,base,FMCAD08/Int/memory2/MESI_i3_e1_447_e7_2194.lus,Unsafe,Unsafe,0.210000,0.210000,,,baseline
compare_single_p_907_with_base_x3,compare_single_p_907_resume,base,base,FMCAD08/Int/memory2/MESI_i1_e4_1986.lus,Unsafe,Unsafe,0.013000,0.013000,,,baseline
compare_single_p_907_with_base_x3,compare_single_p_907_resume,base,base,FMCAD08/Int/memory2/SYNAPSE_2_e8_1118_e3_1216.lus,Unsafe,Unsafe,0.034000,0.034000,,,baseline
compare_single_p_907_with_base_x3,compare_single_p_907_resume,base,base,FMCAD08/Int/memory2/MOESI_1_e3_1884_e7_1875.lus,Safe,Safe,0.055000,0.055000,,,baseline
compare_single_p_907_with_base_x3,compare_single_p_907_resume,base,base,FMCAD08/Int/memory2/SYNAPSE_1.lus,Safe,Safe,0.033000,0.033000,,,baseline
compare_single_p_907_with_base_x3,compare_single_p_907_resume,base,base,FMCAD08/Int/memory2/MESI_3_e2_819.lus,Unsafe,Unsafe,0.019000,0.019000,,,baseline
compare_single_p_907_with_base_x3,compare_single_p_907_resume,base,base,FMCAD08/Int/memory2/MOESI_2_e2_1599_e2_1815.lus,Unsafe,Unsafe,0.015000,0.015000,,,baseline
compare_single_p_907_with_base_x3,compare_single_p_907_resume,base,base,FMCAD08/Int/memory2/MESI_i3_e1_447_e6_2281.lus,Safe,Safe,0.168000,0.168000,,,baseline
compare_single_p_907_with_base_x3,compare_single_p_907_resume,base,base,FMCAD08/Int/memory2/MESI_3_e2_819_e4_1595.lus,Safe,Safe,0.567000,0.567000,,,baseline
compare_single_p_907_with_base_x3,compare_single_p_907_resume,base,base,FMCAD08/Int/memory2/SYNAPSE_all_e7_907_e7_1363.lus,Safe,Safe,0.060000,0.060000,,,baseline
compare_single_p_907_with_base_x3,compare_single_p_907_resume,base,base,FMCAD08/Int/memory2/MOESI_2_e2_1599_e1_2383.lus,Unsafe,Unsafe,0.015000,0.015000,,,baseline
compare_single_p_907_with_base_x3,compare_single_p_907_resume,base,base,FMCAD08/Int/memory2/SYNAPSE_all_e3_1864_e5_1637.lus,Unsafe,Unsafe,0.014000,0.014000,,,baseline
compare_single_p_907_with_base_x3,compare_single_p_907_resume,base,base,FMCAD08/Int/memory2/SYNAPSE_123_e2_1653.lus,Unsafe,Unsafe,0.022000,0.022000,,,baseline
compare_single_p_907_with_base_x3,compare_single_p_907_resume,base,base,FMCAD08/Int/memory2/ILLINOIS_3.lus,Safe,Safe,0.059000,0.059000,,,baseline
compare_single_p_907_with_base_x3,compare_single_p_907_resume,base,base,FMCAD08/Int/memory2/MOESI_2_e3_929_e1_2319.lus,Unsafe,Unsafe,0.014000,0.014000,,,baseline
compare_single_p_907_with_base_x3,compare_single_p_907_resume,base,base,FMCAD08/Int/memory2/MESI_3_e2_819_e2_562.lus,Unsafe,Unsafe,0.041000,0.041000,,,baseline
compare_single_p_907_with_base_x3,compare_single_p_907_resume,base,base,FMCAD08/Int/memory2/SYNAPSE_all_e3_1864_e4_34.lus,Unsafe,Unsafe,0.014000,0.014000,,,baseline
compare_single_p_907_with_base_x3,compare_single_p_907_resume,base,base,FMCAD08/Int/large/microwave37.lus,Unsafe,Unsafe,8.550000,8.550000,,,baseline
compare_single_p_907_with_base_x3,compare_single_p_907_resume,base,base,FMCAD08/Int/large/steam_boiler_no_arr2.lus,Safe,Safe,0.111000,0.111000,,,baseline
compare_single_p_907_with_base_x3,compare_single_p_907_resume,base,base,FMCAD08/Int/large/microwave03.lus,Safe,Safe,0.048000,0.048000,,,baseline
compare_single_p_907_with_base_x3,compare_single_p_907_resume,base,base,FMCAD08/Int/large/microwave01.lus,Safe,Safe,0.538000,0.538000,,,baseline
compare_single_p_907_with_base_x3,compare_single_p_907_resume,base,base,FMCAD08/Int/large/microwave13.lus,Timeout,Timeout,,,,,baseline
compare_single_p_907_with_base_x3,compare_single_p_907_resume,base,base,FMCAD08/Int/large/microwave12.lus,Unsafe,Unsafe,0.439000,0.439000,,,baseline
compare_single_p_907_with_base_x3,compare_single_p_907_resume,base,base,FMCAD08/Int/large/microwave31.lus,Unsafe,Unsafe,12.020000,12.020000,,,baseline
compare_single_p_907_with_base_x3,compare_single_p_907_resume,base,base,FMCAD08/Int/large/microwave26.lus,Timeout,Timeout,,,,,baseline
compare_single_p_907_with_base_x3,compare_single_p_907_resume,base,base,FMCAD08/Int/large/microwave14.lus,Unsafe,Unsafe,1.361000,1.361000,,,baseline
compare_single_p_907_with_base_x3,compare_single_p_907_resume,base,base,FMCAD08/Int/large/microwave32.lus,Unsafe,Unsafe,6.142000,6.142000,,,baseline
compare_single_p_907_with_base_x3,compare_single_p_907_resume,base,base,FMCAD08/Int/large/microwave27.lus,Timeout,Timeout,,,,,baseline
compare_single_p_907_with_base_x3,compare_single_p_907_resume,base,base,FMCAD08/Int/large/microwave16.lus,Safe,Safe,0.064000,0.064000,,,baseline
compare_single_p_907_with_base_x3,compare_single_p_907_resume,base,base,FMCAD08/Int/large/microwave40.lus,Unsafe,Unsafe,0.054000,0.054000,,,baseline
compare_single_p_907_with_base_x3,compare_single_p_907_resume,base,base,FMCAD08/Int/large/steam_boiler_no_arr2_e1_17214_e5_18600.lus,Safe,Safe,0.111000,0.111000,,,baseline
compare_single_p_907_with_base_x3,compare_single_p_907_resume,base,base,FMCAD08/Int/large/microwave28.lus,Unsafe,Unsafe,0.816000,0.816000,,,baseline
compare_single_p_907_with_base_x3,compare_single_p_907_resume,base,base,FMCAD08/Int/large/microwave07.lus,Timeout,Timeout,,,,,baseline
compare_single_p_907_with_base_x3,compare_single_p_907_resume,base,base,FMCAD08/Int/large/microwave29.lus,Safe,Safe,20.911000,20.911000,,,baseline
compare_single_p_907_with_base_x3,compare_single_p_907_resume,base,base,FMCAD08/Int/large/microwave25.lus,Unsafe,Unsafe,0.052000,0.052000,,,baseline
compare_single_p_907_with_base_x3,compare_single_p_907_resume,base,base,FMCAD08/Int/large/microwave22.lus,Timeout,Timeout,,,,,baseline
compare_single_p_907_with_base_x3,compare_single_p_907_resume,base,base,FMCAD08/Int/large/microwave11.lus,Timeout,Timeout,,,,,baseline
compare_single_p_907_with_base_x3,compare_single_p_907_resume,base,base,FMCAD08/Int/large/microwave06.lus,Timeout,Timeout,,,,,baseline
compare_single_p_907_with_base_x3,compare_single_p_907_resume,base,base,FMCAD08/Int/large/microwave15.lus,Safe,Safe,0.048000,0.048000,,,baseline
compare_single_p_907_with_base_x3,compare_single_p_907_resume,base,base,FMCAD08/Int/large/microwave20.lus,Unsafe,Unsafe,0.053000,0.053000,,,baseline
compare_single_p_907_with_base_x3,compare_single_p_907_resume,base,base,FMCAD08/Int/large/microwave19.lus,Safe,Safe,1.840000,1.840000,,,baseline
compare_single_p_907_with_base_x3,compare_single_p_907_resume,base,base,FMCAD08/Int/large/steam_boiler_no_arr2_e3_514_e4_11150.lus,Safe,Safe,0.112000,0.112000,,,baseline
compare_single_p_907_with_base_x3,compare_single_p_907_resume,base,base,FMCAD08/Int/large/microwave02.lus,Safe,Safe,0.046000,0.046000,,,baseline
compare_single_p_907_with_base_x3,compare_single_p_907_resume,base,base,FMCAD08/Int/large/microwave17.lus,Safe,Safe,2.447000,2.447000,,,baseline
compare_single_p_907_with_base_x3,compare_single_p_907_resume,base,base,FMCAD08/Int/large/microwave33.lus,Unsafe,Unsafe,10.318000,10.318000,,,baseline
compare_single_p_907_with_base_x3,compare_single_p_907_resume,base,base,FMCAD08/Int/large/microwave30.lus,Timeout,Timeout,49.496000,49.496000,,,baseline
compare_single_p_907_with_base_x3,compare_single_p_907_resume,base,base,FMCAD08/Int/large/microwave35.lus,Unsafe,Unsafe,29.069000,29.069000,,,baseline
compare_single_p_907_with_base_x3,compare_single_p_907_resume,base,base,FMCAD08/Int/large/steam_boiler_no_arr1.lus,Safe,Safe,0.271000,0.271000,,,baseline
compare_single_p_907_with_base_x3,compare_single_p_907_resume,base,base,FMCAD08/Int/large/microwave24.lus,Safe,Safe,5.325000,5.325000,,,baseline
compare_single_p_907_with_base_x3,compare_single_p_907_resume,base,base,FMCAD08/Int/large/microwave09.lus,Timeout,Timeout,,,,,baseline
compare_single_p_907_with_base_x3,compare_single_p_907_resume,base,base,FMCAD08/Int/large/microwave05.lus,Timeout,Timeout,302.280000,302.280000,,,baseline
compare_single_p_907_with_base_x3,compare_single_p_907_resume,base,base,FMCAD08/Int/large/microwave39.lus,Unsafe,Unsafe,78.798000,78.798000,,,baseline
compare_single_p_907_with_base_x3,compare_single_p_907_resume,base,base,FMCAD08/Int/large/steam_boiler_no_arr2_e7_12307.lus,Safe,Safe,0.113000,0.113000,,,baseline
compare_single_p_907_with_base_x3,compare_single_p_907_resume,base,base,FMCAD08/Int/large/microwave36.lus,Unsafe,Unsafe,4.536000,4.536000,,,baseline
compare_single_p_907_with_base_x3,compare_single_p_907_resume,base,base,FMCAD08/Int/large/microwave38.lus,Unsafe,Unsafe,12.187000,12.187000,,,baseline
compare_single_p_907_with_base_x3,compare_single_p_907_resume,base,base,FMCAD08/Int/large/microwave23.lus,Unsafe,Unsafe,0.839000,0.839000,,,baseline
compare_single_p_907_with_base_x3,compare_single_p_907_resume,base,base,FMCAD08/Int/large/microwave04.lus,Safe,Safe,0.082000,0.082000,,,baseline
compare_single_p_907_with_base_x3,compare_single_p_907_resume,base,base,FMCAD08/Int/large/microwave18.lus,Unsafe,Unsafe,0.795000,0.795000,,,baseline
compare_single_p_907_with_base_x3,compare_single_p_907_resume,base,base,FMCAD08/Int/large/steam_boiler_no_arr2_e6_3003_e4_15091.lus,Safe,Safe,0.110000,0.110000,,,baseline
compare_single_p_907_with_base_x3,compare_single_p_907_resume,base,base,FMCAD08/Int/large/steam_boiler_no_arr2_e8_21449_e5_18210.lus,Safe,Safe,0.219000,0.219000,,,baseline
compare_single_p_907_with_base_x3,compare_single_p_907_resume,base,base,FMCAD08/Int/large/microwave21.lus,Timeout,Timeout,,,,,baseline
compare_single_p_907_with_base_x3,compare_single_p_907_resume,base,base,FMCAD08/Int/large/steam_boiler_no_arr1_e4_23904_e4_2384.lus,Safe,Safe,0.333000,0.333000,,,baseline
compare_single_p_907_with_base_x3,compare_single_p_907_resume,base,base,FMCAD08/Int/large/microwave10.lus,Timeout,Timeout,,,,,baseline
compare_single_p_907_with_base_x3,compare_single_p_907_resume,base,base,FMCAD08/Int/large/microwave34.lus,Timeout,Timeout,302.270000,302.270000,,,baseline
compare_single_p_907_with_base_x3,compare_single_p_907_resume,base,base,FMCAD08/Int/large/microwave08.lus,Timeout,Timeout,,,,,baseline
compare_single_p_907_with_base_x3,compare_single_p_907_resume,base,base,FMCAD08/Real_Int/large/ccp21.lus,Unsafe,Unsafe,59.469000,59.469000,,,baseline
compare_single_p_907_with_base_x3,compare_single_p_907_resume,base,base,FMCAD08/Real_Int/large/ccp16.lus,Safe,Safe,0.021000,0.021000,,,baseline
compare_single_p_907_with_base_x3,compare_single_p_907_resume,base,base,FMCAD08/Real_Int/large/cruise_controller_14.lus,Safe,Safe,0.752000,0.752000,,,baseline
compare_single_p_907_with_base_x3,compare_single_p_907_resume,base,base,FMCAD08/Real_Int/large/cruise_controller_20.lus,Timeout,Timeout,2.012000,2.012000,,,baseline
compare_single_p_907_with_base_x3,compare_single_p_907_resume,base,base,FMCAD08/Real_Int/large/ccp08.lus,Safe,Safe,2.565000,2.565000,,,baseline
compare_single_p_907_with_base_x3,compare_single_p_907_resume,base,base,FMCAD08/Real_Int/large/cruise_controller_05.lus,Safe,Safe,0.049000,0.049000,,,baseline
compare_single_p_907_with_base_x3,compare_single_p_907_resume,base,base,FMCAD08/Real_Int/large/cruise_controller_19.lus,Safe,Safe,9.553000,9.553000,,,baseline
compare_single_p_907_with_base_x3,compare_single_p_907_resume,base,base,FMCAD08/Real_Int/large/ccp10.lus,Unsafe,Unsafe,9.198000,9.198000,,,baseline
compare_single_p_907_with_base_x3,compare_single_p_907_resume,base,base,FMCAD08/Real_Int/large/cruise_controller_18.lus,Safe,Safe,8.134000,8.134000,,,baseline
compare_single_p_907_with_base_x3,compare_single_p_907_resume,base,base,FMCAD08/Real_Int/large/cruise_controller_08.lus,Timeout,Timeout,,,,,baseline
compare_single_p_907_with_base_x3,compare_single_p_907_resume,base,base,FMCAD08/Real_Int/large/ccp02.lus,Safe,Safe,7.173000,7.173000,,,baseline
compare_single_p_907_with_base_x3,compare_single_p_907_resume,base,base,FMCAD08/Real_Int/large/cruise_controller_06.lus,Safe,Safe,0.055000,0.055000,,,baseline
compare_single_p_907_with_base_x3,compare_single_p_907_resume,base,base,FMCAD08/Real_Int/large/ccp12.lus,Unsafe,Unsafe,72.240000,72.240000,,,baseline
compare_single_p_907_with_base_x3,compare_single_p_907_resume,base,base,FMCAD08/Real_Int/large/cruise_controller_03.lus,Safe,Safe,1.560000,1.560000,,,baseline
compare_single_p_907_with_base_x3,compare_single_p_907_resume,base,base,FMCAD08/Real_Int/large/cruise_controller_23.lus,Timeout,Timeout,,,,,baseline
compare_single_p_907_with_base_x3,compare_single_p_907_resume,base,base,FMCAD08/Real_Int/large/ccp18.lus,Safe,Safe,6.032000,6.032000,,,baseline
compare_single_p_907_with_base_x3,compare_single_p_907_resume,base,base,FMCAD08/Real_Int/large/ccp04.lus,Safe,Safe,1.315000,1.315000,,,baseline
compare_single_p_907_with_base_x3,compare_single_p_907_resume,base,base,FMCAD08/Real_Int/large/cruise_controller_07.lus,Safe,Safe,0.054000,0.054000,,,baseline
compare_single_p_907_with_base_x3,compare_single_p_907_resume,base,base,FMCAD08/Real_Int/large/cruise_controller_17.lus,Unsafe,Unsafe,22.609000,22.609000,,,baseline
compare_single_p_907_with_base_x3,compare_single_p_907_resume,base,base,FMCAD08/Real_Int/large/ccp19.lus,Safe,Safe,0.044000,0.044000,,,baseline
compare_single_p_907_with_base_x3,compare_single_p_907_resume,base,base,FMCAD08/Real_Int/large/cruise_controller_09.lus,Unsafe,Unsafe,7.138000,7.138000,,,baseline
compare_single_p_907_with_base_x3,compare_single_p_907_resume,base,base,FMCAD08/Real_Int/large/ccp23.lus,Timeout,Timeout,117.957000,117.957000,,,baseline
compare_single_p_907_with_base_x3,compare_single_p_907_resume,base,base,FMCAD08/Real_Int/large/cruise_controller_21.lus,Unsafe,Unsafe,0.054000,0.054000,,,baseline
compare_single_p_907_with_base_x3,compare_single_p_907_resume,base,base,FMCAD08/Real_Int/large/ccp17.lus,Safe,Safe,18.113000,18.113000,,,baseline
compare_single_p_907_with_base_x3,compare_single_p_907_resume,base,base,FMCAD08/Real_Int/large/ccp01.lus,Safe,Safe,8.241000,8.241000,,,baseline
compare_single_p_907_with_base_x3,compare_single_p_907_resume,base,base,FMCAD08/Real_Int/large/ccp05.lus,Safe,Safe,0.036000,0.036000,,,baseline
compare_single_p_907_with_base_x3,compare_single_p_907_resume,base,base,FMCAD08/Real_Int/large/ccp14.lus,Unsafe,Unsafe,62.199000,62.199000,,,baseline
compare_single_p_907_with_base_x3,compare_single_p_907_resume,base,base,FMCAD08/Real_Int/large/cruise_controller_24.lus,Safe,Safe,1.111000,1.111000,,,baseline
compare_single_p_907_with_base_x3,compare_single_p_907_resume,base,base,FMCAD08/Real_Int/large/ccp20.lus,Safe,Safe,14.313000,14.313000,,,baseline
compare_single_p_907_with_base_x3,compare_single_p_907_resume,base,base,FMCAD08/Real_Int/large/cruise_controller_02.lus,Safe,Safe,1.654000,1.654000,,,baseline
compare_single_p_907_with_base_x3,compare_single_p_907_resume,base,base,FMCAD08/Real_Int/large/ccp07.lus,Safe,Safe,0.048000,0.048000,,,baseline
compare_single_p_907_with_base_x3,compare_single_p_907_resume,base,base,FMCAD08/Real_Int/large/ccp22.lus,Timeout,Timeout,,,,,baseline
compare_single_p_907_with_base_x3,compare_single_p_907_resume,base,base,FMCAD08/Real_Int/large/ccp11.lus,Timeout,Timeout,,,,,baseline
compare_single_p_907_with_base_x3,compare_single_p_907_resume,base,base,FMCAD08/Real_Int/large/cruise_controller_15.lus,Unsafe,Unsafe,13.593000,13.593000,,,baseline
compare_single_p_907_with_base_x3,compare_single_p_907_resume,base,base,FMCAD08/Real_Int/large/ccp13.lus,Timeout,Timeout,,,,,baseline
compare_single_p_907_with_base_x3,compare_single_p_907_resume,base,base,FMCAD08/Real_Int/large/ccp09.lus,Safe,Safe,0.045000,0.045000,,,baseline
compare_single_p_907_with_base_x3,compare_single_p_907_resume,base,base,FMCAD08/Real_Int/large/cruise_controller_04.lus,Safe,Safe,0.380000,0.380000,,,baseline
compare_single_p_907_with_base_x3,compare_single_p_907_resume,base,base,FMCAD08/Real_Int/large/ccp03.lus,Safe,Safe,6.643000,6.643000,,,baseline
compare_single_p_907_with_base_x3,compare_single_p_907_resume,base,base,FMCAD08/Real_Int/large/cruise_controller_11.lus,Safe,Safe,0.057000,0.057000,,,baseline
compare_single_p_907_with_base_x3,compare_single_p_907_resume,base,base,FMCAD08/Real_Int/large/cruise_controller_13.lus,Safe,Safe,0.054000,0.054000,,,baseline
compare_single_p_907_with_base_x3,compare_single_p_907_resume,base,base,FMCAD08/Real_Int/large/ccp06.lus,Safe,Safe,0.044000,0.044000,,,baseline
compare_single_p_907_with_base_x3,compare_single_p_907_resume,base,base,FMCAD08/Real_Int/large/cruise_controller_10.lus,Safe,Safe,12.152000,12.152000,,,baseline
compare_single_p_907_with_base_x3,compare_single_p_907_resume,base,base,FMCAD08/Real_Int/large/ccp15.lus,Safe,Safe,0.048000,0.048000,,,baseline
compare_single_p_907_with_base_x3,compare_single_p_907_resume,base,base,FMCAD08/Real_Int/large/ccp24.lus,Timeout,Timeout,,,,,baseline
compare_single_p_907_with_base_x3,compare_single_p_907_resume,base,base,FMCAD08/Real_Int/large/cruise_controller_16.lus,Timeout,Timeout,77.320000,77.320000,,,baseline
compare_single_p_907_with_base_x3,compare_single_p_907_resume,base,base,FMCAD08/Real_Int/large/cruise_controller_12.lus,Safe,Safe,0.667000,0.667000,,,baseline
compare_single_p_907_with_base_x3,compare_single_p_907_resume,base,base,FMCAD08/Real_Int/large/cruise_controller_22.lus,Unsafe,Unsafe,22.428000,22.428000,,,baseline
compare_single_p_907_with_base_x3,compare_single_p_907_resume,base,base,FMCAD08/Real_Int/large/cruise_controller_01.lus,Safe,Safe,3.722000,3.722000,,,baseline
compare_single_p_907_with_base_x3,compare_single_p_907_resume,base,base,FMCAD08/Real_Int32/large/ccp21.lus,Unsafe,Unsafe,103.698000,103.698000,,,baseline
compare_single_p_907_with_base_x3,compare_single_p_907_resume,base,base,FMCAD08/Real_Int32/large/ccp16.lus,Safe,Safe,0.017000,0.017000,,,baseline
compare_single_p_907_with_base_x3,compare_single_p_907_resume,base,base,FMCAD08/Real_Int32/large/cruise_controller_14.lus,Safe,Safe,0.620000,0.620000,,,baseline
compare_single_p_907_with_base_x3,compare_single_p_907_resume,base,base,FMCAD08/Real_Int32/large/cruise_controller_20.lus,Unsafe,Unsafe,32.713000,32.713000,,,baseline
compare_single_p_907_with_base_x3,compare_single_p_907_resume,base,base,FMCAD08/Real_Int32/large/ccp08.lus,Safe,Safe,3.619000,3.619000,,,baseline
compare_single_p_907_with_base_x3,compare_single_p_907_resume,base,base,FMCAD08/Real_Int32/large/cruise_controller_05.lus,Safe,Safe,0.039000,0.039000,,,baseline
compare_single_p_907_with_base_x3,compare_single_p_907_resume,base,base,FMCAD08/Real_Int32/large/cruise_controller_19.lus,Safe,Safe,17.442000,17.442000,,,baseline
compare_single_p_907_with_base_x3,compare_single_p_907_resume,base,base,FMCAD08/Real_Int32/large/ccp10.lus,Timeout,Timeout,,,,,baseline
compare_single_p_907_with_base_x3,compare_single_p_907_resume,base,base,FMCAD08/Real_Int32/large/cruise_controller_18.lus,Safe,Safe,18.325000,18.325000,,,baseline
compare_single_p_907_with_base_x3,compare_single_p_907_resume,base,base,FMCAD08/Real_Int32/large/cruise_controller_08.lus,Timeout,Timeout,,,,,baseline
compare_single_p_907_with_base_x3,compare_single_p_907_resume,base,base,FMCAD08/Real_Int32/large/ccp02.lus,Safe,Safe,17.379000,17.379000,,,baseline
compare_single_p_907_with_base_x3,compare_single_p_907_resume,base,base,FMCAD08/Real_Int32/large/cruise_controller_06.lus,Safe,Safe,0.051000,0.051000,,,baseline
compare_single_p_907_with_base_x3,compare_single_p_907_resume,base,base,FMCAD08/Real_Int32/large/ccp12.lus,Timeout,Timeout,302.270000,302.270000,,,baseline
compare_single_p_907_with_base_x3,compare_single_p_907_resume,base,base,FMCAD08/Real_Int32/large/cruise_controller_03.lus,Safe,Safe,4.319000,4.319000,,,baseline
compare_single_p_907_with_base_x3,compare_single_p_907_resume,base,base,FMCAD08/Real_Int32/large/cruise_controller_23.lus,Timeout,Timeout,,,,,baseline
compare_single_p_907_with_base_x3,compare_single_p_907_resume,base,base,FMCAD08/Real_Int32/large/ccp18.lus,Safe,Safe,10.041000,10.041000,,,baseline
compare_single_p_907_with_base_x3,compare_single_p_907_resume,base,base,FMCAD08/Real_Int32/large/ccp04.lus,Safe,Safe,1.871000,1.871000,,,baseline
compare_single_p_907_with_base_x3,compare_single_p_907_resume,base,base,FMCAD08/Real_Int32/large/cruise_controller_07.lus,Safe,Safe,0.048000,0.048000,,,baseline
compare_single_p_907_with_base_x3,compare_single_p_907_resume,base,base,FMCAD08/Real_Int32/large/cruise_controller_17.lus,Unsafe,Unsafe,34.562000,34.562000,,,baseline
compare_single_p_907_with_base_x3,compare_single_p_907_resume,base,base,FMCAD08/Real_Int32/large/ccp19.lus,Safe,Safe,0.054000,0.054000,,,baseline
compare_single_p_907_with_base_x3,compare_single_p_907_resume,base,base,FMCAD08/Real_Int32/large/cruise_controller_09.lus,Timeout,Timeout,,,,,baseline
compare_single_p_907_with_base_x3,compare_single_p_907_resume,base,base,FMCAD08/Real_Int32/large/ccp23.lus,Timeout,Timeout,142.827000,142.827000,,,baseline
compare_single_p_907_with_base_x3,compare_single_p_907_resume,base,base,FMCAD08/Real_Int32/large/cruise_controller_21.lus,Unsafe,Unsafe,0.028000,0.028000,,,baseline
compare_single_p_907_with_base_x3,compare_single_p_907_resume,base,base,FMCAD08/Real_Int32/large/ccp17.lus,Safe,Safe,9.062000,9.062000,,,baseline
compare_single_p_907_with_base_x3,compare_single_p_907_resume,base,base,FMCAD08/Real_Int32/large/ccp01.lus,Safe,Safe,13.685000,13.685000,,,baseline
compare_single_p_907_with_base_x3,compare_single_p_907_resume,base,base,FMCAD08/Real_Int32/large/ccp05.lus,Safe,Safe,0.045000,0.045000,,,baseline
compare_single_p_907_with_base_x3,compare_single_p_907_resume,base,base,FMCAD08/Real_Int32/large/ccp14.lus,Unsafe,Unsafe,57.541000,57.541000,,,baseline
compare_single_p_907_with_base_x3,compare_single_p_907_resume,base,base,FMCAD08/Real_Int32/large/cruise_controller_24.lus,Safe,Safe,3.156000,3.156000,,,baseline
compare_single_p_907_with_base_x3,compare_single_p_907_resume,base,base,FMCAD08/Real_Int32/large/ccp20.lus,Timeout,Timeout,302.290000,302.290000,,,baseline
compare_single_p_907_with_base_x3,compare_single_p_907_resume,base,base,FMCAD08/Real_Int32/large/cruise_controller_02.lus,Safe,Safe,6.372000,6.372000,,,baseline
compare_single_p_907_with_base_x3,compare_single_p_907_resume,base,base,FMCAD08/Real_Int32/large/ccp07.lus,Safe,Safe,0.052000,0.052000,,,baseline
compare_single_p_907_with_base_x3,compare_single_p_907_resume,base,base,FMCAD08/Real_Int32/large/ccp22.lus,Timeout,Timeout,,,,,baseline
compare_single_p_907_with_base_x3,compare_single_p_907_resume,base,base,FMCAD08/Real_Int32/large/ccp11.lus,Timeout,Timeout,,,,,baseline
compare_single_p_907_with_base_x3,compare_single_p_907_resume,base,base,FMCAD08/Real_Int32/large/cruise_controller_15.lus,Unsafe,Unsafe,35.550000,35.550000,,,baseline
compare_single_p_907_with_base_x3,compare_single_p_907_resume,base,base,FMCAD08/Real_Int32/large/ccp13.lus,Timeout,Timeout,,,,,baseline
compare_single_p_907_with_base_x3,compare_single_p_907_resume,base,base,FMCAD08/Real_Int32/large/ccp09.lus,Safe,Safe,0.051000,0.051000,,,baseline
compare_single_p_907_with_base_x3,compare_single_p_907_resume,base,base,FMCAD08/Real_Int32/large/cruise_controller_04.lus,Safe,Safe,0.710000,0.710000,,,baseline
compare_single_p_907_with_base_x3,compare_single_p_907_resume,base,base,FMCAD08/Real_Int32/large/ccp03.lus,Safe,Safe,8.746000,8.746000,,,baseline
compare_single_p_907_with_base_x3,compare_single_p_907_resume,base,base,FMCAD08/Real_Int32/large/cruise_controller_11.lus,Safe,Safe,0.051000,0.051000,,,baseline
compare_single_p_907_with_base_x3,compare_single_p_907_resume,base,base,FMCAD08/Real_Int32/large/cruise_controller_13.lus,Safe,Safe,0.045000,0.045000,,,baseline
compare_single_p_907_with_base_x3,compare_single_p_907_resume,base,base,FMCAD08/Real_Int32/large/ccp06.lus,Safe,Safe,0.052000,0.052000,,,baseline
compare_single_p_907_with_base_x3,compare_single_p_907_resume,base,base,FMCAD08/Real_Int32/large/cruise_controller_10.lus,Safe,Safe,19.923000,19.923000,,,baseline
compare_single_p_907_with_base_x3,compare_single_p_907_resume,base,base,FMCAD08/Real_Int32/large/ccp15.lus,Safe,Safe,0.053000,0.053000,,,baseline
compare_single_p_907_with_base_x3,compare_single_p_907_resume,base,base,FMCAD08/Real_Int32/large/ccp24.lus,Timeout,Timeout,,,,,baseline
compare_single_p_907_with_base_x3,compare_single_p_907_resume,base,base,FMCAD08/Real_Int32/large/cruise_controller_16.lus,Timeout,Timeout,,,,,baseline
compare_single_p_907_with_base_x3,compare_single_p_907_resume,base,base,FMCAD08/Real_Int32/large/cruise_controller_12.lus,Safe,Safe,0.834000,0.834000,,,baseline
compare_single_p_907_with_base_x3,compare_single_p_907_resume,base,base,FMCAD08/Real_Int32/large/cruise_controller_22.lus,Unsafe,Unsafe,40.868000,40.868000,,,baseline
compare_single_p_907_with_base_x3,compare_single_p_907_resume,base,base,FMCAD08/Real_Int32/large/cruise_controller_01.lus,Safe,Safe,3.398000,3.398000,,,baseline
compare_single_p_907_with_base_x3,compare_single_p_907_resume,base,asc_l1l2,FMCAD08/Bool/misc/stalmark_e8_64_e7_80.lus,Unsafe,Unsafe,0.104000,0.109000,1.048077,0.005000,loss
compare_single_p_907_with_base_x3,compare_single_p_907_resume,base,asc_l1l2,FMCAD08/Bool/misc/stalmark_e7_27.lus,Safe,Safe,0.102000,0.112000,1.098039,0.010000,loss
compare_single_p_907_with_base_x3,compare_single_p_907_resume,base,asc_l1l2,FMCAD08/Bool/misc/switch.lus,Error,Error,0.110000,0.110000,,,unsolved_both
compare_single_p_907_with_base_x3,compare_single_p_907_resume,base,asc_l1l2,FMCAD08/Bool/misc/switch2.lus,Error,Error,0.110000,0.110000,,,unsolved_both
compare_single_p_907_with_base_x3,compare_single_p_907_resume,base,asc_l1l2,FMCAD08/Bool/misc/stalmark_e8_64_e8_207.lus,Unsafe,Unsafe,0.007000,0.007000,1.000000,0.000000,tie
compare_single_p_907_with_base_x3,compare_single_p_907_resume,base,asc_l1l2,FMCAD08/Bool/misc/_6counter2.lus,Unsafe,Unsafe,0.105000,0.113000,1.076190,0.008000,loss
compare_single_p_907_with_base_x3,compare_single_p_907_resume,base,asc_l1l2,FMCAD08/Bool/misc/stalmark_e7_27_e7_31.lus,Safe,Safe,0.102000,0.109000,1.068627,0.007000,loss
compare_single_p_907_with_base_x3,compare_single_p_907_resume,base,asc_l1l2,FMCAD08/Bool/misc/_6counter.lus,Unsafe,Unsafe,0.363000,0.429000,1.181818,0.066000,loss
compare_single_p_907_with_base_x3,compare_single_p_907_resume,base,asc_l1l2,FMCAD08/Bool/misc/stalmark_e8_48.lus,Unsafe,Unsafe,0.008000,0.008000,1.000000,0.000000,tie
compare_single_p_907_with_base_x3,compare_single_p_907_resume,base,asc_l1l2,FMCAD08/Bool/misc/stalmark.lus,Safe,Safe,0.086000,0.093000,1.081395,0.007000,loss
compare_single_p_907_with_base_x3,compare_single_p_907_resume,base,asc_l1l2,FMCAD08/Bool/misc/stalmark_e7_76.lus,Safe,Safe,0.102000,0.120000,1.176471,0.018000,loss
compare_single_p_907_with_base_x3,compare_single_p_907_resume,base,asc_l1l2,FMCAD08/Bool/simulation/ums_e8_1032.lus,Safe,Safe,0.112000,0.224000,2.000000,0.112000,loss
compare_single_p_907_with_base_x3,compare_single_p_907_resume,base,asc_l1l2,FMCAD08/Bool/simulation/production_cell_e7_207_e7_41.lus,Unsafe,Unsafe,0.016000,0.017000,1.062500,0.001000,loss
compare_single_p_907_with_base_x3,compare_single_p_907_resume,base,asc_l1l2,FMCAD08/Bool/simulation/tramway.lus,Safe,Safe,0.589000,0.330000,0.560272,-0.259000,win
compare_single_p_907_with_base_x3,compare_single_p_907_resume,base,asc_l1l2,FMCAD08/Bool/simulation/ums_e7_1700.lus,Unsafe,Unsafe,0.290000,0.470000,1.620690,0.180000,loss
compare_single_p_907_with_base_x3,compare_single_p_907_resume,base,asc_l1l2,FMCAD08/Bool/simulation/production_cell_e7_21.lus,Unsafe,Unsafe,0.016000,0.017000,1.062500,0.001000,loss
compare_single_p_907_with_base_x3,compare_single_p_907_resume,base,asc_l1l2,FMCAD08/Bool/simulation/production_cell_e7_207_e8_241.lus,Safe,Safe,0.076000,0.083000,1.092105,0.007000,loss
compare_single_p_907_with_base_x3,compare_single_p_907_resume,base,asc_l1l2,FMCAD08/Bool/simulation/tramway_e7_1834_e8_3192.lus,Safe,Safe,0.588000,0.352000,0.598639,-0.236000,win
compare_single_p_907_with_base_x3,compare_single_p_907_resume,base,asc_l1l2,FMCAD08/Bool/simulation/production_cell_e8_6.lus,Safe,Safe,0.077000,0.094000,1.220779,0.017000,loss
compare_single_p_907_with_base_x3,compare_single_p_907_resume,base,asc_l1l2,FMCAD08/Bool/simulation/tramway_e7_1834_e7_2363.lus,Safe,Safe,0.092000,0.083000,0.902174,-0.009000,win
compare_single_p_907_with_base_x3,compare_single_p_907_resume,base,asc_l1l2,FMCAD08/Bool/simulation/ums.lus,Safe,Safe,0.089000,0.274000,3.078652,0.185000,loss
compare_single_p_907_with_base_x3,compare_single_p_907_resume,base,asc_l1l2,FMCAD08/Bool/simulation/production_cell.lus,Safe,Safe,0.078000,0.112000,1.435897,0.034000,loss
compare_single_p_907_with_base_x3,compare_single_p_907_resume,base,asc_l1l2,FMCAD08/Bool/simulation/tramway_e7_1834.lus,Safe,Safe,0.074000,0.100000,1.351351,0.026000,loss
compare_single_p_907_with_base_x3,compare_single_p_907_resume,base,asc_l1l2,FMCAD08/Bool/simulation/production_cell_e8_6_e7_651.lus,Unsafe,Unsafe,0.016000,0.017000,1.062500,0.001000,loss
compare_single_p_907_with_base_x3,compare_single_p_907_resume,base,asc_l1l2,FMCAD08/Bool/simulation/production_cell_e8_6_e8_427.lus,Unsafe,Unsafe,0.075000,0.076000,1.013333,0.001000,loss
compare_single_p_907_with_base_x3,compare_single_p_907_resume,base,asc_l1l2,FMCAD08/Int/protocol/swimmingpool_4_e7_2197.lus,Unsafe,Unsafe,0.272000,0.166000,0.610294,-0.106000,win
compare_single_p_907_with_base_x3,compare_single_p_907_resume,base,asc_l1l2,FMCAD08/Int/protocol/rtp_9.lus,Safe,Safe,0.058000,0.057000,0.982759,-0.001000,win
compare_single_p_907_with_base_x3,compare_single_p_907_resume,base,asc_l1l2,FMCAD08/Int/protocol/rtp_6.lus,Safe,Safe,0.079000,0.082000,1.037975,0.003000,loss
compare_single_p_907_with_base_x3,compare_single_p_907_resume,base,asc_l1l2,FMCAD08/Int/protocol/swimmingpool_6.lus,Unsafe,Unsafe,0.582000,0.279000,0.479381,-0.303000,win
compare_single_p_907_with_base_x3,compare_single_p_907_resume,base,asc_l1l2,FMCAD08/Int/protocol/rtp_7.lus,Safe,Safe,0.056000,0.057000,1.017857,0.001000,loss
compare_single_p_907_with_base_x3,compare_single_p_907_resume,base,asc_l1l2,FMCAD08/Int/protocol/swimmingpool_6_e7_399.lus,Unsafe,Unsafe,1.138000,1.277000,1.122144,0.139000,loss
compare_single_p_907_with_base_x3,compare_single_p_907_resume,base,asc_l1l2,FMCAD08/Int/protocol/rtp_4.lus,Safe,Safe,0.080000,0.080000,1.000000,0.000000,tie
compare_single_p_907_with_base_x3,compare_single_p_907_resume,base,asc_l1l2,FMCAD08/Int/protocol/swimmingpool_1_e7_1621.lus,Unsafe,Unsafe,0.202000,0.225000,1.113861,0.023000,loss
compare_single_p_907_with_base_x3,compare_single_p_907_resume,base,asc_l1l2,FMCAD08/Int/protocol/rtp_8.lus,Safe,Safe,0.056000,0.058000,1.035714,0.002000,loss
compare_single_p_907_with_base_x3,compare_single_p_907_resume,base,asc_l1l2,FMCAD08/Int/protocol/swimmingpool_4.lus,Unsafe,Unsafe,0.129000,0.104000,0.806202,-0.025000,win
compare_single_p_907_with_base_x3,compare_single_p_907_resume,base,asc_l1l2,FMCAD08/Int/protocol/peterson_all.lus,Safe,Safe,0.286000,0.194000,0.678322,-0.092000,win
compare_single_p_907_with_base_x3,compare_single_p_907_resume,base,asc_l1l2,FMCAD08/Int/protocol/peterson_3.lus,Safe,Safe,0.098000,0.097000,0.989796,-0.001000,win
compare_single_p_907_with_base_x3,compare_single_p_907_resume,base,asc_l1l2,FMCAD08/Int/protocol/swimmingpool_3.lus,Unsafe,Unsafe,0.091000,0.061000,0.670330,-0.030000,win
compare_single_p_907_with_base_x3,compare_single_p_907_resume,base,asc_l1l2,FMCAD08/Int/protocol/swimmingpool_1.lus,Unsafe,Unsafe,0.949000,1.166000,1.228662,0.217000,loss
compare_single_p_907_with_base_x3,compare_single_p_907_resume,base,asc_l1l2,FMCAD08/Int/protocol/swimmingpool_2.lus,Unsafe,Unsafe,0.018000,0.019000,1.055556,0.001000,loss
compare_single_p_907_with_base_x3,compare_single_p_907_resume,base,asc_l1l2,FMCAD08/Int/protocol/rtp_all.lus,Safe,Safe,0.389000,0.363000,0.933162,-0.026000,win
compare_single_p_907_with_base_x3,compare_single_p_907_resume,base,asc_l1l2,FMCAD08/Int/protocol/readwrit.lus,Safe,Safe,0.055000,0.054000,0.981818,-0.001000,win
compare_single_p_907_with_base_x3,compare_single_p_907_resume,base,asc_l1l2,FMCAD08/Int/protocol/rtp_1.lus,Safe,Safe,0.076000,0.072000,0.947368,-0.004000,win
compare_single_p_907_with_base_x3,compare_single_p_907_resume,base,asc_l1l2,FMCAD08/Int/protocol/rtp_2.lus,Safe,Safe,0.101000,0.097000,0.960396,-0.004000,win
compare_single_p_907_with_base_x3,compare_single_p_907_resume,base,asc_l1l2,FMCAD08/Int/protocol/rtp_5.lus,Safe,Safe,0.058000,0.056000,0.965517,-0.002000,win
compare_single_p_907_with_base_x3,compare_single_p_907_resume,base,asc_l1l2,FMCAD08/Int/protocol/rtp_3.lus,Safe,Safe,0.076000,0.078000,1.026316,0.002000,loss
compare_single_p_907_with_base_x3,compare_single_p_907_resume,base,asc_l1l2,FMCAD08/Int/protocol/peterson_2.lus,Safe,Safe,0.067000,0.068000,1.014925,0.001000,loss
compare_single_p_907_with_base_x3,compare_single_p_907_resume,base,asc_l1l2,FMCAD08/Int/protocol/peterson_1_e7_4234.lus,Safe,Safe,0.076000,0.073000,0.960526,-0.003000,win
compare_single_p_907_with_base_x3,compare_single_p_907_resume,base,asc_l1l2,FMCAD08/Int/protocol/peterson_1.lus,Safe,Safe,0.072000,0.068000,0.944444,-0.004000,win
compare_single_p_907_with_base_x3,compare_single_p_907_resume,base,asc_l1l2,FMCAD08/Int/protocol/peterson_4.lus,Safe,Safe,0.112000,0.069000,0.616071,-0.043000,win
compare_single_p_907_with_base_x3,compare_single_p_907_resume,base,asc_l1l2,FMCAD08/Int/protocol/swimmingpool_8.lus,Unsafe,Unsafe,0.369000,0.832000,2.254743,0.463000,loss
compare_single_p_907_with_base_x3,compare_single_p_907_resume,base,asc_l1l2,FMCAD08/Int/protocol/rtp_10_e7_106_e7_2564.lus,Safe,Safe,0.092000,0.087000,0.945652,-0.005000,win
compare_single_p_907_with_base_x3,compare_single_p_907_resume,base,asc_l1l2,FMCAD08/Int/protocol/rtp_5_e7_3972.lus,Safe,Safe,0.068000,0.072000,1.058824,0.004000,loss
compare_single_p_907_with_base_x3,compare_single_p_907_resume,base,asc_l1l2,FMCAD08/Int/protocol/swimmingpool_6_e7_10_e7_341.lus,Unsafe,Unsafe,0.357000,0.390000,1.092437,0.033000,loss
compare_single_p_907_with_base_x3,compare_single_p_907_resume,base,asc_l1l2,FMCAD08/Int/protocol/swimmingpool_7.lus,Unsafe,Unsafe,0.949000,0.323000,0.340358,-0.626000,win
compare_single_p_907_with_base_x3,compare_single_p_907_resume,base,asc_l1l2,FMCAD08/Int/protocol/rtp_all_e7_2500.lus,Safe,Safe,0.584000,0.612000,1.047945,0.028000,loss
compare_single_p_907_with_base_x3,compare_single_p_907_resume,base,asc_l1l2,FMCAD08/Int/protocol/swimmingpool_9.lus,Unsafe,Unsafe,0.714000,4.492000,6.291317,3.778000,loss
compare_single_p_907_with_base_x3,compare_single_p_907_resume,base,asc_l1l2,FMCAD08/Int/protocol/rtp_10.lus,Safe,Safe,0.054000,0.054000,1.000000,0.000000,tie
compare_single_p_907_with_base_x3,compare_single_p_907_resume,base,asc_l1l2,FMCAD08/Int/protocol/rtp_vt.lus,Safe,Timeout,77.316000,135.727000,,,regressed
compare_single_p_907_with_base_x3,compare_single_p_907_resume,base,asc_l1l2,FMCAD08/Int/protocol/swimmingpool_5.lus,Unsafe,Unsafe,0.189000,0.156000,0.825397,-0.033000,win
compare_single_p_907_with_base_x3,compare_single_p_907_resume,base,asc_l1l2,FMCAD08/Int/protocol/peterson_vt.lus,Unsafe,Unsafe,0.412000,0.404000,0.980583,-0.008000,win
compare_single_p_907_with_base_x3,compare_single_p_907_resume,base,asc_l1l2,FMCAD08/Int/misc/ticket3i_2.lus,Safe,Safe,0.068000,0.071000,1.044118,0.003000,loss
compare_single_p_907_with_base_x3,compare_single_p_907_resume,base,asc_l1l2,FMCAD08/Int/misc/durationThm_3_e3_442_e5_260.lus,Safe,Safe,0.036000,0.051000,1.416667,0.015000,loss
compare_single_p_907_with_base_x3,compare_single_p_907_resume,base,asc_l1l2,FMCAD08/Int/misc/ticket3i_7_e7_3176.lus,Safe,Safe,0.145000,0.146000,1.006897,0.001000,loss
compare_single_p_907_with_base_x3,compare_single_p_907_resume,base,asc_l1l2,FMCAD08/Int/misc/durationThm_1_e7_217_e3_132.lus,Safe,Safe,0.054000,0.056000,1.037037,0.002000,loss
compare_single_p_907_with_base_x3,compare_single_p_907_resume,base,asc_l1l2,FMCAD08/Int/misc/durationThm_2_e7_145_e8_73.lus,Timeout,Timeout,,,,,unsolved_both
compare_single_p_907_with_base_x3,compare_single_p_907_resume,base,asc_l1l2,FMCAD08/Int/misc/durationThm_2_e7_145_e1_343.lus,Unsafe,Unsafe,0.013000,0.013000,1.000000,0.000000,tie
compare_single_p_907_with_base_x3,compare_single_p_907_resume,base,asc_l1l2,FMCAD08/Int/misc/_6counters.lus,Unsafe,Unsafe,6.824000,14.979000,2.195047,8.155000,loss
compare_single_p_907_with_base_x3,compare_single_p_907_resume,base,asc_l1l2,FMCAD08/Int/misc/ticket3i_7_e7_3176_e1_2924.lus,Safe,Safe,0.165000,0.162000,0.981818,-0.003000,win
compare_single_p_907_with_base_x3,compare_single_p_907_resume,base,asc_l1l2,FMCAD08/Int/misc/durationThm_1_e2_3.lus,Safe,Safe,0.035000,0.037000,1.057143,0.002000,loss
compare_single_p_907_with_base_x3,compare_single_p_907_resume,base,asc_l1l2,FMCAD08/Int/misc/durationThm_2_e7_145_e3_222.lus,Safe,Safe,0.067000,0.054000,0.805970,-0.013000,win
compare_single_p_907_with_base_x3,compare_single_p_907_resume,base,asc_l1l2,FMCAD08/Int/misc/durationThm_3_e7_334_e2_62.lus,Safe,Safe,0.076000,0.073000,0.960526,-0.003000,win
compare_single_p_907_with_base_x3,compare_single_p_907_resume,base,asc_l1l2,FMCAD08/Int/misc/ticket3i_1.lus,Safe,Safe,0.085000,0.077000,0.905882,-0.008000,win
compare_single_p_907_with_base_x3,compare_single_p_907_resume,base,asc_l1l2,FMCAD08/Int/misc/durationThm_3.lus,Timeout,Timeout,,,,,unsolved_both
compare_single_p_907_with_base_x3,compare_single_p_907_resume,base,asc_l1l2,FMCAD08/Int/misc/traffic_e7_46_e7_171.lus,Unsafe,Unsafe,0.013000,0.009000,0.692308,-0.004000,win
compare_single_p_907_with_base_x3,compare_single_p_907_resume,base,asc_l1l2,FMCAD08/Int/misc/durationThm_2_e7_149.lus,Unsafe,Unsafe,0.013000,0.012000,0.923077,-0.001000,win
compare_single_p_907_with_base_x3,compare_single_p_907_resume,base,asc_l1l2,FMCAD08/Int/misc/durationThm_3_e7_334_e3_42.lus,Safe,Safe,0.053000,0.058000,1.094340,0.005000,loss
compare_single_p_907_with_base_x3,compare_single_p_907_resume,base,asc_l1l2,FMCAD08/Int/misc/ticket3i_7_e3_59_e7_2122.lus,Safe,Safe,0.158000,0.151000,0.955696,-0.007000,win
compare_single_p_907_with_base_x3,compare_single_p_907_resume,base,asc_l1l2,FMCAD08/Int/misc/ex8_e7_74.lus,Unsafe,Unsafe,0.025000,0.027000,1.080000,0.002000,loss
compare_single_p_907_with_base_x3,compare_single_p_907_resume,base,asc_l1l2,FMCAD08/Int/misc/ex8_e7_74_e7_740.lus,Unsafe,Unsafe,0.026000,0.028000,1.076923,0.002000,loss
compare_single_p_907_with_base_x3,compare_single_p_907_resume,base,asc_l1l2,FMCAD08/Int/misc/ticket3i_3_e7_99.lus,Unsafe,Unsafe,0.020000,0.021000,1.050000,0.001000,loss
compare_single_p_907_with_base_x3,compare_single_p_907_resume,base,asc_l1l2,FMCAD08/Int/misc/ticket3i_3_e7_1312_e8_1916.lus,Safe,Safe,0.046000,0.049000,1.065217,0.003000,loss
compare_single_p_907_with_base_x3,compare_single_p_907_resume,base,asc_l1l2,FMCAD08/Int/misc/ex8_e8_220_e7_249.lus,Unsafe,Unsafe,0.025000,0.027000,1.080000,0.002000,loss
compare_single_p_907_with_base_x3,compare_single_p_907_resume,base,asc_l1l2,FMCAD08/Int/misc/two_counters_e1_268.lus,Unsafe,Unsafe,0.010000,0.011000,1.100000,0.001000,loss
compare_single_p_907_with_base_x3,compare_single_p_907_resume,base,asc_l1l2,FMCAD08/Int/misc/durationThm_2.lus,Timeout,Timeout,,,,,unsolved_both
compare_single_p_907_with_base_x3,compare_single_p_907_resume,base,asc_l1l2,FMCAD08/Int/misc/durationThm_3_e1_36.lus,Unsafe,Unsafe,0.026000,0.027000,1.038462,0.001000,loss
compare_single_p_907_with_base_x3,compare_single_p_907_resume,base,asc_l1l2,FMCAD08/Int/misc/ticket3i_all_e8_505_e7_2450.lus,Safe,Safe,0.196000,0.160000,0.816327,-0.036000,win
compare_single_p_907_with_base_x3,compare_single_p_907_resume,base,asc_l1l2,FMCAD08/Int/misc/durationThm_1_e1_350.lus,Unsafe,Unsafe,0.012000,0.013000,1.083333,0.001000,loss
compare_single_p_907_with_base_x3,compare_single_p_907_resume,base,asc_l1l2,FMCAD08/Int/misc/ticket3i_3_e8_1703_e8_2560.lus,Safe,Safe,0.048000,0.050000,1.041667,0.002000,loss
compare_single_p_907_with_base_x3,compare_single_p_907_resume,base,asc_l1l2,FMCAD08/Int/misc/durationThm_1_e3_389.lus,Safe,Safe,0.035000,0.036000,1.028571,0.001000,loss
compare_single_p_907_with_base_x3,compare_single_p_907_resume,base,asc_l1l2,FMCAD08/Int/misc/durationThm_3_e3_442_e4_165.lus,Safe,Safe,0.034000,0.036000,1.058824,0.002000,loss
compare_single_p_907_with_base_x3,compare_single_p_907_resume,base,asc_l1l2,FMCAD08/Int/misc/durationThm_1_e7_217_e7_31.lus,Unsafe,Unsafe,0.012000,0.022000,1.833333,0.010000,loss
compare_single_p_907_with_base_x3,compare_single_p_907_resume,base,asc_l1l2,FMCAD08/Int/misc/durationThm_1.lus,Timeout,Timeout,,,,,unsolved_both
compare_single_p_907_with_base_x3,compare_single_p_907_resume,base,asc_l1l2,FMCAD08/Int/misc/ticket3i_all_e7_591.lus,Safe,Safe,0.149000,0.148000,0.993289,-0.001000,win
compare_single_p_907_with_base_x3,compare_single_p_907_resume,base,asc_l1l2,FMCAD08/Int/misc/durationThm_2_e1_301.lus,Timeout,Timeout,,,,,unsolved_both
compare_single_p_907_with_base_x3,compare_single_p_907_resume,base,asc_l1l2,FMCAD08/Int/misc/two_counters_e3_325.lus,Unsafe,Unsafe,0.027000,0.029000,1.074074,0.002000,loss
compare_single_p_907_with_base_x3,compare_single_p_907_resume,base,asc_l1l2,FMCAD08/Int/misc/durationThm_3_e7_334.lus,Timeout,Unsafe,0.077000,0.110000,,,newly_solved
compare_single_p_907_with_base_x3,compare_single_p_907_resume,base,asc_l1l2,FMCAD08/Int/misc/_6counters_e8_371_e1_448.lus,Timeout,Timeout,,,,,unsolved_both
compare_single_p_907_with_base_x3,compare_single_p_907_resume,base,asc_l1l2,FMCAD08/Int/misc/ticket3i_3_e8_1703_e7_3491.lus,Unsafe,Unsafe,0.021000,0.021000,1.000000,0.000000,tie
compare_single_p_907_with_base_x3,compare_single_p_907_resume,base,asc_l1l2,FMCAD08/Int/misc/ticket3i_1_e7_1669.lus,Safe,Safe,0.086000,0.086000,1.000000,0.000000,tie
compare_single_p_907_with_base_x3,compare_single_p_907_resume,base,asc_l1l2,FMCAD08/Int/misc/durationThm_1_e7_217.lus,Unsafe,Unsafe,0.042000,0.046000,1.095238,0.004000,loss
compare_single_p_907_with_base_x3,compare_single_p_907_resume,base,asc_l1l2,FMCAD08/Int/misc/traffic.lus,Safe,Safe,0.038000,0.042000,1.105263,0.004000,loss
compare_single_p_907_with_base_x3,compare_single_p_907_resume,base,asc_l1l2,FMCAD08/Int/misc/two_counters_e2_3.lus,Unsafe,Unsafe,0.021000,0.023000,1.095238,0.002000,loss
compare_single_p_907_with_base_x3,compare_single_p_907_resume,base,asc_l1l2,FMCAD08/Int/misc/ticket3i_7_e1_2192_e1_1852.lus,Safe,Safe,0.203000,0.197000,0.970443,-0.006000,win
compare_single_p_907_with_base_x3,compare_single_p_907_resume,base,asc_l1l2,FMCAD08/Int/misc/_6counters_e3_140_e8_149.lus,Timeout,Timeout,,,,,unsolved_both
compare_single_p_907_with_base_x3,compare_single_p_907_resume,base,asc_l1l2,FMCAD08/Int/misc/ticket3i_7_e2_2724_e7_524.lus,Safe,Safe,0.151000,0.145000,0.960265,-0.006000,win
compare_single_p_907_with_base_x3,compare_single_p_907_resume,base,asc_l1l2,FMCAD08/Int/misc/durationThm_2_e7_145_e2_169.lus,Safe,Safe,0.060000,0.065000,1.083333,0.005000,loss
compare_single_p_907_with_base_x3,compare_single_p_907_resume,base,asc_l1l2,FMCAD08/Int/misc/durationThm_2_e7_145_e7_154.lus,Unsafe,Unsafe,0.012000,0.013000,1.083333,0.001000,loss
compare_single_p_907_with_base_x3,compare_single_p_907_resume,base,asc_l1l2,FMCAD08/Int/misc/_6counters_e8_371_e7_304.lus,Unsafe,Unsafe,1.254000,1.347000,1.074163,0.093000,loss
compare_single_p_907_with_base_x3,compare_single_p_907_resume,base,asc_l1l2,FMCAD08/Int/misc/durationThm_2_e3_329_e4_1.lus,Safe,Safe,0.043000,0.057000,1.325581,0.014000,loss
compare_single_p_907_with_base_x3,compare_single_p_907_resume,base,asc_l1l2,FMCAD08/Int/misc/_6countern.lus,Unsafe,Unsafe,0.006000,0.007000,1.166667,0.001000,loss
compare_single_p_907_with_base_x3,compare_single_p_907_resume,base,asc_l1l2,FMCAD08/Int/misc/durationThm_3_e7_334_e7_118.lus,Unsafe,Unsafe,0.010000,0.011000,1.100000,0.001000,loss
compare_single_p_907_with_base_x3,compare_single_p_907_resume,base,asc_l1l2,FMCAD08/Int/misc/ticket3i_3_e8_1703.lus,Safe,Safe,0.068000,0.066000,0.970588,-0.002000,win
compare_single_p_907_with_base_x3,compare_single_p_907_resume,base,asc_l1l2,FMCAD08/Int/misc/ticket3i_4.lus,Safe,Safe,0.063000,0.063000,1.000000,0.000000,tie
compare_single_p_907_with_base_x3,compare_single_p_907_resume,base,asc_l1l2,FMCAD08/Int/misc/ticket3i_3_e7_1312_e7_1495.lus,Unsafe,Unsafe,0.025000,0.021000,0.840000,-0.004000,win
compare_single_p_907_with_base_x3,compare_single_p_907_resume,base,asc_l1l2,FMCAD08/Int/misc/durationThm_1_e7_217_e1_89.lus,Unsafe,Unsafe,0.013000,0.013000,1.000000,0.000000,tie
compare_single_p_907_with_base_x3,compare_single_p_907_resume,base,asc_l1l2,FMCAD08/Int/misc/durationThm_3_e7_334_e1_431.lus,Unsafe,Unsafe,0.025000,0.026000,1.040000,0.001000,loss
compare_single_p_907_with_base_x3,compare_single_p_907_resume,base,asc_l1l2,FMCAD08/Int/misc/ex8.lus,Unsafe,Unsafe,0.026000,0.026000,1.000000,0.000000,tie
compare_single_p_907_with_base_x3,compare_single_p_907_resume,base,asc_l1l2,FMCAD08/Int/misc/_6counters_e8_371_e2_80.lus,Safe,Safe,0.020000,0.021000,1.050000,0.001000,loss
compare_single_p_907_with_base_x3,compare_single_p_907_resume,base,asc_l1l2,FMCAD08/Int/misc/two_counters.lus,Safe,Safe,1.149000,1.587000,1.381201,0.438000,loss
compare_single_p_907_with_base_x3,compare_single_p_907_resume,base,asc_l1l2,FMCAD08/Int/misc/durationThm_3_e3_207.lus,Safe,Safe,0.036000,0.040000,1.111111,0.004000,loss
compare_single_p_907_with_base_x3,compare_single_p_907_resume,base,asc_l1l2,FMCAD08/Int/misc/ticket3i_3.lus,Safe,Safe,0.045000,0.051000,1.133333,0.006000,loss
compare_single_p_907_with_base_x3,compare_single_p_907_resume,base,asc_l1l2,FMCAD08/Int/misc/durationThm_2_e3_329_e5_124.lus,Safe,Safe,0.043000,0.047000,1.093023,0.004000,loss
compare_single_p_907_with_base_x3,compare_single_p_907_resume,base,asc_l1l2,FMCAD08/Int/misc/_6counters_e8_371_e3_224.lus,Timeout,Timeout,,,,,unsolved_both
compare_single_p_907_with_base_x3,compare_single_p_907_resume,base,asc_l1l2,FMCAD08/Int/misc/ex8_e7_74_e8_302.lus,Unsafe,Unsafe,0.025000,0.046000,1.840000,0.021000,loss
compare_single_p_907_with_base_x3,compare_single_p_907_resume,base,asc_l1l2,FMCAD08/Int/misc/ticket3i_all_e3_557_e7_3464.lus,Safe,Safe,0.126000,0.128000,1.015873,0.002000,loss
compare_single_p_907_with_base_x3,compare_single_p_907_resume,base,asc_l1l2,FMCAD08/Int/misc/ticket3i_5_e7_3307.lus,Safe,Safe,0.070000,0.069000,0.985714,-0.001000,win
compare_single_p_907_with_base_x3,compare_single_p_907_resume,base,asc_l1l2,FMCAD08/Int/misc/two_counters_e7_222.lus,Unsafe,Unsafe,0.010000,0.011000,1.100000,0.001000,loss
compare_single_p_907_with_base_x3,compare_single_p_907_resume,base,asc_l1l2,FMCAD08/Int/misc/traffic_e7_46.lus,Unsafe,Unsafe,0.009000,0.009000,1.000000,0.000000,tie
compare_single_p_907_with_base_x3,compare_single_p_907_resume,base,asc_l1l2,FMCAD08/Int/misc/twisted_counters.lus,Safe,Safe,2.017000,6.015000,2.982152,3.998000,loss
compare_single_p_907_with_base_x3,compare_single_p_907_resume,base,asc_l1l2,FMCAD08/Int/misc/durationThm_1_e3_389_e5_5.lus,Safe,Safe,0.036000,0.053000,1.472222,0.017000,loss
compare_single_p_907_with_base_x3,compare_single_p_907_resume,base,asc_l1l2,FMCAD08/Int/misc/durationThm_2_e2_63.lus,Safe,Safe,0.052000,0.056000,1.076923,0.004000,loss
compare_single_p_907_with_base_x3,compare_single_p_907_resume,base,asc_l1l2,FMCAD08/Int/misc/durationThm_2_e3_99.lus,Safe,Safe,0.043000,0.048000,1.116279,0.005000,loss
compare_single_p_907_with_base_x3,compare_single_p_907_resume,base,asc_l1l2,FMCAD08/Int/misc/ticket3i_all_e2_1117_e7_553.lus,Safe,Safe,0.147000,0.227000,1.544218,0.080000,loss
compare_single_p_907_with_base_x3,compare_single_p_907_resume,base,asc_l1l2,FMCAD08/Int/misc/ticket3i_7.lus,Safe,Safe,0.140000,0.135000,0.964286,-0.005000,win
compare_single_p_907_with_base_x3,compare_single_p_907_resume,base,asc_l1l2,FMCAD08/Int/misc/ticket3i_4_e7_1775_e7_3320.lus,Safe,Safe,0.061000,0.065000,1.065574,0.004000,loss
compare_single_p_907_with_base_x3,compare_single_p_907_resume,base,asc_l1l2,FMCAD08/Int/misc/durationThm_1_e3_389_e4_294.lus,Safe,Safe,0.033000,0.036000,1.090909,0.003000,loss
compare_single_p_907_with_base_x3,compare_single_p_907_resume,base,asc_l1l2,FMCAD08/Int/misc/ticket3i_all.lus,Safe,Safe,0.138000,0.137000,0.992754,-0.001000,win
compare_single_p_907_with_base_x3,compare_single_p_907_resume,base,asc_l1l2,FMCAD08/Int/misc/durationThm_1_e7_217_e2_352.lus,Safe,Safe,0.055000,0.072000,1.309091,0.017000,loss
compare_single_p_907_with_base_x3,compare_single_p_907_resume,base,asc_l1l2,FMCAD08/Int/misc/ticket3i_7_e8_2126_e7_78.lus,Safe,Safe,0.148000,0.148000,1.000000,0.000000,tie
compare_single_p_907_with_base_x3,compare_single_p_907_resume,base,asc_l1l2,FMCAD08/Int/misc/ticket3i_all_e1_2706_e7_1776.lus,Safe,Safe,0.147000,0.143000,0.972789,-0.004000,win
compare_single_p_907_with_base_x3,compare_single_p_907_resume,base,asc_l1l2,FMCAD08/Int/misc/durationThm_3_e2_63.lus,Safe,Safe,0.034000,0.064000,1.882353,0.030000,loss
compare_single_p_907_with_base_x3,compare_single_p_907_resume,base,asc_l1l2,FMCAD08/Int/misc/ticket3i_5.lus,Safe,Safe,0.062000,0.061000,0.983871,-0.001000,win
compare_single_p_907_with_base_x3,compare_single_p_907_resume,base,asc_l1l2,FMCAD08/Int/misc/ticket3i_6_e7_1096_e7_2688.lus,Safe,Safe,0.066000,0.063000,0.954545,-0.003000,win
compare_single_p_907_with_base_x3,compare_single_p_907_resume,base,asc_l1l2,FMCAD08/Int/misc/ex8_e8_220.lus,Unsafe,Unsafe,0.026000,0.028000,1.076923,0.002000,loss
compare_single_p_907_with_base_x3,compare_single_p_907_resume,base,asc_l1l2,FMCAD08/Int/misc/ex3.lus,Safe,Safe,0.110000,0.099000,0.900000,-0.011000,win
compare_single_p_907_with_base_x3,compare_single_p_907_resume,base,asc_l1l2,FMCAD08/Int/misc/ticket3i_6.lus,Safe,Safe,0.067000,0.062000,0.925373,-0.005000,win
compare_single_p_907_with_base_x3,compare_single_p_907_resume,base,asc_l1l2,FMCAD08/Int/memory1/DRAGON_2_e7_25_e8_3171.lus,Safe,Safe,0.063000,0.105000,1.666667,0.042000,loss
compare_single_p_907_with_base_x3,compare_single_p_907_resume,base,asc_l1l2,FMCAD08/Int/memory1/DRAGON_10_e1_3587_e7_872.lus,Unsafe,Unsafe,0.023000,0.023000,1.000000,0.000000,tie
compare_single_p_907_with_base_x3,compare_single_p_907_resume,base,asc_l1l2,FMCAD08/Int/memory1/FIREFLY_luke_1b_e2_3049.lus,Unsafe,Unsafe,0.056000,0.056000,1.000000,0.000000,tie
compare_single_p_907_with_base_x3,compare_single_p_907_resume,base,asc_l1l2,FMCAD08/Int/memory1/FIREFLY_luke_1a_e2_284_e1_2924.lus,Timeout,Timeout,,,,,unsolved_both
compare_single_p_907_with_base_x3,compare_single_p_907_resume,base,asc_l1l2,FMCAD08/Int/memory1/DRAGON_4_e7_2329.lus,Unsafe,Unsafe,0.089000,0.174000,1.955056,0.085000,loss
compare_single_p_907_with_base_x3,compare_single_p_907_resume,base,asc_l1l2,FMCAD08/Int/memory1/FIREFLY_luke_1b_e3_671_e5_1637.lus,Unsafe,Unsafe,0.054000,0.056000,1.037037,0.002000,loss
compare_single_p_907_with_base_x3,compare_single_p_907_resume,base,asc_l1l2,FMCAD08/Int/memory1/FIREFLY_all_e3_1600_e7_1607.lus,Unsafe,Unsafe,0.020000,0.021000,1.050000,0.001000,loss
compare_single_p_907_with_base_x3,compare_single_p_907_resume,base,asc_l1l2,FMCAD08/Int/memory1/FIREFLY_3_e2_2236_e3_2657.lus,Unsafe,Unsafe,0.057000,0.060000,1.052632,0.003000,loss
compare_single_p_907_with_base_x3,compare_single_p_907_resume,base,asc_l1l2,FMCAD08/Int/memory1/FIREFLY_all_e7_1909.lus,Unsafe,Unsafe,0.024000,0.022000,0.916667,-0.002000,win
compare_single_p_907_with_base_x3,compare_single_p_907_resume,base,asc_l1l2,FMCAD08/Int/memory1/DRAGON_all2_e8_5504_e1_4719.lus,Unsafe,Unsafe,0.027000,0.029000,1.074074,0.002000,loss
compare_single_p_907_with_base_x3,compare_single_p_907_resume,base,asc_l1l2,FMCAD08/Int/memory1/DRAGON_3_e3_5422_e2_3135.lus,Safe,Safe,0.070000,0.075000,1.071429,0.005000,loss
compare_single_p_907_with_base_x3,compare_single_p_907_resume,base,asc_l1l2,FMCAD08/Int/memory1/DRAGON_all_e2_6104_e2_3308.lus,Safe,Safe,0.183000,0.156000,0.852459,-0.027000,win
compare_single_p_907_with_base_x3,compare_single_p_907_resume,base,asc_l1l2,FMCAD08/Int/memory1/DRAGON_10_e1_998.lus,Safe,Safe,0.088000,0.089000,1.011364,0.001000,loss
compare_single_p_907_with_base_x3,compare_single_p_907_resume,base,asc_l1l2,FMCAD08/Int/memory1/FIREFLY_a3_e1_3233.lus,Unsafe,Unsafe,0.064000,0.065000,1.015625,0.001000,loss
compare_single_p_907_with_base_x3,compare_single_p_907_resume,base,asc_l1l2,FMCAD08/Int/memory1/DRAGON_all2_e7_5406_e7_6697.lus,Unsafe,Unsafe,0.027000,0.028000,1.037037,0.001000,loss
compare_single_p_907_with_base_x3,compare_single_p_907_resume,base,asc_l1l2,FMCAD08/Int/memory1/DRAGON_8_e3_786.lus,Timeout,Timeout,293.429000,0.350000,,,unsolved_both
compare_single_p_907_with_base_x3,compare_single_p_907_resume,base,asc_l1l2,FMCAD08/Int/memory1/FIREFLY_u1.lus,Safe,Safe,1.304000,1.426000,1.093558,0.122000,loss
compare_single_p_907_with_base_x3,compare_single_p_907_resume,base,asc_l1l2,FMCAD08/Int/memory1/DRAGON_all_e3_4821_e4_1791.lus,Safe,Safe,0.179000,0.187000,1.044693,0.008000,loss
compare_single_p_907_with_base_x3,compare_single_p_907_resume,base,asc_l1l2,FMCAD08/Int/memory1/FIREFLY_3.lus,Safe,Safe,0.045000,0.045000,1.000000,0.000000,tie
compare_single_p_907_with_base_x3,compare_single_p_907_resume,base,asc_l1l2,FMCAD08/Int/memory1/DRAGON_4_e1_4312.lus,Safe,Safe,2.914000,3.711000,1.273507,0.797000,loss
compare_single_p_907_with_base_x3,compare_single_p_907_resume,base,asc_l1l2,FMCAD08/Int/memory1/FIREFLY_2.lus,Safe,Safe,0.051000,0.055000,1.078431,0.004000,loss
compare_single_p_907_with_base_x3,compare_single_p_907_resume,base,asc_l1l2,FMCAD08/Int/memory1/DRAGON_all_e1_4022_e1_1759.lus,Safe,Safe,0.154000,0.170000,1.103896,0.016000,loss
compare_single_p_907_with_base_x3,compare_single_p_907_resume,base,asc_l1l2,FMCAD08/Int/memory1/FIREFLY_luke_rt_e3_1549.lus,Unsafe,Unsafe,0.061000,0.062000,1.016393,0.001000,loss
compare_single_p_907_with_base_x3,compare_single_p_907_resume,base,asc_l1l2,FMCAD08/Int/memory1/FIREFLY_a3_e2_2086_e3_2542.lus,Safe,Safe,0.111000,0.148000,1.333333,0.037000,loss
compare_single_p_907_with_base_x3,compare_single_p_907_resume,base,asc_l1l2,FMCAD08/Int/memory1/DRAGON_4.lus,Safe,Safe,3.073000,3.930000,1.278881,0.857000,loss
compare_single_p_907_with_base_x3,compare_single_p_907_resume,base,asc_l1l2,FMCAD08/Int/memory1/FIREFLY_5_e2_2884_e1_2678.lus,Safe,Safe,0.060000,0.062000,1.033333,0.002000,loss
compare_single_p_907_with_base_x3,compare_single_p_907_resume,base,asc_l1l2,FMCAD08/Int/memory1/DRAGON_all_e2_6104_e3_2607.lus,Safe,Safe,0.181000,0.179000,0.988950,-0.002000,win
compare_single_p_907_with_base_x3,compare_single_p_907_resume,base,asc_l1l2,FMCAD08/Int/memory1/DRAGON_10_e2_402.lus,Safe,Safe,0.089000,0.088000,0.988764,-0.001000,win
compare_single_p_907_with_base_x3,compare_single_p_907_resume,base,asc_l1l2,FMCAD08/Int/memory1/FIREFLY_all_e2_2924_e7_3371.lus,Unsafe,Unsafe,0.021000,0.021000,1.000000,0.000000,tie
compare_single_p_907_with_base_x3,compare_single_p_907_resume,base,asc_l1l2,FMCAD08/Int/memory1/FIREFLY_luke_1b_e3_671_e3_941.lus,Unsafe,Unsafe,0.044000,0.043000,0.977273,-0.001000,win
compare_single_p_907_with_base_x3,compare_single_p_907_resume,base,asc_l1l2,FMCAD08/Int/memory1/FIREFLY_11_e1_3457.lus,Timeout,Timeout,,,,,unsolved_both
compare_single_p_907_with_base_x3,compare_single_p_907_resume,base,asc_l1l2,FMCAD08/Int/memory1/DRAGON_2_e7_25_e2_5340.lus,Unsafe,Unsafe,0.024000,0.025000,1.041667,0.001000,loss
compare_single_p_907_with_base_x3,compare_single_p_907_resume,base,asc_l1l2,FMCAD08/Int/memory1/FIREFLY_8_e2_1711_e7_1962.lus,Unsafe,Unsafe,0.019000,0.020000,1.052632,0.001000,loss
compare_single_p_907_with_base_x3,compare_single_p_907_resume,base,asc_l1l2,FMCAD08/Int/memory1/DRAGON_2_e7_25_e7_4469.lus,Unsafe,Unsafe,0.024000,0.026000,1.083333,0.002000,loss
compare_single_p_907_with_base_x3,compare_single_p_907_resume,base,asc_l1l2,FMCAD08/Int/memory1/DRAGON_7.lus,Safe,Safe,0.120000,0.117000,0.975000,-0.003000,win
compare_single_p_907_with_base_x3,compare_single_p_907_resume,base,asc_l1l2,FMCAD08/Int/memory1/DRAGON_all2_e3_4612_e1_6463.lus,Timeout,Timeout,,,,,unsolved_both
compare_single_p_907_with_base_x3,compare_single_p_907_resume,base,asc_l1l2,FMCAD08/Int/memory1/DRAGON_3_e1_4783.lus,Safe,Safe,0.070000,0.074000,1.057143,0.004000,loss
compare_single_p_907_with_base_x3,compare_single_p_907_resume,base,asc_l1l2,FMCAD08/Int/memory1/FIREFLY_rt.lus,Safe,Safe,0.517000,0.601000,1.162476,0.084000,loss
compare_single_p_907_with_base_x3,compare_single_p_907_resume,base,asc_l1l2,FMCAD08/Int/memory1/DRAGON_3_e1_4783_e3_511.lus,Safe,Safe,0.069000,0.073000,1.057971,0.004000,loss
compare_single_p_907_with_base_x3,compare_single_p_907_resume,base,asc_l1l2,FMCAD08/Int/memory1/DRAGON_10_e7_3861_e7_2180.lus,Unsafe,Unsafe,0.024000,0.023000,0.958333,-0.001000,win
compare_single_p_907_with_base_x3,compare_single_p_907_resume,base,asc_l1l2,FMCAD08/Int/memory1/DRAGON_13_e7_2336_e1_541.lus,Unsafe,Unsafe,0.024000,0.025000,1.041667,0.001000,loss
compare_single_p_907_with_base_x3,compare_single_p_907_resume,base,asc_l1l2,FMCAD08/Int/memory1/DRAGON_5_e7_2017_e1_5832.lus,Unsafe,Unsafe,0.092000,0.095000,1.032609,0.003000,loss
compare_single_p_907_with_base_x3,compare_single_p_907_resume,base,asc_l1l2,FMCAD08/Int/memory1/DRAGON_all_e2_6104_e1_6205.lus,Safe,Safe,0.154000,0.151000,0.980519,-0.003000,win
compare_single_p_907_with_base_x3,compare_single_p_907_resume,base,asc_l1l2,FMCAD08/Int/memory1/DRAGON_all_e2_6104.lus,Safe,Safe,0.181000,0.154000,0.850829,-0.027000,win
compare_single_p_907_with_base_x3,compare_single_p_907_resume,base,asc_l1l2,FMCAD08/Int/memory1/FIREFLY_luke_2_e2_1375_e1_418.lus,Safe,Safe,0.732000,0.842000,1.150273,0.110000,loss
compare_single_p_907_with_base_x3,compare_single_p_907_resume,base,asc_l1l2,FMCAD08/Int/memory1/DRAGON_9_e7_1843_e7_2225.lus,Safe,Safe,0.063000,0.065000,1.031746,0.002000,loss
compare_single_p_907_with_base_x3,compare_single_p_907_resume,base,asc_l1l2,FMCAD08/Int/memory1/DRAGON_4_e2_2799_e3_1915.lus,Safe,Safe,4.584000,3.544000,0.773124,-1.040000,win
compare_single_p_907_with_base_x3,compare_single_p_907_resume,base,asc_l1l2,FMCAD08/Int/memory1/DRAGON_2_e1_2316.lus,Safe,Safe,0.062000,0.063000,1.016129,0.001000,loss
compare_single_p_907_with_base_x3,compare_single_p_907_resume,base,asc_l1l2,FMCAD08/Int/memory1/DRAGON_3_e2_5343_e1_988.lus,Safe,Safe,0.073000,0.076000,1.041096,0.003000,loss
compare_single_p_907_with_base_x3,compare_single_p_907_resume,base,asc_l1l2,FMCAD08/Int/memory1/FIREFLY_luke_3.lus,Safe,Safe,1.912000,47.259000,24.717050,45.347000,loss
compare_single_p_907_with_base_x3,compare_single_p_907_resume,base,asc_l1l2,FMCAD08/Int/memory1/DRAGON_all_e7_1941_e2_6086.lus,Unsafe,Unsafe,0.024000,0.025000,1.041667,0.001000,loss
compare_single_p_907_with_base_x3,compare_single_p_907_resume,base,asc_l1l2,FMCAD08/Int/memory1/DRAGON_14_e7_3162.lus,Unsafe,Unsafe,0.581000,0.810000,1.394148,0.229000,loss
compare_single_p_907_with_base_x3,compare_single_p_907_resume,base,asc_l1l2,FMCAD08/Int/memory1/FIREFLY_10.lus,Safe,Safe,0.061000,0.061000,1.000000,0.000000,tie
compare_single_p_907_with_base_x3,compare_single_p_907_resume,base,asc_l1l2,FMCAD08/Int/memory1/FIREFLY_9.lus,Safe,Safe,0.046000,0.047000,1.021739,0.001000,loss
compare_single_p_907_with_base_x3,compare_single_p_907_resume,base,asc_l1l2,FMCAD08/Int/memory1/FIREFLY_luke_1b_e1_1139_e2_2893.lus,Safe,Safe,0.045000,0.047000,1.044444,0.002000,loss
compare_single_p_907_with_base_x3,compare_single_p_907_resume,base,asc_l1l2,FMCAD08/Int/memory1/DRAGON_all2_e7_5406_e1_6690.lus,Unsafe,Unsafe,0.028000,0.030000,1.071429,0.002000,loss
compare_single_p_907_with_base_x3,compare_single_p_907_resume,base,asc_l1l2,FMCAD08/Int/memory1/DRAGON_9.lus,Safe,Safe,0.060000,0.063000,1.050000,0.003000,loss
compare_single_p_907_with_base_x3,compare_single_p_907_resume,base,asc_l1l2,FMCAD08/Int/memory1/FIREFLY_luke_rt_e1_913.lus,Unsafe,Unsafe,0.063000,0.064000,1.015873,0.001000,loss
compare_single_p_907_with_base_x3,compare_single_p_907_resume,base,asc_l1l2,FMCAD08/Int/memory1/FIREFLY_luke_rt.lus,Safe,Safe,0.071000,0.054000,0.760563,-0.017000,win
compare_single_p_907_with_base_x3,compare_single_p_907_resume,base,asc_l1l2,FMCAD08/Int/memory1/FIREFLY_1_e1_1092_e3_389.lus,Unsafe,Unsafe,0.055000,0.054000,0.981818,-0.001000,win
compare_single_p_907_with_base_x3,compare_single_p_907_resume,base,asc_l1l2,FMCAD08/Int/memory1/FIREFLY_luke_1b_e3_671_e6_1974.lus,Safe,Safe,0.075000,0.048000,0.640000,-0.027000,win
compare_single_p_907_with_base_x3,compare_single_p_907_resume,base,asc_l1l2,FMCAD08/Int/memory1/DRAGON_all_e3_4821_e1_1318.lus,Safe,Safe,0.177000,0.153000,0.864407,-0.024000,win
compare_single_p_907_with_base_x3,compare_single_p_907_resume,base,asc_l1l2,FMCAD08/Int/memory1/FIREFLY_luke_rt_e1_913_e1_1993.lus,Unsafe,Unsafe,0.060000,0.064000,1.066667,0.004000,loss
compare_single_p_907_with_base_x3,compare_single_p_907_resume,base,asc_l1l2,FMCAD08/Int/memory1/DRAGON_3_e1_4783_e2_158.lus,Safe,Safe,0.072000,0.075000,1.041667,0.003000,loss
compare_single_p_907_with_base_x3,compare_single_p_907_resume,base,asc_l1l2,FMCAD08/Int/memory1/FIREFLY_11.lus,Timeout,Timeout,,,,,unsolved_both
compare_single_p_907_with_base_x3,compare_single_p_907_resume,base,asc_l1l2,FMCAD08/Int/memory1/DRAGON_5_e7_2017.lus,Unsafe,Unsafe,0.089000,0.147000,1.651685,0.058000,loss
compare_single_p_907_with_base_x3,compare_single_p_907_resume,base,asc_l1l2,FMCAD08/Int/memory1/DRAGON_3_e1_4783_e7_4070.lus,Unsafe,Unsafe,0.024000,0.025000,1.041667,0.001000,loss
compare_single_p_907_with_base_x3,compare_single_p_907_resume,base,asc_l1l2,FMCAD08/Int/memory1/DRAGON_1_e1_14612_e2_2653_e7_4370.lus,Safe,Safe,0.095000,0.094000,0.989474,-0.001000,win
compare_single_p_907_with_base_x3,compare_single_p_907_resume,base,asc_l1l2,FMCAD08/Int/memory1/DRAGON_14_e1_5710.lus,Timeout,Timeout,,,,,unsolved_both
compare_single_p_907_with_base_x3,compare_single_p_907_resume,base,asc_l1l2,FMCAD08/Int/memory1/DRAGON_all_e3_4821_e2_1089.lus,Safe,Safe,0.177000,0.152000,0.858757,-0.025000,win
compare_single_p_907_with_base_x3,compare_single_p_907_resume,base,asc_l1l2,FMCAD08/Int/memory1/FIREFLY_a3_e1_3233_e1_3123.lus,Unsafe,Unsafe,0.063000,0.066000,1.047619,0.003000,loss
compare_single_p_907_with_base_x3,compare_single_p_907_resume,base,asc_l1l2,FMCAD08/Int/memory1/DRAGON_4_e7_2329_e7_3856.lus,Unsafe,Unsafe,0.201000,0.112000,0.557214,-0.089000,win
compare_single_p_907_with_base_x3,compare_single_p_907_resume,base,asc_l1l2,FMCAD08/Int/memory1/FIREFLY_all_e1_1207_e1_1201.lus,Unsafe,Unsafe,0.163000,0.143000,0.877301,-0.020000,win
compare_single_p_907_with_base_x3,compare_single_p_907_resume,base,asc_l1l2,FMCAD08/Int/memory1/DRAGON_4_e2_2799.lus,Safe,Safe,3.401000,3.566000,1.048515,0.165000,loss
compare_single_p_907_with_base_x3,compare_single_p_907_resume,base,asc_l1l2,FMCAD08/Int/memory1/FIREFLY_8.lus,Safe,Safe,0.046000,0.046000,1.000000,0.000000,tie
compare_single_p_907_with_base_x3,compare_single_p_907_resume,base,asc_l1l2,FMCAD08/Int/memory1/FIREFLY_all_e3_1600_e1_667.lus,Unsafe,Unsafe,0.064000,0.096000,1.500000,0.032000,loss
compare_single_p_907_with_base_x3,compare_single_p_907_resume,base,asc_l1l2,FMCAD08/Int/memory1/DRAGON_10_e2_2785_e3_1744.lus,Safe,Safe,0.063000,0.065000,1.031746,0.002000,loss
compare_single_p_907_with_base_x3,compare_single_p_907_resume,base,asc_l1l2,FMCAD08/Int/memory1/DRAGON_5_e7_2017_e7_2326.lus,Unsafe,Unsafe,0.154000,0.094000,0.610390,-0.060000,win
compare_single_p_907_with_base_x3,compare_single_p_907_resume,base,asc_l1l2,FMCAD08/Int/memory1/FIREFLY_luke_2_e7_1826_e8_126.lus,Safe,Safe,0.447000,0.509000,1.138702,0.062000,loss
compare_single_p_907_with_base_x3,compare_single_p_907_resume,base,asc_l1l2,FMCAD08/Int/memory1/FIREFLY_a3.lus,Safe,Safe,0.107000,0.165000,1.542056,0.058000,loss
compare_single_p_907_with_base_x3,compare_single_p_907_resume,base,asc_l1l2,FMCAD08/Int/memory1/DRAGON_12_e2_1618_e1_6030.lus,Safe,Safe,3.128000,5.375000,1.718350,2.247000,loss
compare_single_p_907_with_base_x3,compare_single_p_907_resume,base,asc_l1l2,FMCAD08/Int/memory1/DRAGON_12_e2_1618.lus,Safe,Safe,1.955000,1.772000,0.906394,-0.183000,win
compare_single_p_907_with_base_x3,compare_single_p_907_resume,base,asc_l1l2,FMCAD08/Int/memory1/DRAGON_7_e2_2872_e3_2640.lus,Safe,Safe,0.119000,0.118000,0.991597,-0.001000,win
compare_single_p_907_with_base_x3,compare_single_p_907_resume,base,asc_l1l2,FMCAD08/Int/memory1/DRAGON_9_e7_1843_e2_1145.lus,Safe,Safe,0.094000,0.095000,1.010638,0.001000,loss
compare_single_p_907_with_base_x3,compare_single_p_907_resume,base,asc_l1l2,FMCAD08/Int/memory1/DRAGON_8_e7_3752.lus,Safe,Safe,1.096000,1.340000,1.222628,0.244000,loss
compare_single_p_907_with_base_x3,compare_single_p_907_resume,base,asc_l1l2,FMCAD08/Int/memory1/DRAGON_12_e2_1618_e3_2012.lus,Safe,Safe,1.305000,1.773000,1.358621,0.468000,loss
compare_single_p_907_with_base_x3,compare_single_p_907_resume,base,asc_l1l2,FMCAD08/Int/memory1/DRAGON_14_e7_3162_e7_3528.lus,Unsafe,Unsafe,0.729000,0.587000,0.805213,-0.142000,win
compare_single_p_907_with_base_x3,compare_single_p_907_resume,base,asc_l1l2,FMCAD08/Int/memory1/DRAGON_11_e2_5396_e3_282.lus,Timeout,Timeout,,,,,unsolved_both
compare_single_p_907_with_base_x3,compare_single_p_907_resume,base,asc_l1l2,FMCAD08/Int/memory1/DRAGON_1.lus,Safe,Safe,0.088000,0.083000,0.943182,-0.005000,win
compare_single_p_907_with_base_x3,compare_single_p_907_resume,base,asc_l1l2,FMCAD08/Int/memory1/DRAGON_8_e3_786_e7_4541.lus,Safe,Safe,2.942000,0.710000,0.241332,-2.232000,win
compare_single_p_907_with_base_x3,compare_single_p_907_resume,base,asc_l1l2,FMCAD08/Int/memory1/DRAGON_5_e7_2017_e2_664.lus,Unsafe,Unsafe,0.091000,0.151000,1.659341,0.060000,loss
compare_single_p_907_with_base_x3,compare_single_p_907_resume,base,asc_l1l2,FMCAD08/Int/memory1/FIREFLY_10_e7_919_e2_3192.lus,Safe,Safe,0.046000,0.046000,1.000000,0.000000,tie
compare_single_p_907_with_base_x3,compare_single_p_907_resume,base,asc_l1l2,FMCAD08/Int/memory1/FIREFLY_luke_1b_e3_671_e1_725.lus,Unsafe,Unsafe,0.044000,0.048000,1.090909,0.004000,loss
compare_single_p_907_with_base_x3,compare_single_p_907_resume,base,asc_l1l2,FMCAD08/Int/memory1/FIREFLY_8_e2_1711.lus,Safe,Safe,0.045000,0.047000,1.044444,0.002000,loss
compare_single_p_907_with_base_x3,compare_single_p_907_resume,base,asc_l1l2,FMCAD08/Int/memory1/DRAGON_2_e2_4481.lus,Safe,Safe,0.062000,0.065000,1.048387,0.003000,loss
compare_single_p_907_with_base_x3,compare_single_p_907_resume,base,asc_l1l2,FMCAD08/Int/memory1/DRAGON_11_e3_382_e1_505.lus,Timeout,Timeout,,,,,unsolved_both
compare_single_p_907_with_base_x3,compare_single_p_907_resume,base,asc_l1l2,FMCAD08/Int/memory1/FIREFLY_1_e1_1092_e1_1486.lus,Unsafe,Unsafe,0.053000,0.055000,1.037736,0.002000,loss
compare_single_p_907_with_base_x3,compare_single_p_907_resume,base,asc_l1l2,FMCAD08/Int/memory1/DRAGON_all_e1_4037.lus,Safe,Safe,0.158000,0.158000,1.000000,0.000000,tie
compare_single_p_907_with_base_x3,compare_single_p_907_resume,base,asc_l1l2,FMCAD08/Int/memory1/FIREFLY_luke_rt_e1_913_e7_1403.lus,Unsafe,Unsafe,0.019000,0.019000,1.000000,0.000000,tie
compare_single_p_907_with_base_x3,compare_single_p_907_resume,base,asc_l1l2,FMCAD08/Int/memory1/DRAGON_3_e3_5422_e1_2288.lus,Safe,Safe,0.072000,0.075000,1.041667,0.003000,loss
compare_single_p_907_with_base_x3,compare_single_p_907_resume,base,asc_l1l2,FMCAD08/Int/memory1/DRAGON_11_e2_1678_e1_3565.lus,Timeout,Timeout,,,,,unsolved_both
compare_single_p_907_with_base_x3,compare_single_p_907_resume,base,asc_l1l2,FMCAD08/Int/memory1/FIREFLY_luke_1b_e2_3049_e3_2697.lus,Unsafe,Unsafe,0.042000,0.044000,1.047619,0.002000,loss
compare_single_p_907_with_base_x3,compare_single_p_907_resume,base,asc_l1l2,FMCAD08/Int/memory1/FIREFLY_luke_1b_e3_671_e2_2131.lus,Unsafe,Unsafe,0.055000,0.057000,1.036364,0.002000,loss
compare_single_p_907_with_base_x3,compare_single_p_907_resume,base,asc_l1l2,FMCAD08/Int/memory1/FIREFLY_a3_e1_3233_e7_906.lus,Unsafe,Unsafe,0.020000,0.021000,1.050000,0.001000,loss
compare_single_p_907_with_base_x3,compare_single_p_907_resume,base,asc_l1l2,FMCAD08/Int/memory1/FIREFLY_luke_rt_e2_3460_e2_2670.lus,Unsafe,Unsafe,0.061000,0.065000,1.065574,0.004000,loss
compare_single_p_907_with_base_x3,compare_single_p_907_resume,base,asc_l1l2,FMCAD08/Int/memory1/DRAGON_all_e1_4022_e2_267.lus,Safe,Safe,0.181000,0.151000,0.834254,-0.030000,win
compare_single_p_907_with_base_x3,compare_single_p_907_resume,base,asc_l1l2,FMCAD08/Int/memory1/FIREFLY_a3_e2_2086_e7_2614.lus,Unsafe,Unsafe,0.021000,0.020000,0.952381,-0.001000,win
compare_single_p_907_with_base_x3,compare_single_p_907_resume,base,asc_l1l2,FMCAD08/Int/memory1/DRAGON_all2_e3_4612_e2_5774.lus,Timeout,Timeout,,,,,unsolved_both
compare_single_p_907_with_base_x3,compare_single_p_907_resume,base,asc_l1l2,FMCAD08/Int/memory1/FIREFLY_3_e2_2236_e7_3681.lus,Safe,Safe,0.065000,0.063000,0.969231,-0.002000,win
compare_single_p_907_with_base_x3,compare_single_p_907_resume,base,asc_l1l2,FMCAD08/Int/memory1/DRAGON_2_e7_25_e3_829.lus,Unsafe,Unsafe,0.037000,0.025000,0.675676,-0.012000,win
compare_single_p_907_with_base_x3,compare_single_p_907_resume,base,asc_l1l2,FMCAD08/Int/memory1/FIREFLY_4.lus,Safe,Safe,0.050000,0.053000,1.060000,0.003000,loss
compare_single_p_907_with_base_x3,compare_single_p_907_resume,base,asc_l1l2,FMCAD08/Int/memory1/FIREFLY_1_e1_1092_e2_1853.lus,Safe,Safe,0.044000,0.046000,1.045455,0.002000,loss
compare_single_p_907_with_base_x3,compare_single_p_907_resume,base,asc_l1l2,FMCAD08/Int/memory1/FIREFLY_4_e3_3511_e1_2375.lus,Unsafe,Unsafe,0.761000,0.185000,0.243101,-0.576000,win
compare_single_p_907_with_base_x3,compare_single_p_907_resume,base,asc_l1l2,FMCAD08/Int/memory1/DRAGON_2_e7_25_e1_154.lus,Unsafe,Unsafe,0.025000,0.025000,1.000000,0.000000,tie
compare_single_p_907_with_base_x3,compare_single_p_907_resume,base,asc_l1l2,FMCAD08/Int/memory1/DRAGON_1_e1_14612_e1_268_e7_501.lus,Safe,Safe,0.098000,0.095000,0.969388,-0.003000,win
compare_single_p_907_with_base_x3,compare_single_p_907_resume,base,asc_l1l2,FMCAD08/Int/memory1/DRAGON_all.lus,Safe,Safe,0.232000,0.157000,0.676724,-0.075000,win
compare_single_p_907_with_base_x3,compare_single_p_907_resume,base,asc_l1l2,FMCAD08/Int/memory1/FIREFLY_luke_1b_e3_671.lus,Unsafe,Unsafe,0.043000,0.044000,1.023256,0.001000,loss
compare_single_p_907_with_base_x3,compare_single_p_907_resume,base,asc_l1l2,FMCAD08/Int/memory1/FIREFLY_all_e3_1600_e5_84.lus,Unsafe,Unsafe,0.059000,0.064000,1.084746,0.005000,loss
compare_single_p_907_with_base_x3,compare_single_p_907_resume,base,asc_l1l2,FMCAD08/Int/memory1/FIREFLY_luke_rt_e1_913_e2_3353.lus,Safe,Safe,0.053000,0.054000,1.018868,0.001000,loss
compare_single_p_907_with_base_x3,compare_single_p_907_resume,base,asc_l1l2,FMCAD08/Int/memory1/FIREFLY_a3_e2_2952.lus,Safe,Safe,0.108000,0.169000,1.564815,0.061000,loss
compare_single_p_907_with_base_x3,compare_single_p_907_resume,base,asc_l1l2,FMCAD08/Int/memory1/DRAGON_1_e1_3184_e7_1888.lus,Safe,Safe,0.062000,0.083000,1.338710,0.021000,loss
compare_single_p_907_with_base_x3,compare_single_p_907_resume,base,asc_l1l2,FMCAD08/Int/memory1/FIREFLY_luke_1a_e2_284_e3_3091.lus,Timeout,Timeout,,,,,unsolved_both
compare_single_p_907_with_base_x3,compare_single_p_907_resume,base,asc_l1l2,FMCAD08/Int/memory1/FIREFLY_7.lus,Safe,Timeout,35.227000,286.690000,,,regressed
compare_single_p_907_with_base_x3,compare_single_p_907_resume,base,asc_l1l2,FMCAD08/Int/memory1/FIREFLY_all_e3_3496.lus,Unsafe,Unsafe,0.163000,0.083000,0.509202,-0.080000,win
compare_single_p_907_with_base_x3,compare_single_p_907_resume,base,asc_l1l2,FMCAD08/Int/memory1/DRAGON_14_e3_1259_e1_5798.lus,Timeout,Timeout,,,,,unsolved_both
compare_single_p_907_with_base_x3,compare_single_p_907_resume,base,asc_l1l2,FMCAD08/Int/memory1/FIREFLY_luke_1b_e7_2574.lus,Unsafe,Unsafe,0.019000,0.020000,1.052632,0.001000,loss
compare_single_p_907_with_base_x3,compare_single_p_907_resume,base,asc_l1l2,FMCAD08/Int/memory1/FIREFLY_5_e2_2884_e3_1882.lus,Safe,Safe,0.046000,0.047000,1.021739,0.001000,loss
compare_single_p_907_with_base_x3,compare_single_p_907_resume,base,asc_l1l2,FMCAD08/Int/memory1/DRAGON_3.lus,Safe,Safe,0.108000,0.073000,0.675926,-0.035000,win
compare_single_p_907_with_base_x3,compare_single_p_907_resume,base,asc_l1l2,FMCAD08/Int/memory1/FIREFLY_11_e3_2076_e1_1270.lus,Timeout,Timeout,,,,,unsolved_both
compare_single_p_907_with_base_x3,compare_single_p_907_resume,base,asc_l1l2,FMCAD08/Int/memory1/DRAGON_4_e2_2799_e1_1303.lus,Safe,Safe,3.283000,3.886000,1.183673,0.603000,loss
compare_single_p_907_with_base_x3,compare_single_p_907_resume,base,asc_l1l2,FMCAD08/Int/memory1/DRAGON_1_e3_11891_e7_4569_e4_4881.lus,Safe,Safe,0.065000,0.062000,0.953846,-0.003000,win
compare_single_p_907_with_base_x3,compare_single_p_907_resume,base,asc_l1l2,FMCAD08/Int/memory1/DRAGON_14.lus,Timeout,Timeout,,,,,unsolved_both
compare_single_p_907_with_base_x3,compare_single_p_907_resume,base,asc_l1l2,FMCAD08/Int/memory1/FIREFLY_3_e2_2236_e2_1058.lus,Safe,Safe,0.063000,0.061000,0.968254,-0.002000,win
compare_single_p_907_with_base_x3,compare_single_p_907_resume,base,asc_l1l2,FMCAD08/Int/memory1/FIREFLY_5_e2_2884_e7_3594.lus,Safe,Safe,0.046000,0.048000,1.043478,0.002000,loss
compare_single_p_907_with_base_x3,compare_single_p_907_resume,base,asc_l1l2,FMCAD08/Int/memory1/DRAGON_2_e2_3183_e2_3580.lus,Safe,Safe,0.062000,0.065000,1.048387,0.003000,loss
compare_single_p_907_with_base_x3,compare_single_p_907_resume,base,asc_l1l2,FMCAD08/Int/memory1/DRAGON_13_e7_2336_e7_685.lus,Unsafe,Unsafe,0.024000,0.025000,1.041667,0.001000,loss
compare_single_p_907_with_base_x3,compare_single_p_907_resume,base,asc_l1l2,FMCAD08/Int/memory1/DRAGON_2_e7_25.lus,Unsafe,Unsafe,0.024000,0.026000,1.083333,0.002000,loss
compare_single_p_907_with_base_x3,compare_single_p_907_resume,base,asc_l1l2,FMCAD08/Int/memory1/DRAGON_11_e1_2450_e7_5791.lus,Unsafe,Unsafe,0.025000,0.026000,1.040000,0.001000,loss
compare_single_p_907_with_base_x3,compare_single_p_907_resume,base,asc_l1l2,FMCAD08/Int/memory1/FIREFLY_4_e3_3511_e2_1923.lus,Safe,Safe,0.123000,0.123000,1.000000,0.000000,tie
compare_single_p_907_with_base_x3,compare_single_p_907_resume,base,asc_l1l2,FMCAD08/Int/memory1/FIREFLY_2_e3_151_e3_1540.lus,Unsafe,Unsafe,0.061000,0.061000,1.000000,0.000000,tie
compare_single_p_907_with_base_x3,compare_single_p_907_resume,base,asc_l1l2,FMCAD08/Int/memory1/FIREFLY_luke_5.lus,Timeout,Timeout,,,,,unsolved_both
compare_single_p_907_with_base_x3,compare_single_p_907_resume,base,asc_l1l2,FMCAD08/Int/memory1/DRAGON_all2_e3_4612_e4_3719.lus,Timeout,Timeout,,,,,unsolved_both
compare_single_p_907_with_base_x3,compare_single_p_907_resume,base,asc_l1l2,FMCAD08/Int/memory1/DRAGON_all2_e8_4626.lus,Unsafe,Unsafe,0.027000,0.028000,1.037037,0.001000,loss
compare_single_p_907_with_base_x3,compare_single_p_907_resume,base,asc_l1l2,FMCAD08/Int/memory1/FIREFLY_luke_1b_e7_3191_e1_1303.lus,Unsafe,Unsafe,0.022000,0.021000,0.954545,-0.001000,win
compare_single_p_907_with_base_x3,compare_single_p_907_resume,base,asc_l1l2,FMCAD08/Int/memory1/FIREFLY_luke_1b.lus,Safe,Safe,0.046000,0.046000,1.000000,0.000000,tie
compare_single_p_907_with_base_x3,compare_single_p_907_resume,base,asc_l1l2,FMCAD08/Int/memory1/DRAGON_2.lus,Safe,Safe,0.061000,0.064000,1.049180,0.003000,loss
compare_single_p_907_with_base_x3,compare_single_p_907_resume,base,asc_l1l2,FMCAD08/Int/memory1/DRAGON_all2_e7_5406.lus,Unsafe,Unsafe,0.029000,0.029000,1.000000,0.000000,tie
compare_single_p_907_with_base_x3,compare_single_p_907_resume,base,asc_l1l2,FMCAD08/Int/memory1/FIREFLY_a3_e3_314_e4_897.lus,Unsafe,Unsafe,1.037000,0.713000,0.687560,-0.324000,win
compare_single_p_907_with_base_x3,compare_single_p_907_resume,base,asc_l1l2,FMCAD08/Int/memory1/FIREFLY_all_e2_3678.lus,Unsafe,Unsafe,0.060000,0.062000,1.033333,0.002000,loss
compare_single_p_907_with_base_x3,compare_single_p_907_resume,base,asc_l1l2,FMCAD08/Int/memory1/DRAGON_4_e2_2799_e2_2251.lus,Safe,Safe,4.970000,4.995000,1.005030,0.025000,loss
compare_single_p_907_with_base_x3,compare_single_p_907_resume,base,asc_l1l2,FMCAD08/Int/memory1/FIREFLY_6.lus,Safe,Safe,0.440000,0.460000,1.045455,0.020000,loss
compare_single_p_907_with_base_x3,compare_single_p_907_resume,base,asc_l1l2,FMCAD08/Int/memory1/FIREFLY_all.lus,Safe,Safe,0.225000,0.235000,1.044444,0.010000,loss
compare_single_p_907_with_base_x3,compare_single_p_907_resume,base,asc_l1l2,FMCAD08/Int/memory1/DRAGON_9_e7_1843.lus,Safe,Safe,0.097000,0.091000,0.938144,-0.006000,win
compare_single_p_907_with_base_x3,compare_single_p_907_resume,base,asc_l1l2,FMCAD08/Int/memory1/DRAGON_8.lus,Safe,Safe,289.526000,0.838000,0.002894,-288.688000,win
compare_single_p_907_with_base_x3,compare_single_p_907_resume,base,asc_l1l2,FMCAD08/Int/memory1/DRAGON_10_e7_3861_e2_1020.lus,Unsafe,Unsafe,0.024000,0.024000,1.000000,0.000000,tie
compare_single_p_907_with_base_x3,compare_single_p_907_resume,base,asc_l1l2,FMCAD08/Int/memory1/FIREFLY_6_e2_3302.lus,Safe,Safe,0.520000,0.548000,1.053846,0.028000,loss
compare_single_p_907_with_base_x3,compare_single_p_907_resume,base,asc_l1l2,FMCAD08/Int/memory1/DRAGON_3_e1_4783_e1_3755.lus,Safe,Safe,0.071000,0.071000,1.000000,0.000000,tie
compare_single_p_907_with_base_x3,compare_single_p_907_resume,base,asc_l1l2,FMCAD08/Int/memory1/FIREFLY_all_e2_2924_e2_1767.lus,Unsafe,Unsafe,0.123000,0.079000,0.642276,-0.044000,win
compare_single_p_907_with_base_x3,compare_single_p_907_resume,base,asc_l1l2,FMCAD08/Int/memory1/DRAGON_all_e7_4065.lus,Unsafe,Unsafe,0.024000,0.025000,1.041667,0.001000,loss
compare_single_p_907_with_base_x3,compare_single_p_907_resume,base,asc_l1l2,FMCAD08/Int/memory1/FIREFLY_luke_1a_e2_284_e7_998.lus,Unsafe,Timeout,0.130000,0.074000,,,regressed
compare_single_p_907_with_base_x3,compare_single_p_907_resume,base,asc_l1l2,FMCAD08/Int/memory1/DRAGON_10_e3_3429.lus,Safe,Safe,0.060000,0.063000,1.050000,0.003000,loss
compare_single_p_907_with_base_x3,compare_single_p_907_resume,base,asc_l1l2,FMCAD08/Int/memory1/FIREFLY_luke_1b_e7_3191_e2_1864.lus,Unsafe,Unsafe,0.020000,0.020000,1.000000,0.000000,tie
compare_single_p_907_with_base_x3,compare_single_p_907_resume,base,asc_l1l2,FMCAD08/Int/memory1/DRAGON_13_e3_1418_e3_2761.lus,Timeout,Safe,0.205000,3.028000,,,newly_solved
compare_single_p_907_with_base_x3,compare_single_p_907_resume,base,asc_l1l2,FMCAD08/Int/memory1/DRAGON_10_e1_3587_e3_2749.lus,Safe,Safe,0.086000,0.091000,1.058140,0.005000,loss
compare_single_p_907_with_base_x3,compare_single_p_907_resume,base,asc_l1l2,FMCAD08/Int/memory1/FIREFLY_a3_e1_3233_e2_2392.lus,Safe,Safe,0.111000,0.107000,0.963964,-0.004000,win
compare_single_p_907_with_base_x3,compare_single_p_907_resume,base,asc_l1l2,FMCAD08/Int/memory1/DRAGON_10_e3_144_e7_523.lus,Unsafe,Unsafe,0.022000,0.024000,1.090909,0.002000,loss
compare_single_p_907_with_base_x3,compare_single_p_907_resume,base,asc_l1l2,FMCAD08/Int/memory1/DRAGON_14_e3_5120.lus,Timeout,Timeout,,,,,unsolved_both
compare_single_p_907_with_base_x3,compare_single_p_907_resume,base,asc_l1l2,FMCAD08/Int/memory1/DRAGON_6.lus,Safe,Safe,0.060000,0.062000,1.033333,0.002000,loss
compare_single_p_907_with_base_x3,compare_single_p_907_resume,base,asc_l1l2,FMCAD08/Int/memory1/FIREFLY_luke_1b_e7_3191_e7_2146.lus,Unsafe,Unsafe,0.051000,0.020000,0.392157,-0.031000,win
compare_single_p_907_with_base_x3,compare_single_p_907_resume,base,asc_l1l2,FMCAD08/Int/memory1/FIREFLY_luke_3_e1_2217_e3_1200.lus,Safe,Timeout,2.115000,0.826000,,,regressed
compare_single_p_907_with_base_x3,compare_single_p_907_resume,base,asc_l1l2,FMCAD08/Int/memory1/FIREFLY_luke_rt_e2_3460_e7_471.lus,Unsafe,Unsafe,0.020000,0.020000,1.000000,0.000000,tie
compare_single_p_907_with_base_x3,compare_single_p_907_resume,base,asc_l1l2,FMCAD08/Int/memory1/DRAGON_11_e1_2450_e3_2330.lus,Timeout,Timeout,,,,,unsolved_both
compare_single_p_907_with_base_x3,compare_single_p_907_resume,base,asc_l1l2,FMCAD08/Int/memory1/DRAGON_5.lus,Safe,Safe,0.457000,0.551000,1.205689,0.094000,loss
compare_single_p_907_with_base_x3,compare_single_p_907_resume,base,asc_l1l2,FMCAD08/Int/memory1/FIREFLY_8_e2_1711_e2_2673.lus,Safe,Safe,0.045000,0.047000,1.044444,0.002000,loss
compare_single_p_907_with_base_x3,compare_single_p_907_resume,base,asc_l1l2,FMCAD08/Int/memory1/DRAGON_all2.lus,Timeout,Timeout,,,,,unsolved_both
compare_single_p_907_with_base_x3,compare_single_p_907_resume,base,asc_l1l2,FMCAD08/Int/memory1/DRAGON_11_e3_382_e4_4421.lus,Timeout,Timeout,,,,,unsolved_both
compare_single_p_907_with_base_x3,compare_single_p_907_resume,base,asc_l1l2,FMCAD08/Int/memory1/FIREFLY_all_e1_3406.lus,Unsafe,Unsafe,0.099000,0.142000,1.434343,0.043000,loss
compare_single_p_907_with_base_x3,compare_single_p_907_resume,base,asc_l1l2,FMCAD08/Int/memory1/DRAGON_6_e7_5046_e7_3623.lus,Safe,Safe,0.063000,0.063000,1.000000,0.000000,tie
compare_single_p_907_with_base_x3,compare_single_p_907_resume,base,asc_l1l2,FMCAD08/Int/memory1/FIREFLY_luke_1b_e1_1139_e1_1565.lus,Unsafe,Unsafe,0.043000,0.044000,1.023256,0.001000,loss
compare_single_p_907_with_base_x3,compare_single_p_907_resume,base,asc_l1l2,FMCAD08/Int/memory1/FIREFLY_luke_1a_e2_284_e2_2755.lus,Timeout,Timeout,,,,,unsolved_both
compare_single_p_907_with_base_x3,compare_single_p_907_resume,base,asc_l1l2,FMCAD08/Int/memory1/FIREFLY_a3_e2_2086_e1_3235.lus,Safe,Safe,0.107000,0.127000,1.186916,0.020000,loss
compare_single_p_907_with_base_x3,compare_single_p_907_resume,base,asc_l1l2,FMCAD08/Int/memory1/FIREFLY_luke_rt_e2_3460_e3_1333.lus,Unsafe,Unsafe,0.043000,0.043000,1.000000,0.000000,tie
compare_single_p_907_with_base_x3,compare_single_p_907_resume,base,asc_l1l2,FMCAD08/Int/memory1/DRAGON_all_e3_5957.lus,Safe,Safe,0.178000,0.178000,1.000000,0.000000,tie
compare_single_p_907_with_base_x3,compare_single_p_907_resume,base,asc_l1l2,FMCAD08/Int/memory1/DRAGON_2_e2_3183_e1_2644.lus,Safe,Safe,0.064000,0.065000,1.015625,0.001000,loss
compare_single_p_907_with_base_x3,compare_single_p_907_resume,base,asc_l1l2,FMCAD08/Int/memory1/DRAGON_12.lus,Safe,Safe,2.291000,2.462000,1.074640,0.171000,loss
compare_single_p_907_with_base_x3,compare_single_p_907_resume,base,asc_l1l2,FMCAD08/Int/memory1/DRAGON_all2_e7_5406_e2_3084.lus,Unsafe,Unsafe,0.029000,0.031000,1.068966,0.002000,loss
compare_single_p_907_with_base_x3,compare_single_p_907_resume,base,asc_l1l2,FMCAD08/Int/memory1/DRAGON_9_e7_1843_e1_5434.lus,Safe,Safe,0.094000,0.095000,1.010638,0.001000,loss
compare_single_p_907_with_base_x3,compare_single_p_907_resume,base,asc_l1l2,FMCAD08/Int/memory1/FIREFLY_3_e2_2236.lus,Safe,Safe,0.045000,0.045000,1.000000,0.000000,tie
compare_single_p_907_with_base_x3,compare_single_p_907_resume,base,asc_l1l2,FMCAD08/Int/memory1/DRAGON_14_e7_3162_e2_753.lus,Unsafe,Unsafe,1.103000,0.650000,0.589302,-0.453000,win
compare_single_p_907_with_base_x3,compare_single_p_907_resume,base,asc_l1l2,FMCAD08/Int/memory1/DRAGON_4_e3_4133.lus,Safe,Safe,3.857000,5.992000,1.553539,2.135000,loss
compare_single_p_907_with_base_x3,compare_single_p_907_resume,base,asc_l1l2,FMCAD08/Int/memory1/DRAGON_11_e1_2450_e1_5887.lus,Timeout,Timeout,,,,,unsolved_both
compare_single_p_907_with_base_x3,compare_single_p_907_resume,base,asc_l1l2,FMCAD08/Int/memory1/DRAGON_14_e2_3606.lus,Timeout,Timeout,,,,,unsolved_both
compare_single_p_907_with_base_x3,compare_single_p_907_resume,base,asc_l1l2,FMCAD08/Int/memory1/FIREFLY_a3_e1_3233_e3_2970.lus,Safe,Safe,0.116000,0.131000,1.129310,0.015000,loss
compare_single_p_907_with_base_x3,compare_single_p_907_resume,base,asc_l1l2,FMCAD08/Int/memory1/FIREFLY_a3_e3_314_e2_2812.lus,Safe,Safe,0.189000,0.218000,1.153439,0.029000,loss
compare_single_p_907_with_base_x3,compare_single_p_907_resume,base,asc_l1l2,FMCAD08/Int/memory1/DRAGON_all_e3_4821_e5_1536.lus,Safe,Safe,0.157000,0.158000,1.006369,0.001000,loss
compare_single_p_907_with_base_x3,compare_single_p_907_resume,base,asc_l1l2,FMCAD08/Int/memory1/FIREFLY_luke_4.lus,Timeout,Timeout,,,,,unsolved_both
compare_single_p_907_with_base_x3,compare_single_p_907_resume,base,asc_l1l2,FMCAD08/Int/memory1/DRAGON_11.lus,Timeout,Timeout,,,,,unsolved_both
compare_single_p_907_with_base_x3,compare_single_p_907_resume,base,asc_l1l2,FMCAD08/Int/memory1/FIREFLY_all_e1_1207_e2_3220.lus,Safe,Safe,0.264000,0.229000,0.867424,-0.035000,win
compare_single_p_907_with_base_x3,compare_single_p_907_resume,base,asc_l1l2,FMCAD08/Int/memory1/FIREFLY_luke_4_e2_325.lus,Timeout,Timeout,,,,,unsolved_both
compare_single_p_907_with_base_x3,compare_single_p_907_resume,base,asc_l1l2,FMCAD08/Int/memory1/DRAGON_8_e2_3896_e3_3125.lus,Safe,Timeout,6.215000,0.291000,,,regressed
compare_single_p_907_with_base_x3,compare_single_p_907_resume,base,asc_l1l2,FMCAD08/Int/memory1/DRAGON_3_e7_4884.lus,Unsafe,Unsafe,0.024000,0.025000,1.041667,0.001000,loss
compare_single_p_907_with_base_x3,compare_single_p_907_resume,base,asc_l1l2,FMCAD08/Int/memory1/FIREFLY_luke_1b_e1_1139_e3_1839.lus,Unsafe,Unsafe,0.055000,0.057000,1.036364,0.002000,loss
compare_single_p_907_with_base_x3,compare_single_p_907_resume,base,asc_l1l2,FMCAD08/Int/memory1/FIREFLY_4_e3_3511_e3_422.lus,Safe,Safe,0.125000,0.130000,1.040000,0.005000,loss
compare_single_p_907_with_base_x3,compare_single_p_907_resume,base,asc_l1l2,FMCAD08/Int/memory1/FIREFLY_8_e2_1711_e1_1489.lus,Safe,Safe,0.050000,0.048000,0.960000,-0.002000,win
compare_single_p_907_with_base_x3,compare_single_p_907_resume,base,asc_l1l2,FMCAD08/Int/memory1/DRAGON_all_e1_4022_e7_2886.lus,Unsafe,Unsafe,0.025000,0.027000,1.080000,0.002000,loss
compare_single_p_907_with_base_x3,compare_single_p_907_resume,base,asc_l1l2,FMCAD08/Int/memory1/FIREFLY_all_e3_1600_e4_2415.lus,Unsafe,Unsafe,0.081000,0.085000,1.049383,0.004000,loss
compare_single_p_907_with_base_x3,compare_single_p_907_resume,base,asc_l1l2,FMCAD08/Int/memory1/FIREFLY_5.lus,Safe,Safe,0.061000,0.060000,0.983607,-0.001000,win
compare_single_p_907_with_base_x3,compare_single_p_907_resume,base,asc_l1l2,FMCAD08/Int/memory1/FIREFLY_1.lus,Safe,Safe,0.043000,0.046000,1.069767,0.003000,loss
compare_single_p_907_with_base_x3,compare_single_p_907_resume,base,asc_l1l2,FMCAD08/Int/memory1/FIREFLY_4_e3_3511_e7_3568.lus,Unsafe,Unsafe,0.019000,0.020000,1.052632,0.001000,loss
compare_single_p_907_with_base_x3,compare_single_p_907_resume,base,asc_l1l2,FMCAD08/Int/memory1/FIREFLY_5_e2_2229.lus,Safe,Safe,0.047000,0.046000,0.978723,-0.001000,win
compare_single_p_907_with_base_x3,compare_single_p_907_resume,base,asc_l1l2,FMCAD08/Int/memory1/DRAGON_all2_e3_4612_e5_3642.lus,Timeout,Timeout,,,,,unsolved_both
compare_single_p_907_with_base_x3,compare_single_p_907_resume,base,asc_l1l2,FMCAD08/Int/memory1/DRAGON_5_e2_3018_e2_936.lus,Safe,Safe,0.468000,0.503000,1.074786,0.035000,loss
compare_single_p_907_with_base_x3,compare_single_p_907_resume,base,asc_l1l2,FMCAD08/Int/memory1/FIREFLY_luke_2.lus,Safe,Safe,0.450000,0.466000,1.035556,0.016000,loss
compare_single_p_907_with_base_x3,compare_single_p_907_resume,base,asc_l1l2,FMCAD08/Int/memory1/FIREFLY_all_e1_1207_e3_1928.lus,Unsafe,Unsafe,0.076000,0.083000,1.092105,0.007000,loss
compare_single_p_907_with_base_x3,compare_single_p_907_resume,base,asc_l1l2,FMCAD08/Int/memory1/FIREFLY_all_e1_1207_e7_156.lus,Unsafe,Unsafe,0.020000,0.022000,1.100000,0.002000,loss
compare_single_p_907_with_base_x3,compare_single_p_907_resume,base,asc_l1l2,FMCAD08/Int/memory1/DRAGON_9_e7_1843_e3_5316.lus,Safe,Safe,0.063000,0.063000,1.000000,0.000000,tie
compare_single_p_907_with_base_x3,compare_single_p_907_resume,base,asc_l1l2,FMCAD08/Int/memory1/FIREFLY_4_e3_3511_e5_3248.lus,Safe,Safe,0.121000,0.124000,1.024793,0.003000,loss
compare_single_p_907_with_base_x3,compare_single_p_907_resume,base,asc_l1l2,FMCAD08/Int/memory1/FIREFLY_1_e1_1092_e7_1119.lus,Unsafe,Unsafe,0.019000,0.020000,1.052632,0.001000,loss
compare_single_p_907_with_base_x3,compare_single_p_907_resume,base,asc_l1l2,FMCAD08/Int/memory1/FIREFLY_a3_e2_2086_e2_2689.lus,Safe,Safe,0.111000,0.130000,1.171171,0.019000,loss
compare_single_p_907_with_base_x3,compare_single_p_907_resume,base,asc_l1l2,FMCAD08/Int/memory1/DRAGON_14_e7_3162_e1_3998.lus,Unsafe,Unsafe,0.753000,0.465000,0.617530,-0.288000,win
compare_single_p_907_with_base_x3,compare_single_p_907_resume,base,asc_l1l2,FMCAD08/Int/memory1/DRAGON_12_e2_1618_e2_138.lus,Safe,Safe,4.760000,3.121000,0.655672,-1.639000,win
compare_single_p_907_with_base_x3,compare_single_p_907_resume,base,asc_l1l2,FMCAD08/Int/memory1/DRAGON_12_e1_4640_e7_128.lus,Unsafe,Unsafe,0.024000,0.026000,1.083333,0.002000,loss
compare_single_p_907_with_base_x3,compare_single_p_907_resume,base,asc_l1l2,FMCAD08/Int/memory1/DRAGON_all2_e8_5504_e7_579.lus,Unsafe,Unsafe,0.027000,0.029000,1.074074,0.002000,loss
compare_single_p_907_with_base_x3,compare_single_p_907_resume,base,asc_l1l2,FMCAD08/Int/memory1/DRAGON_5_e1_1835.lus,Safe,Safe,0.565000,0.581000,1.028319,0.016000,loss
compare_single_p_907_with_base_x3,compare_single_p_907_resume,base,asc_l1l2,FMCAD08/Int/memory1/FIREFLY_u1_e7_3318.lus,Unsafe,Unsafe,0.057000,0.061000,1.070175,0.004000,loss
compare_single_p_907_with_base_x3,compare_single_p_907_resume,base,asc_l1l2,FMCAD08/Int/memory1/DRAGON_13_e7_2336.lus,Unsafe,Unsafe,0.023000,0.026000,1.130435,0.003000,loss
compare_single_p_907_with_base_x3,compare_single_p_907_resume,base,asc_l1l2,FMCAD08/Int/memory1/DRAGON_11_e1_2450_e2_1483.lus,Timeout,Timeout,,,,,unsolved_both
compare_single_p_907_with_base_x3,compare_single_p_907_resume,base,asc_l1l2,FMCAD08/Int/memory1/DRAGON_5_e7_2017_e3_1763.lus,Unsafe,Unsafe,0.145000,0.118000,0.813793,-0.027000,win
compare_single_p_907_with_base_x3,compare_single_p_907_resume,base,asc_l1l2,FMCAD08/Int/memory1/DRAGON_12_e2_1618_e7_4732.lus,Unsafe,Unsafe,0.024000,0.024000,1.000000,0.000000,tie
compare_single_p_907_with_base_x3,compare_single_p_907_resume,base,asc_l1l2,FMCAD08/Int/memory1/FIREFLY_luke_rt_e1_913_e3_2128.lus,Unsafe,Unsafe,0.060000,0.064000,1.066667,0.004000,loss
compare_single_p_907_with_base_x3,compare_single_p_907_resume,base,asc_l1l2,FMCAD08/Int/memory1/FIREFLY_4_e3_3511.lus,Safe,Safe,0.075000,0.137000,1.826667,0.062000,loss
compare_single_p_907_with_base_x3,compare_single_p_907_resume,base,asc_l1l2,FMCAD08/Int/memory1/DRAGON_2_e2_3183_e3_5972.lus,Safe,Safe,0.061000,0.065000,1.065574,0.004000,loss
compare_single_p_907_with_base_x3,compare_single_p_907_resume,base,asc_l1l2,FMCAD08/Int/memory1/DRAGON_11_e1_2450.lus,Timeout,Timeout,,,,,unsolved_both
compare_single_p_907_with_base_x3,compare_single_p_907_resume,base,asc_l1l2,FMCAD08/Int/memory1/DRAGON_4_e7_2329_e3_4574.lus,Unsafe,Unsafe,0.061000,0.064000,1.049180,0.003000,loss
compare_single_p_907_with_base_x3,compare_single_p_907_resume,base,asc_l1l2,FMCAD08/Int/memory1/FIREFLY_luke_rt_e2_3460_e1_1455.lus,Safe,Safe,0.052000,0.056000,1.076923,0.004000,loss
compare_single_p_907_with_base_x3,compare_single_p_907_resume,base,asc_l1l2,FMCAD08/Int/memory1/DRAGON_4_e2_2799_e7_2499.lus,Unsafe,Unsafe,0.196000,0.240000,1.224490,0.044000,loss
compare_single_p_907_with_base_x3,compare_single_p_907_resume,base,asc_l1l2,FMCAD08/Int/memory1/DRAGON_13.lus,Safe,Safe,28.277000,7.576000,0.267921,-20.701000,win
compare_single_p_907_with_base_x3,compare_single_p_907_resume,base,asc_l1l2,FMCAD08/Int/memory1/FIREFLY_luke_1b_e3_671_e4_147.lus,Unsafe,Unsafe,0.042000,0.044000,1.047619,0.002000,loss
compare_single_p_907_with_base_x3,compare_single_p_907_resume,base,asc_l1l2,FMCAD08/Int/memory1/DRAGON_13_e7_2336_e2_1255.lus,Unsafe,Unsafe,0.024000,0.025000,1.041667,0.001000,loss
compare_single_p_907_with_base_x3,compare_single_p_907_resume,base,asc_l1l2,FMCAD08/Int/memory1/FIREFLY_luke_rt_e2_3460.lus,Unsafe,Unsafe,0.064000,0.064000,1.000000,0.000000,tie
compare_single_p_907_with_base_x3,compare_single_p_907_resume,base,asc_l1l2,FMCAD08/Int/memory1/FIREFLY_9_e7_170_e3_3647.lus,Safe,Safe,0.050000,0.051000,1.020000,0.001000,loss
compare_single_p_907_with_base_x3,compare_single_p_907_resume,base,asc_l1l2,FMCAD08/Int/memory1/DRAGON_all2_e3_4612_e8_5861.lus,Unsafe,Unsafe,0.028000,0.028000,1.000000,0.000000,tie
compare_single_p_907_with_base_x3,compare_single_p_907_resume,base,asc_l1l2,FMCAD08/Int/memory1/DRAGON_all_e1_4022_e3_3628.lus,Safe,Safe,0.160000,0.164000,1.025000,0.004000,loss
compare_single_p_907_with_base_x3,compare_single_p_907_resume,base,asc_l1l2,FMCAD08/Int/memory1/DRAGON_all2_e7_5406_e3_506.lus,Unsafe,Unsafe,0.028000,0.028000,1.000000,0.000000,tie
compare_single_p_907_with_base_x3,compare_single_p_907_resume,base,asc_l1l2,FMCAD08/Int/memory1/FIREFLY_all_e2_2924_e1_768.lus,Safe,Safe,0.127000,0.127000,1.000000,0.000000,tie
compare_single_p_907_with_base_x3,compare_single_p_907_resume,base,asc_l1l2,FMCAD08/Int/memory1/FIREFLY_8_e2_1711_e3_1753.lus,Safe,Safe,0.044000,0.046000,1.045455,0.002000,loss
compare_single_p_907_with_base_x3,compare_single_p_907_resume,base,asc_l1l2,FMCAD08/Int/memory1/DRAGON_1_e2_1997.lus,Safe,Safe,0.088000,0.086000,0.977273,-0.002000,win
compare_single_p_907_with_base_x3,compare_single_p_907_resume,base,asc_l1l2,FMCAD08/Int/memory1/FIREFLY_4_e3_3511_e4_1464.lus,Unsafe,Unsafe,0.585000,0.829000,1.417094,0.244000,loss
compare_single_p_907_with_base_x3,compare_single_p_907_resume,base,asc_l1l2,FMCAD08/Int/memory1/DRAGON_7_e2_2872_e2_5844.lus,Safe,Safe,0.117000,0.117000,1.000000,0.000000,tie
compare_single_p_907_with_base_x3,compare_single_p_907_resume,base,asc_l1l2,FMCAD08/Int/memory1/DRAGON_1_e1_5070.lus,Safe,Safe,0.061000,0.061000,1.000000,0.000000,tie
compare_single_p_907_with_base_x3,compare_single_p_907_resume,base,asc_l1l2,FMCAD08/Int/memory1/DRAGON_10_e3_144_e5_2046.lus,Safe,Safe,0.087000,0.088000,1.011494,0.001000,loss
compare_single_p_907_with_base_x3,compare_single_p_907_resume,base,asc_l1l2,FMCAD08/Int/memory1/FIREFLY_all_e3_1600_e2_676.lus,Unsafe,Unsafe,0.046000,0.047000,1.021739,0.001000,loss
compare_single_p_907_with_base_x3,compare_single_p_907_resume,base,asc_l1l2,FMCAD08/Int/memory1/DRAGON_all2_e2_2073_e8_3691.lus,Unsafe,Unsafe,0.029000,0.028000,0.965517,-0.001000,win
compare_single_p_907_with_base_x3,compare_single_p_907_resume,base,asc_l1l2,FMCAD08/Int/memory1/DRAGON_4_e3_1540_e1_5048.lus,Safe,Safe,2.717000,5.624000,2.069930,2.907000,loss
compare_single_p_907_with_base_x3,compare_single_p_907_resume,base,asc_l1l2,FMCAD08/Int/memory1/DRAGON_13_e7_2336_e3_3117.lus,Unsafe,Unsafe,0.024000,0.026000,1.083333,0.002000,loss
compare_single_p_907_with_base_x3,compare_single_p_907_resume,base,asc_l1l2,FMCAD08/Int/memory1/FIREFLY_a3_e3_314_e1_1979.lus,Unsafe,Unsafe,0.723000,1.100000,1.521438,0.377000,loss
compare_single_p_907_with_base_x3,compare_single_p_907_resume,base,asc_l1l2,FMCAD08/Int/memory1/FIREFLY_u1_e2_3403_e2_957.lus,Safe,Safe,5.117000,1.426000,0.278679,-3.691000,win
compare_single_p_907_with_base_x3,compare_single_p_907_resume,base,asc_l1l2,FMCAD08/Int/memory1/FIREFLY_luke_1a.lus,Timeout,Timeout,,,,,unsolved_both
compare_single_p_907_with_base_x3,compare_single_p_907_resume,base,asc_l1l2,FMCAD08/Int/memory1/FIREFLY_rt_e3_1770_e2_637.lus,Safe,Safe,0.549000,0.652000,1.187614,0.103000,loss
compare_single_p_907_with_base_x3,compare_single_p_907_resume,base,asc_l1l2,FMCAD08/Int/memory1/DRAGON_14_e7_3162_e3_4298.lus,Unsafe,Unsafe,0.862000,0.656000,0.761021,-0.206000,win
compare_single_p_907_with_base_x3,compare_single_p_907_resume,base,asc_l1l2,FMCAD08/Int/memory1/DRAGON_1_e2_1997_e7_3613_e2_3409.lus,Safe,Safe,0.061000,0.063000,1.032787,0.002000,loss
compare_single_p_907_with_base_x3,compare_single_p_907_resume,base,asc_l1l2,FMCAD08/Int/memory1/FIREFLY_luke_1b_e3_671_e7_1882.lus,Unsafe,Unsafe,0.020000,0.020000,1.000000,0.000000,tie
compare_single_p_907_with_base_x3,compare_single_p_907_resume,base,asc_l1l2,FMCAD08/Int/memory1/DRAGON_all2_e3_4612_e3_1543.lus,Timeout,Timeout,,,,,unsolved_both
compare_single_p_907_with_base_x3,compare_single_p_907_resume,base,asc_l1l2,FMCAD08/Int/memory1/DRAGON_7_e7_3157_e2_2082.lus,Safe,Safe,0.130000,0.123000,0.946154,-0.007000,win
compare_single_p_907_with_base_x3,compare_single_p_907_resume,base,asc_l1l2,FMCAD08/Int/memory1/FIREFLY_luke_1b_e1_1691.lus,Unsafe,Unsafe,0.045000,0.045000,1.000000,0.000000,tie
compare_single_p_907_with_base_x3,compare_single_p_907_resume,base,asc_l1l2,FMCAD08/Int/memory1/FIREFLY_all_e2_2924_e3_3946.lus,Unsafe,Unsafe,0.096000,0.099000,1.031250,0.003000,loss
compare_single_p_907_with_base_x3,compare_single_p_907_resume,base,asc_l1l2,FMCAD08/Int/memory1/FIREFLY_luke_1b_e2_3049_e2_698.lus,Unsafe,Unsafe,0.042000,0.051000,1.214286,0.009000,loss
compare_single_p_907_with_base_x3,compare_single_p_907_resume,base,asc_l1l2,FMCAD08/Int/memory1/FIREFLY_5_e2_2884_e2_1492.lus,Safe,Safe,0.063000,0.061000,0.968254,-0.002000,win
compare_single_p_907_with_base_x3,compare_single_p_907_resume,base,asc_l1l2,FMCAD08/Int/memory1/FIREFLY_luke_1a_e7_3042_e3_1213.lus,Timeout,Timeout,190.424000,2.083000,,,unsolved_both
compare_single_p_907_with_base_x3,compare_single_p_907_resume,base,asc_l1l2,FMCAD08/Int/memory1/DRAGON_3_e3_3846.lus,Safe,Safe,0.067000,0.071000,1.059701,0.004000,loss
compare_single_p_907_with_base_x3,compare_single_p_907_resume,base,asc_l1l2,FMCAD08/Int/memory1/FIREFLY_5_e1_2552_e7_1169.lus,Safe,Safe,0.047000,0.048000,1.021277,0.001000,loss
compare_single_p_907_with_base_x3,compare_single_p_907_resume,base,asc_l1l2,FMCAD08/Int/memory1/FIREFLY_3_e2_2236_e1_2305.lus,Safe,Safe,0.046000,0.046000,1.000000,0.000000,tie
compare_single_p_907_with_base_x3,compare_single_p_907_resume,base,asc_l1l2,FMCAD08/Int/memory1/FIREFLY_all_e3_1600_e3_2055.lus,Unsafe,Unsafe,0.064000,0.066000,1.031250,0.002000,loss
compare_single_p_907_with_base_x3,compare_single_p_907_resume,base,asc_l1l2,FMCAD08/Int/memory1/FIREFLY_luke_1b_e2_3049_e1_946.lus,Safe,Safe,0.045000,0.046000,1.022222,0.001000,loss
compare_single_p_907_with_base_x3,compare_single_p_907_resume,base,asc_l1l2,FMCAD08/Int/memory1/FIREFLY_1_e1_1092.lus,Unsafe,Unsafe,0.052000,0.055000,1.057692,0.003000,loss
compare_single_p_907_with_base_x3,compare_single_p_907_resume,base,asc_l1l2,FMCAD08/Int/memory1/DRAGON_10.lus,Safe,Safe,0.084000,0.088000,1.047619,0.004000,loss
compare_single_p_907_with_base_x3,compare_single_p_907_resume,base,asc_l1l2,FMCAD08/Int/simulation/metros_4_e1_917.lus,Timeout,Timeout,225.396000,247.326000,,,unsolved_both
compare_single_p_907_with_base_x3,compare_single_p_907_resume,base,asc_l1l2,FMCAD08/Int/simulation/metros_1_e1_846_e2_1394.lus,Safe,Safe,0.946000,1.144000,1.209302,0.198000,loss
compare_single_p_907_with_base_x3,compare_single_p_907_resume,base,asc_l1l2,FMCAD08/Int/simulation/car_4_e7_592_e7_265.lus,Safe,Safe,0.044000,0.044000,1.000000,0.000000,tie
compare_single_p_907_with_base_x3,compare_single_p_907_resume,base,asc_l1l2,FMCAD08/Int/simulation/car_all_e8_856.lus,Safe,Safe,0.285000,0.248000,0.870175,-0.037000,win
compare_single_p_907_with_base_x3,compare_single_p_907_resume,base,asc_l1l2,FMCAD08/Int/simulation/PRODUCER_CONSUMER_all.lus,Safe,Safe,0.053000,0.055000,1.037736,0.002000,loss
compare_single_p_907_with_base_x3,compare_single_p_907_resume,base,asc_l1l2,FMCAD08/Int/simulation/car_4_e3_57_e6_784.lus,Safe,Safe,0.045000,0.046000,1.022222,0.001000,loss
compare_single_p_907_with_base_x3,compare_single_p_907_resume,base,asc_l1l2,FMCAD08/Int/simulation/metros_2_e1_190.lus,Safe,Safe,69.065000,115.536000,1.672859,46.471000,loss
compare_single_p_907_with_base_x3,compare_single_p_907_resume,base,asc_l1l2,FMCAD08/Int/simulation/metros_4_e3_1025.lus,Timeout,Unsafe,0.832000,71.779000,,,newly_solved
compare_single_p_907_with_base_x3,compare_single_p_907_resume,base,asc_l1l2,FMCAD08/Int/simulation/car_3_e8_33_e1_856.lus,Unsafe,Unsafe,0.043000,0.028000,0.651163,-0.015000,win
compare_single_p_907_with_base_x3,compare_single_p_907_resume,base,asc_l1l2,FMCAD08/Int/simulation/car_5_e7_244_e2_693.lus,Unsafe,Unsafe,0.474000,0.511000,1.078059,0.037000,loss
compare_single_p_907_with_base_x3,compare_single_p_907_resume,base,asc_l1l2,FMCAD08/Int/simulation/metros_4_e2_968_e5_991.lus,Timeout,Unsafe,290.240000,28.408000,,,newly_solved
compare_single_p_907_with_base_x3,compare_single_p_907_resume,base,asc_l1l2,FMCAD08/Int/simulation/PRODUCER_CONSUMER_3.lus,Safe,Safe,0.035000,0.038000,1.085714,0.003000,loss
compare_single_p_907_with_base_x3,compare_single_p_907_resume,base,asc_l1l2,FMCAD08/Int/simulation/metros_1_e1_846_e1_1317.lus,Safe,Safe,0.471000,1.444000,3.065817,0.973000,loss
compare_single_p_907_with_base_x3,compare_single_p_907_resume,base,asc_l1l2,FMCAD08/Int/simulation/car_all_e3_1068_e4_275.lus,Safe,Safe,0.199000,0.165000,0.829146,-0.034000,win
compare_single_p_907_with_base_x3,compare_single_p_907_resume,base,asc_l1l2,FMCAD08/Int/simulation/PRODUCER_CONSUMER_vt_e7_1059_e8_1111.lus,Timeout,Timeout,,,,,unsolved_both
compare_single_p_907_with_base_x3,compare_single_p_907_resume,base,asc_l1l2,FMCAD08/Int/simulation/metros_4_e1_821_e5_911.lus,Timeout,Timeout,,,,,unsolved_both
compare_single_p_907_with_base_x3,compare_single_p_907_resume,base,asc_l1l2,FMCAD08/Int/simulation/car_3_e7_626.lus,Safe,Safe,0.080000,0.077000,0.962500,-0.003000,win
compare_single_p_907_with_base_x3,compare_single_p_907_resume,base,asc_l1l2,FMCAD08/Int/simulation/PRODUCER_CONSUMER_vt.lus,Timeout,Timeout,,,,,unsolved_both
compare_single_p_907_with_base_x3,compare_single_p_907_resume,base,asc_l1l2,FMCAD08/Int/simulation/metros_4.lus,Timeout,Timeout,,,,,unsolved_both
compare_single_p_907_with_base_x3,compare_single_p_907_resume,base,asc_l1l2,FMCAD08/Int/simulation/car_2_e8_491_e7_826.lus,Safe,Safe,0.076000,0.076000,1.000000,0.000000,tie
compare_single_p_907_with_base_x3,compare_single_p_907_resume,base,asc_l1l2,FMCAD08/Int/simulation/car_all.lus,Safe,Safe,0.260000,0.277000,1.065385,0.017000,loss
compare_single_p_907_with_base_x3,compare_single_p_907_resume,base,asc_l1l2,FMCAD08/Int/simulation/car_all_e8_856_e3_180.lus,Unsafe,Unsafe,0.014000,0.014000,1.000000,0.000000,tie
compare_single_p_907_with_base_x3,compare_single_p_907_resume,base,asc_l1l2,FMCAD08/Int/simulation/metros_3.lus,Timeout,Timeout,,,,,unsolved_both
compare_single_p_907_with_base_x3,compare_single_p_907_resume,base,asc_l1l2,FMCAD08/Int/simulation/car_5_e2_405_e8_1055.lus,Unsafe,Unsafe,0.518000,0.548000,1.057915,0.030000,loss
compare_single_p_907_with_base_x3,compare_single_p_907_resume,base,asc_l1l2,FMCAD08/Int/simulation/metros_1_e8_725_e3_556.lus,Safe,Safe,0.157000,0.151000,0.961783,-0.006000,win
compare_single_p_907_with_base_x3,compare_single_p_907_resume,base,asc_l1l2,FMCAD08/Int/simulation/metros_4_e3_1091_e3_522.lus,Safe,Safe,0.383000,0.368000,0.960836,-0.015000,win
compare_single_p_907_with_base_x3,compare_single_p_907_resume,base,asc_l1l2,FMCAD08/Int/simulation/metros_2_e2_704_e7_810.lus,Unsafe,Unsafe,2.742000,18.091000,6.597739,15.349000,loss
compare_single_p_907_with_base_x3,compare_single_p_907_resume,base,asc_l1l2,FMCAD08/Int/simulation/metros_4_e2_968_e6_236.lus,Unsafe,Unsafe,27.338000,11.843000,0.433207,-15.495000,win
compare_single_p_907_with_base_x3,compare_single_p_907_resume,base,asc_l1l2,FMCAD08/Int/simulation/metros_2_e1_1116_e1_556.lus,Unsafe,Unsafe,40.387000,16.978000,0.420383,-23.409000,win
compare_single_p_907_with_base_x3,compare_single_p_907_resume,base,asc_l1l2,FMCAD08/Int/simulation/metros_2_e2_704_e1_389.lus,Unsafe,Unsafe,6.114000,11.064000,1.809617,4.950000,loss
compare_single_p_907_with_base_x3,compare_single_p_907_resume,base,asc_l1l2,FMCAD08/Int/simulation/car_6_e2_589_e2_506.lus,Unsafe,Unsafe,0.526000,0.571000,1.085551,0.045000,loss
compare_single_p_907_with_base_x3,compare_single_p_907_resume,base,asc_l1l2,FMCAD08/Int/simulation/speed_e7_207.lus,Safe,Safe,0.026000,0.026000,1.000000,0.000000,tie
compare_single_p_907_with_base_x3,compare_single_p_907_resume,base,asc_l1l2,FMCAD08/Int/simulation/metros_3_e3_1275_e1_1350.lus,Timeout,Timeout,52.494000,49.958000,,,unsolved_both
compare_single_p_907_with_base_x3,compare_single_p_907_resume,base,asc_l1l2,FMCAD08/Int/simulation/metros_1_e1_846_e7_397.lus,Safe,Safe,0.997000,0.911000,0.913741,-0.086000,win
compare_single_p_907_with_base_x3,compare_single_p_907_resume,base,asc_l1l2,FMCAD08/Int/simulation/metros_2_e2_968.lus,Unsafe,Unsafe,45.466000,21.432000,0.471385,-24.034000,win
compare_single_p_907_with_base_x3,compare_single_p_907_resume,base,asc_l1l2,FMCAD08/Int/simulation/cd_e7_621_e7_669.lus,Unsafe,Unsafe,1.279000,0.720000,0.562940,-0.559000,win
compare_single_p_907_with_base_x3,compare_single_p_907_resume,base,asc_l1l2,FMCAD08/Int/simulation/car_all_e3_1068_e3_163.lus,Unsafe,Unsafe,0.014000,0.013000,0.928571,-0.001000,win
compare_single_p_907_with_base_x3,compare_single_p_907_resume,base,asc_l1l2,FMCAD08/Int/simulation/metros_2_e2_704_e2_13.lus,Safe,Safe,0.812000,0.924000,1.137931,0.112000,loss
compare_single_p_907_with_base_x3,compare_single_p_907_resume,base,asc_l1l2,FMCAD08/Int/simulation/metros_4_e5_1150.lus,Timeout,Timeout,,,,,unsolved_both
compare_single_p_907_with_base_x3,compare_single_p_907_resume,base,asc_l1l2,FMCAD08/Int/simulation/hysteresis_1.lus,Safe,Safe,0.025000,0.026000,1.040000,0.001000,loss
compare_single_p_907_with_base_x3,compare_single_p_907_resume,base,asc_l1l2,FMCAD08/Int/simulation/metros_1_e7_606.lus,Safe,Safe,0.801000,1.188000,1.483146,0.387000,loss
compare_single_p_907_with_base_x3,compare_single_p_907_resume,base,asc_l1l2,FMCAD08/Int/simulation/hysteresis_3.lus,Safe,Safe,0.112000,0.110000,0.982143,-0.002000,win
compare_single_p_907_with_base_x3,compare_single_p_907_resume,base,asc_l1l2,FMCAD08/Int/simulation/fast_1_e8_751.lus,Safe,Safe,0.187000,0.169000,0.903743,-0.018000,win
compare_single_p_907_with_base_x3,compare_single_p_907_resume,base,asc_l1l2,FMCAD08/Int/simulation/metros_3_e3_1275_e7_529.lus,Timeout,Timeout,0.911000,220.640000,,,unsolved_both
compare_single_p_907_with_base_x3,compare_single_p_907_resume,base,asc_l1l2,FMCAD08/Int/simulation/PRODUCER_CONSUMER_vt_e3_507.lus,Timeout,Timeout,,,,,unsolved_both
compare_single_p_907_with_base_x3,compare_single_p_907_resume,base,asc_l1l2,FMCAD08/Int/simulation/car_3_e2_695.lus,Safe,Safe,0.037000,0.034000,0.918919,-0.003000,win
compare_single_p_907_with_base_x3,compare_single_p_907_resume,base,asc_l1l2,FMCAD08/Int/simulation/car_5_e2_405_e2_1083.lus,Unsafe,Unsafe,0.501000,0.562000,1.121756,0.061000,loss
compare_single_p_907_with_base_x3,compare_single_p_907_resume,base,asc_l1l2,FMCAD08/Int/simulation/fast_1.lus,Safe,Safe,0.194000,0.196000,1.010309,0.002000,loss
compare_single_p_907_with_base_x3,compare_single_p_907_resume,base,asc_l1l2,FMCAD08/Int/simulation/car_6_e2_589_e3_349.lus,Unsafe,Unsafe,0.561000,0.550000,0.980392,-0.011000,win
compare_single_p_907_with_base_x3,compare_single_p_907_resume,base,asc_l1l2,FMCAD08/Int/simulation/fast_2.lus,Safe,Safe,0.299000,0.240000,0.802676,-0.059000,win
compare_single_p_907_with_base_x3,compare_single_p_907_resume,base,asc_l1l2,FMCAD08/Int/simulation/fast_1_e8_747_e7_692.lus,Unsafe,Unsafe,0.023000,0.023000,1.000000,0.000000,tie
compare_single_p_907_with_base_x3,compare_single_p_907_resume,base,asc_l1l2,FMCAD08/Int/simulation/metros_1_e2_627.lus,Safe,Safe,0.753000,1.238000,1.644090,0.485000,loss
compare_single_p_907_with_base_x3,compare_single_p_907_resume,base,asc_l1l2,FMCAD08/Int/simulation/metros_2_e2_704_e3_76.lus,Unsafe,Unsafe,1.617000,1.039000,0.642548,-0.578000,win
compare_single_p_907_with_base_x3,compare_single_p_907_resume,base,asc_l1l2,FMCAD08/Int/simulation/speed_e8_649.lus,Safe,Safe,0.025000,0.025000,1.000000,0.000000,tie
compare_single_p_907_with_base_x3,compare_single_p_907_resume,base,asc_l1l2,FMCAD08/Int/simulation/speed2.lus,Safe,Safe,0.111000,0.093000,0.837838,-0.018000,win
compare_single_p_907_with_base_x3,compare_single_p_907_resume,base,asc_l1l2,FMCAD08/Int/simulation/car_3_e8_33_e2_1010.lus,Safe,Safe,0.034000,0.035000,1.029412,0.001000,loss
compare_single_p_907_with_base_x3,compare_single_p_907_resume,base,asc_l1l2,FMCAD08/Int/simulation/metros_3_e4_987_e2_80.lus,Timeout,Unsafe,280.616000,41.973000,,,newly_solved
compare_single_p_907_with_base_x3,compare_single_p_907_resume,base,asc_l1l2,FMCAD08/Int/simulation/car_4_e8_118_e3_514.lus,Unsafe,Unsafe,0.013000,0.013000,1.000000,0.000000,tie
compare_single_p_907_with_base_x3,compare_single_p_907_resume,base,asc_l1l2,FMCAD08/Int/simulation/fast_1_e7_2044.lus,Unsafe,Unsafe,0.023000,0.023000,1.000000,0.000000,tie
compare_single_p_907_with_base_x3,compare_single_p_907_resume,base,asc_l1l2,FMCAD08/Int/simulation/metros_4_e2_968.lus,Timeout,Unsafe,0.437000,21.753000,,,newly_solved
compare_single_p_907_with_base_x3,compare_single_p_907_resume,base,asc_l1l2,FMCAD08/Int/simulation/metros_2.lus,Safe,Safe,95.707000,146.936000,1.535269,51.229000,loss
compare_single_p_907_with_base_x3,compare_single_p_907_resume,base,asc_l1l2,FMCAD08/Int/simulation/car_6_e3_294_e5_979.lus,Unsafe,Unsafe,1.111000,0.702000,0.631863,-0.409000,win
compare_single_p_907_with_base_x3,compare_single_p_907_resume,base,asc_l1l2,FMCAD08/Int/simulation/metros_3_e3_1275_e5_846.lus,Unsafe,Timeout,279.546000,252.693000,,,regressed
compare_single_p_907_with_base_x3,compare_single_p_907_resume,base,asc_l1l2,FMCAD08/Int/simulation/metros_5.lus,Timeout,Timeout,,,,,unsolved_both
compare_single_p_907_with_base_x3,compare_single_p_907_resume,base,asc_l1l2,FMCAD08/Int/simulation/speed2_e8_449_e8_517.lus,Safe,Safe,0.125000,0.146000,1.168000,0.021000,loss
compare_single_p_907_with_base_x3,compare_single_p_907_resume,base,asc_l1l2,FMCAD08/Int/simulation/speed2_e7_223_e8_329.lus,Safe,Safe,0.111000,0.105000,0.945946,-0.006000,win
compare_single_p_907_with_base_x3,compare_single_p_907_resume,base,asc_l1l2,FMCAD08/Int/simulation/PRODUCER_CONSUMMER_luke_2_e7_1068_e8_1019.lus,Timeout,Timeout,,,,,unsolved_both
compare_single_p_907_with_base_x3,compare_single_p_907_resume,base,asc_l1l2,FMCAD08/Int/simulation/fast_2_e8_460_e8_1920.lus,Safe,Safe,0.256000,0.250000,0.976562,-0.006000,win
compare_single_p_907_with_base_x3,compare_single_p_907_resume,base,asc_l1l2,FMCAD08/Int/simulation/speed_e7_207_e7_538.lus,Safe,Safe,0.026000,0.025000,0.961538,-0.001000,win
compare_single_p_907_with_base_x3,compare_single_p_907_resume,base,asc_l1l2,FMCAD08/Int/simulation/metros_3_e3_1275_e2_454.lus,Safe,Safe,0.187000,0.478000,2.556150,0.291000,loss
compare_single_p_907_with_base_x3,compare_single_p_907_resume,base,asc_l1l2,FMCAD08/Int/simulation/fast_2_e7_2526.lus,Unsafe,Unsafe,0.026000,0.027000,1.038462,0.001000,loss
compare_single_p_907_with_base_x3,compare_single_p_907_resume,base,asc_l1l2,FMCAD08/Int/simulation/metros_4_e3_1091_e2_1317.lus,Safe,Safe,0.189000,0.456000,2.412698,0.267000,loss
compare_single_p_907_with_base_x3,compare_single_p_907_resume,base,asc_l1l2,FMCAD08/Int/simulation/fast_2_e7_2526_e7_2736.lus,Unsafe,Unsafe,0.027000,0.026000,0.962963,-0.001000,win
compare_single_p_907_with_base_x3,compare_single_p_907_resume,base,asc_l1l2,FMCAD08/Int/simulation/metros_4_e2_968_e7_860.lus,Unsafe,Unsafe,65.146000,32.551000,0.499662,-32.595000,win
compare_single_p_907_with_base_x3,compare_single_p_907_resume,base,asc_l1l2,FMCAD08/Int/simulation/car_4_e7_592_e3_442.lus,Unsafe,Unsafe,0.012000,0.014000,1.166667,0.002000,loss
compare_single_p_907_with_base_x3,compare_single_p_907_resume,base,asc_l1l2,FMCAD08/Int/simulation/car_5_e7_244.lus,Safe,Safe,58.863000,122.508000,2.081239,63.645000,loss
compare_single_p_907_with_base_x3,compare_single_p_907_resume,base,asc_l1l2,FMCAD08/Int/simulation/fast_1_e8_747_e8_1041.lus,Safe,Safe,0.170000,0.149000,0.876471,-0.021000,win
compare_single_p_907_with_base_x3,compare_single_p_907_resume,base,asc_l1l2,FMCAD08/Int/simulation/speed2_e8_449.lus,Safe,Safe,0.072000,0.093000,1.291667,0.021000,loss
compare_single_p_907_with_base_x3,compare_single_p_907_resume,base,asc_l1l2,FMCAD08/Int/simulation/car_4_e3_57.lus,Unsafe,Unsafe,0.019000,0.013000,0.684211,-0.006000,win
compare_single_p_907_with_base_x3,compare_single_p_907_resume,base,asc_l1l2,FMCAD08/Int/simulation/metros_1_e8_725_e1_919.lus,Safe,Safe,0.048000,0.050000,1.041667,0.002000,loss
compare_single_p_907_with_base_x3,compare_single_p_907_resume,base,asc_l1l2,FMCAD08/Int/simulation/car_all_e1_618.lus,Unsafe,Unsafe,0.078000,0.086000,1.102564,0.008000,loss
compare_single_p_907_with_base_x3,compare_single_p_907_resume,base,asc_l1l2,FMCAD08/Int/simulation/car_1.lus,Safe,Safe,0.047000,0.044000,0.936170,-0.003000,win
compare_single_p_907_with_base_x3,compare_single_p_907_resume,base,asc_l1l2,FMCAD08/Int/simulation/metros_3_e3_1275_e4_164.lus,Timeout,Unsafe,0.437000,38.898000,,,newly_solved
compare_single_p_907_with_base_x3,compare_single_p_907_resume,base,asc_l1l2,FMCAD08/Int/simulation/fast_2_e8_976.lus,Safe,Safe,0.293000,0.329000,1.122867,0.036000,loss
compare_single_p_907_with_base_x3,compare_single_p_907_resume,base,asc_l1l2,FMCAD08/Int/simulation/Gas.lus,Timeout,Timeout,,,,,unsolved_both
compare_single_p_907_with_base_x3,compare_single_p_907_resume,base,asc_l1l2,FMCAD08/Int/simulation/car_4_e7_592.lus,Safe,Safe,0.088000,0.041000,0.465909,-0.047000,win
compare_single_p_907_with_base_x3,compare_single_p_907_resume,base,asc_l1l2,FMCAD08/Int/simulation/metros_4_e3_1091_e1_1044.lus,Unsafe,Unsafe,195.527000,155.330000,0.794417,-40.197000,win
compare_single_p_907_with_base_x3,compare_single_p_907_resume,base,asc_l1l2,FMCAD08/Int/simulation/metros_1_e2_1102_e7_1163.lus,Safe,Safe,0.845000,1.002000,1.185799,0.157000,loss
compare_single_p_907_with_base_x3,compare_single_p_907_resume,base,asc_l1l2,FMCAD08/Int/simulation/cd.lus,Safe,Safe,10.169000,15.512000,1.525420,5.343000,loss
compare_single_p_907_with_base_x3,compare_single_p_907_resume,base,asc_l1l2,FMCAD08/Int/simulation/metros_2_e1_1116_e7_1440.lus,Unsafe,Unsafe,253.934000,20.512000,0.080777,-233.422000,win
compare_single_p_907_with_base_x3,compare_single_p_907_resume,base,asc_l1l2,FMCAD08/Int/simulation/PRODUCER_CONSUMER_1.lus,Safe,Safe,0.056000,0.056000,1.000000,0.000000,tie
compare_single_p_907_with_base_x3,compare_single_p_907_resume,base,asc_l1l2,FMCAD08/Int/simulation/metros_4_e2_968_e4_801.lus,Timeout,Unsafe,264.388000,21.881000,,,newly_solved
compare_single_p_907_with_base_x3,compare_single_p_907_resume,base,asc_l1l2,FMCAD08/Int/simulation/car_6.lus,Safe,Safe,104.724000,47.441000,0.453010,-57.283000,win
compare_single_p_907_with_base_x3,compare_single_p_907_resume,base,asc_l1l2,FMCAD08/Int/simulation/car_all_e3_1068_e1_178.lus,Unsafe,Unsafe,0.013000,0.014000,1.076923,0.001000,loss
compare_single_p_907_with_base_x3,compare_single_p_907_resume,base,asc_l1l2,FMCAD08/Int/simulation/metros_1_e2_1102_e3_961.lus,Safe,Safe,0.507000,1.332000,2.627219,0.825000,loss
compare_single_p_907_with_base_x3,compare_single_p_907_resume,base,asc_l1l2,FMCAD08/Int/simulation/car_3_e1_586.lus,Unsafe,Unsafe,0.026000,0.057000,2.192308,0.031000,loss
compare_single_p_907_with_base_x3,compare_single_p_907_resume,base,asc_l1l2,FMCAD08/Int/simulation/metros_3_e4_987_e1_1115.lus,Timeout,Timeout,,,,,unsolved_both
compare_single_p_907_with_base_x3,compare_single_p_907_resume,base,asc_l1l2,FMCAD08/Int/simulation/metros_1.lus,Safe,Safe,1.454000,0.973000,0.669188,-0.481000,win
compare_single_p_907_with_base_x3,compare_single_p_907_resume,base,asc_l1l2,FMCAD08/Int/simulation/speed2_e8_449_e7_353.lus,Safe,Safe,0.093000,0.047000,0.505376,-0.046000,win
compare_single_p_907_with_base_x3,compare_single_p_907_resume,base,asc_l1l2,FMCAD08/Int/simulation/metros_1_e1_846_e3_1060.lus,Safe,Safe,0.626000,0.782000,1.249201,0.156000,loss
compare_single_p_907_with_base_x3,compare_single_p_907_resume,base,asc_l1l2,FMCAD08/Int/simulation/metros_2_e1_1116_e2_617.lus,Safe,Safe,0.931000,0.964000,1.035446,0.033000,loss
compare_single_p_907_with_base_x3,compare_single_p_907_resume,base,asc_l1l2,FMCAD08/Int/simulation/car_5_e3_661.lus,Unsafe,Unsafe,0.649000,0.667000,1.027735,0.018000,loss
compare_single_p_907_with_base_x3,compare_single_p_907_resume,base,asc_l1l2,FMCAD08/Int/simulation/car_3_e8_33_e7_220.lus,Safe,Safe,0.075000,0.074000,0.986667,-0.001000,win
compare_single_p_907_with_base_x3,compare_single_p_907_resume,base,asc_l1l2,FMCAD08/Int/simulation/car_5_e2_405_e3_473.lus,Unsafe,Unsafe,0.500000,0.525000,1.050000,0.025000,loss
compare_single_p_907_with_base_x3,compare_single_p_907_resume,base,asc_l1l2,FMCAD08/Int/simulation/car_6_e3_294_e3_47.lus,Unsafe,Unsafe,0.725000,0.697000,0.961379,-0.028000,win
compare_single_p_907_with_base_x3,compare_single_p_907_resume,base,asc_l1l2,FMCAD08/Int/simulation/car_all_e3_1068_e2_13.lus,Unsafe,Unsafe,0.013000,0.014000,1.076923,0.001000,loss
compare_single_p_907_with_base_x3,compare_single_p_907_resume,base,asc_l1l2,FMCAD08/Int/simulation/metros_1_e8_725_e2_1144.lus,Safe,Safe,0.047000,0.049000,1.042553,0.002000,loss
compare_single_p_907_with_base_x3,compare_single_p_907_resume,base,asc_l1l2,FMCAD08/Int/simulation/metros_1_e7_1255_e7_12.lus,Safe,Safe,0.888000,0.469000,0.528153,-0.419000,win
compare_single_p_907_with_base_x3,compare_single_p_907_resume,base,asc_l1l2,FMCAD08/Int/simulation/car_6_e1_152.lus,Safe,Safe,6.011000,6.230000,1.036433,0.219000,loss
compare_single_p_907_with_base_x3,compare_single_p_907_resume,base,asc_l1l2,FMCAD08/Int/simulation/PRODUCER_CONSUMER_vt_e2_1352.lus,Timeout,Timeout,,,,,unsolved_both
compare_single_p_907_with_base_x3,compare_single_p_907_resume,base,asc_l1l2,FMCAD08/Int/simulation/car_5_e7_244_e1_823.lus,Safe,Safe,51.139000,40.481000,0.791588,-10.658000,win
compare_single_p_907_with_base_x3,compare_single_p_907_resume,base,asc_l1l2,FMCAD08/Int/simulation/car_all_e3_1068_e5_882.lus,Unsafe,Unsafe,0.013000,0.013000,1.000000,0.000000,tie
compare_single_p_907_with_base_x3,compare_single_p_907_resume,base,asc_l1l2,FMCAD08/Int/simulation/metros_4_e2_968_e2_1166.lus,Safe,Safe,0.289000,0.478000,1.653979,0.189000,loss
compare_single_p_907_with_base_x3,compare_single_p_907_resume,base,asc_l1l2,FMCAD08/Int/simulation/cd_e7_8.lus,Unsafe,Unsafe,1.028000,0.964000,0.937743,-0.064000,win
compare_single_p_907_with_base_x3,compare_single_p_907_resume,base,asc_l1l2,FMCAD08/Int/simulation/car_all_e8_856_e2_585.lus,Safe,Safe,0.140000,0.136000,0.971429,-0.004000,win
compare_single_p_907_with_base_x3,compare_single_p_907_resume,base,asc_l1l2,FMCAD08/Int/simulation/car_6_e2_893.lus,Unsafe,Unsafe,0.521000,0.522000,1.001919,0.001000,loss
compare_single_p_907_with_base_x3,compare_single_p_907_resume,base,asc_l1l2,FMCAD08/Int/simulation/PRODUCER_CONSUMMER_luke_2.lus,Timeout,Timeout,,,,,unsolved_both
compare_single_p_907_with_base_x3,compare_single_p_907_resume,base,asc_l1l2,FMCAD08/Int/simulation/metros_1_e8_725.lus,Safe,Safe,0.048000,0.049000,1.020833,0.001000,loss
compare_single_p_907_with_base_x3,compare_single_p_907_resume,base,asc_l1l2,FMCAD08/Int/simulation/car_all_e8_856_e1_217.lus,Unsafe,Unsafe,0.122000,0.131000,1.073770,0.009000,loss
compare_single_p_907_with_base_x3,compare_single_p_907_resume,base,asc_l1l2,FMCAD08/Int/simulation/speed2_e7_223_e7_213.lus,Safe,Safe,0.111000,0.095000,0.855856,-0.016000,win
compare_single_p_907_with_base_x3,compare_single_p_907_resume,base,asc_l1l2,FMCAD08/Int/simulation/car_2.lus,Safe,Safe,0.079000,0.078000,0.987342,-0.001000,win
compare_single_p_907_with_base_x3,compare_single_p_907_resume,base,asc_l1l2,FMCAD08/Int/simulation/metros_1_e2_1102_e2_943.lus,Safe,Safe,0.516000,0.338000,0.655039,-0.178000,win
compare_single_p_907_with_base_x3,compare_single_p_907_resume,base,asc_l1l2,FMCAD08/Int/simulation/metros_3_e3_1275_e6_1315.lus,Timeout,Timeout,,,,,unsolved_both
compare_single_p_907_with_base_x3,compare_single_p_907_resume,base,asc_l1l2,FMCAD08/Int/simulation/car_6_e1_152_e1_391.lus,Safe,Safe,4.390000,2.134000,0.486105,-2.256000,win
compare_single_p_907_with_base_x3,compare_single_p_907_resume,base,asc_l1l2,FMCAD08/Int/simulation/fast_1_e7_2044_e7_1287.lus,Unsafe,Unsafe,0.022000,0.023000,1.045455,0.001000,loss
compare_single_p_907_with_base_x3,compare_single_p_907_resume,base,asc_l1l2,FMCAD08/Int/simulation/metros_4_e3_1091_e4_232.lus,Unsafe,Unsafe,143.971000,21.282000,0.147821,-122.689000,win
compare_single_p_907_with_base_x3,compare_single_p_907_resume,base,asc_l1l2,FMCAD08/Int/simulation/car_3.lus,Safe,Safe,0.084000,0.082000,0.976190,-0.002000,win
compare_single_p_907_with_base_x3,compare_single_p_907_resume,base,asc_l1l2,FMCAD08/Int/simulation/car_5.lus,Safe,Safe,66.360000,47.273000,0.712372,-19.087000,win
compare_single_p_907_with_base_x3,compare_single_p_907_resume,base,asc_l1l2,FMCAD08/Int/simulation/PRODUCER_CONSUMER_2.lus,Safe,Safe,0.038000,0.050000,1.315789,0.012000,loss
compare_single_p_907_with_base_x3,compare_single_p_907_resume,base,asc_l1l2,FMCAD08/Int/simulation/speed_e7_207_e8_507.lus,Safe,Safe,0.025000,0.025000,1.000000,0.000000,tie
compare_single_p_907_with_base_x3,compare_single_p_907_resume,base,asc_l1l2,FMCAD08/Int/simulation/metros_4_e2_968_e1_956.lus,Timeout,Unsafe,58.778000,53.731000,,,newly_solved
compare_single_p_907_with_base_x3,compare_single_p_907_resume,base,asc_l1l2,FMCAD08/Int/simulation/hysteresis_all.lus,Safe,Safe,0.131000,0.388000,2.961832,0.257000,loss
compare_single_p_907_with_base_x3,compare_single_p_907_resume,base,asc_l1l2,FMCAD08/Int/simulation/metros_2_e3_112.lus,Unsafe,Unsafe,66.992000,38.059000,0.568113,-28.933000,win
compare_single_p_907_with_base_x3,compare_single_p_907_resume,base,asc_l1l2,FMCAD08/Int/simulation/car_4.lus,Safe,Safe,0.047000,0.045000,0.957447,-0.002000,win
compare_single_p_907_with_base_x3,compare_single_p_907_resume,base,asc_l1l2,FMCAD08/Int/simulation/hysteresis_2.lus,Safe,Safe,0.125000,0.127000,1.016000,0.002000,loss
compare_single_p_907_with_base_x3,compare_single_p_907_resume,base,asc_l1l2,FMCAD08/Int/simulation/car_all_e7_188_e7_743.lus,Safe,Safe,0.264000,0.209000,0.791667,-0.055000,win
compare_single_p_907_with_base_x3,compare_single_p_907_resume,base,asc_l1l2,FMCAD08/Int/simulation/fast_2_e8_460_e7_43.lus,Unsafe,Unsafe,0.027000,0.027000,1.000000,0.000000,tie
compare_single_p_907_with_base_x3,compare_single_p_907_resume,base,asc_l1l2,FMCAD08/Int/simulation/car_1_e7_184_e3_299.lus,Safe,Safe,0.046000,0.042000,0.913043,-0.004000,win
compare_single_p_907_with_base_x3,compare_single_p_907_resume,base,asc_l1l2,FMCAD08/Int/simulation/car_4_e8_118.lus,Safe,Safe,0.066000,0.033000,0.500000,-0.033000,win
compare_single_p_907_with_base_x3,compare_single_p_907_resume,base,asc_l1l2,FMCAD08/Int/simulation/metros_3_e4_987_e3_291.lus,Timeout,Timeout,0.775000,87.156000,,,unsolved_both
compare_single_p_907_with_base_x3,compare_single_p_907_resume,base,asc_l1l2,FMCAD08/Int/simulation/car_2_e7_1027_e7_359.lus,Safe,Safe,0.079000,0.079000,1.000000,0.000000,tie
compare_single_p_907_with_base_x3,compare_single_p_907_resume,base,asc_l1l2,FMCAD08/Int/simulation/metros_3_e4_987.lus,Timeout,Timeout,,,,,unsolved_both
compare_single_p_907_with_base_x3,compare_single_p_907_resume,base,asc_l1l2,FMCAD08/Int/simulation/car_5_e3_11_e1_429.lus,Unsafe,Unsafe,0.629000,0.635000,1.009539,0.006000,loss
compare_single_p_907_with_base_x3,compare_single_p_907_resume,base,asc_l1l2,FMCAD08/Int/simulation/car_all_e1_618_e3_303.lus,Unsafe,Unsafe,0.069000,0.076000,1.101449,0.007000,loss
compare_single_p_907_with_base_x3,compare_single_p_907_resume,base,asc_l1l2,FMCAD08/Int/simulation/speed2_e7_496.lus,Safe,Safe,0.131000,0.062000,0.473282,-0.069000,win
compare_single_p_907_with_base_x3,compare_single_p_907_resume,base,asc_l1l2,FMCAD08/Int/simulation/car_4_e3_57_e5_999.lus,Unsafe,Unsafe,0.046000,0.013000,0.282609,-0.033000,win
compare_single_p_907_with_base_x3,compare_single_p_907_resume,base,asc_l1l2,FMCAD08/Int/simulation/car_2_e7_1027_e1_1047.lus,Safe,Safe,0.082000,0.079000,0.963415,-0.003000,win
compare_single_p_907_with_base_x3,compare_single_p_907_resume,base,asc_l1l2,FMCAD08/Int/simulation/metros_1_e2_1102_e1_317.lus,Safe,Safe,0.916000,1.354000,1.478166,0.438000,loss
compare_single_p_907_with_base_x3,compare_single_p_907_resume,base,asc_l1l2,FMCAD08/Int/simulation/metros_2_e1_1116_e3_287.lus,Unsafe,Unsafe,1.487000,1.309000,0.880296,-0.178000,win
compare_single_p_907_with_base_x3,compare_single_p_907_resume,base,asc_l1l2,FMCAD08/Int/simulation/metros_4_e2_968_e3_931.lus,Safe,Safe,0.299000,0.222000,0.742475,-0.077000,win
compare_single_p_907_with_base_x3,compare_single_p_907_resume,base,asc_l1l2,FMCAD08/Int/simulation/car_4_e8_118_e7_178.lus,Safe,Safe,0.090000,0.083000,0.922222,-0.007000,win
compare_single_p_907_with_base_x3,compare_single_p_907_resume,base,asc_l1l2,FMCAD08/Int/simulation/car_5_e7_244_e3_1071.lus,Unsafe,Unsafe,0.606000,0.617000,1.018152,0.011000,loss
compare_single_p_907_with_base_x3,compare_single_p_907_resume,base,asc_l1l2,FMCAD08/Int/simulation/speed_e8_649_e7_709.lus,Safe,Safe,0.025000,0.025000,1.000000,0.000000,tie
compare_single_p_907_with_base_x3,compare_single_p_907_resume,base,asc_l1l2,FMCAD08/Int/simulation/car_all_e8_856_e7_578.lus,Safe,Safe,0.251000,0.257000,1.023904,0.006000,loss
compare_single_p_907_with_base_x3,compare_single_p_907_resume,base,asc_l1l2,FMCAD08/Int/simulation/metros_3_e3_1275_e3_640.lus,Safe,Safe,0.343000,0.337000,0.982507,-0.006000,win
compare_single_p_907_with_base_x3,compare_single_p_907_resume,base,asc_l1l2,FMCAD08/Int/simulation/car_all_e2_142_e7_209.lus,Safe,Safe,0.194000,0.190000,0.979381,-0.004000,win
compare_single_p_907_with_base_x3,compare_single_p_907_resume,base,asc_l1l2,FMCAD08/Int/simulation/car_3_e8_33.lus,Safe,Safe,0.081000,0.078000,0.962963,-0.003000,win
compare_single_p_907_with_base_x3,compare_single_p_907_resume,base,asc_l1l2,FMCAD08/Int/simulation/car_5_e3_11_e5_24.lus,Unsafe,Unsafe,0.632000,0.642000,1.015823,0.010000,loss
compare_single_p_907_with_base_x3,compare_single_p_907_resume,base,asc_l1l2,FMCAD08/Int/simulation/car_4_e3_57_e4_1047.lus,Safe,Safe,0.034000,0.033000,0.970588,-0.001000,win
compare_single_p_907_with_base_x3,compare_single_p_907_resume,base,asc_l1l2,FMCAD08/Int/simulation/car_all_e2_142.lus,Safe,Safe,0.201000,0.192000,0.955224,-0.009000,win
compare_single_p_907_with_base_x3,compare_single_p_907_resume,base,asc_l1l2,FMCAD08/Int/simulation/metros_3_e3_1275.lus,Timeout,Unsafe,0.836000,65.473000,,,newly_solved
compare_single_p_907_with_base_x3,compare_single_p_907_resume,base,asc_l1l2,FMCAD08/Int/simulation/PRODUCER_CONSUMMER_luke_1.lus,Unsafe,Unsafe,0.013000,0.014000,1.076923,0.001000,loss
compare_single_p_907_with_base_x3,compare_single_p_907_resume,base,asc_l1l2,FMCAD08/Int/simulation/car_6_e3_294_e1_956.lus,Unsafe,Unsafe,0.657000,0.659000,1.003044,0.002000,loss
compare_single_p_907_with_base_x3,compare_single_p_907_resume,base,asc_l1l2,FMCAD08/Int/simulation/car_3_e7_626_e1_305.lus,Unsafe,Unsafe,0.026000,0.026000,1.000000,0.000000,tie
compare_single_p_907_with_base_x3,compare_single_p_907_resume,base,asc_l1l2,FMCAD08/Int/simulation/metros_5_e4_1208_e1_337.lus,Timeout,Timeout,,,,,unsolved_both
compare_single_p_907_with_base_x3,compare_single_p_907_resume,base,asc_l1l2,FMCAD08/Int/simulation/car_all_e3_1068.lus,Unsafe,Unsafe,0.013000,0.014000,1.076923,0.001000,loss
compare_single_p_907_with_base_x3,compare_single_p_907_resume,base,asc_l1l2,FMCAD08/Int/memory2/SYNAPSE_5_e2_1525.lus,Timeout,Timeout,,,,,unsolved_both
compare_single_p_907_with_base_x3,compare_single_p_907_resume,base,asc_l1l2,FMCAD08/Int/memory2/MOESI_2_e3_929_e2_2421.lus,Unsafe,Unsafe,0.016000,0.015000,0.937500,-0.001000,win
compare_single_p_907_with_base_x3,compare_single_p_907_resume,base,asc_l1l2,FMCAD08/Int/memory2/SYNAPSE_4_e8_974.lus,Safe,Safe,0.036000,0.036000,1.000000,0.000000,tie
compare_single_p_907_with_base_x3,compare_single_p_907_resume,base,asc_l1l2,FMCAD08/Int/memory2/SYNAPSE_all.lus,Safe,Safe,0.071000,0.070000,0.985915,-0.001000,win
compare_single_p_907_with_base_x3,compare_single_p_907_resume,base,asc_l1l2,FMCAD08/Int/memory2/MOESI_2_e7_2910_e2_611.lus,Unsafe,Unsafe,0.017000,0.015000,0.882353,-0.002000,win
compare_single_p_907_with_base_x3,compare_single_p_907_resume,base,asc_l1l2,FMCAD08/Int/memory2/MOESI_2.lus,Safe,Safe,0.040000,0.038000,0.950000,-0.002000,win
compare_single_p_907_with_base_x3,compare_single_p_907_resume,base,asc_l1l2,FMCAD08/Int/memory2/ILLINOIS_2_e1_834.lus,Unsafe,Unsafe,0.019000,0.031000,1.631579,0.012000,loss
compare_single_p_907_with_base_x3,compare_single_p_907_resume,base,asc_l1l2,FMCAD08/Int/memory2/MESI_3_e1_2517_e8_2163.lus,Safe,Safe,0.698000,0.629000,0.901146,-0.069000,win
compare_single_p_907_with_base_x3,compare_single_p_907_resume,base,asc_l1l2,FMCAD08/Int/memory2/MESI_i4_e8_1381_e1_1837.lus,Unsafe,Unsafe,0.132000,0.196000,1.484848,0.064000,loss
compare_single_p_907_with_base_x3,compare_single_p_907_resume,base,asc_l1l2,FMCAD08/Int/memory2/MESI_1_e2_162_e7_1545.lus,Safe,Safe,0.037000,0.035000,0.945946,-0.002000,win
compare_single_p_907_with_base_x3,compare_single_p_907_resume,base,asc_l1l2,FMCAD08/Int/memory2/MESI_i3_e1_447_e2_1098.lus,Unsafe,Unsafe,0.013000,0.013000,1.000000,0.000000,tie
compare_single_p_907_with_base_x3,compare_single_p_907_resume,base,asc_l1l2,FMCAD08/Int/memory2/SYNAPSE_5_e1_811.lus,Unsafe,Unsafe,0.028000,0.028000,1.000000,0.000000,tie
compare_single_p_907_with_base_x3,compare_single_p_907_resume,base,asc_l1l2,FMCAD08/Int/memory2/SYNAPSE_123_e7_837_e2_1394.lus,Unsafe,Unsafe,0.014000,0.015000,1.071429,0.001000,loss
compare_single_p_907_with_base_x3,compare_single_p_907_resume,base,asc_l1l2,FMCAD08/Int/memory2/SYNAPSE_123_e8_953_e1_1128.lus,Unsafe,Unsafe,0.015000,0.014000,0.933333,-0.001000,win
compare_single_p_907_with_base_x3,compare_single_p_907_resume,base,asc_l1l2,FMCAD08/Int/memory2/ILLINOIS_2_e2_2367_e3_1601.lus,Unsafe,Unsafe,0.018000,0.018000,1.000000,0.000000,tie
compare_single_p_907_with_base_x3,compare_single_p_907_resume,base,asc_l1l2,FMCAD08/Int/memory2/MOESI_1_e2_982_e7_492.lus,Safe,Safe,0.052000,0.051000,0.980769,-0.001000,win
compare_single_p_907_with_base_x3,compare_single_p_907_resume,base,asc_l1l2,FMCAD08/Int/memory2/MOESI_2_e3_929.lus,Safe,Safe,0.038000,0.047000,1.236842,0.009000,loss
compare_single_p_907_with_base_x3,compare_single_p_907_resume,base,asc_l1l2,FMCAD08/Int/memory2/MESI_i4_e8_1381_e4_313.lus,Unsafe,Unsafe,0.134000,0.179000,1.335821,0.045000,loss
compare_single_p_907_with_base_x3,compare_single_p_907_resume,base,asc_l1l2,FMCAD08/Int/memory2/MOESI_2_e1_1753_e1_1510.lus,Unsafe,Unsafe,0.015000,0.015000,1.000000,0.000000,tie
compare_single_p_907_with_base_x3,compare_single_p_907_resume,base,asc_l1l2,FMCAD08/Int/memory2/MESI_i1_e3_2145.lus,Unsafe,Unsafe,0.015000,0.014000,0.933333,-0.001000,win
compare_single_p_907_with_base_x3,compare_single_p_907_resume,base,asc_l1l2,FMCAD08/Int/memory2/MESI_all_e4_1147_e7_497.lus,Safe,Safe,0.062000,0.058000,0.935484,-0.004000,win
compare_single_p_907_with_base_x3,compare_single_p_907_resume,base,asc_l1l2,FMCAD08/Int/memory2/MOESI_2_e7_2607.lus,Unsafe,Unsafe,0.015000,0.016000,1.066667,0.001000,loss
compare_single_p_907_with_base_x3,compare_single_p_907_resume,base,asc_l1l2,FMCAD08/Int/memory2/SYNAPSE_2_e8_1118_e2_237.lus,Unsafe,Unsafe,0.013000,0.014000,1.076923,0.001000,loss
compare_single_p_907_with_base_x3,compare_single_p_907_resume,base,asc_l1l2,FMCAD08/Int/memory2/MESI_i1_e3_2145_e5_2391.lus,Unsafe,Unsafe,0.014000,0.014000,1.000000,0.000000,tie
compare_single_p_907_with_base_x3,compare_single_p_907_resume,base,asc_l1l2,FMCAD08/Int/memory2/MOESI_2_e3_929_e6_2707.lus,Safe,Safe,0.037000,0.038000,1.027027,0.001000,loss
compare_single_p_907_with_base_x3,compare_single_p_907_resume,base,asc_l1l2,FMCAD08/Int/memory2/SYNAPSE_4.lus,Safe,Safe,0.036000,0.035000,0.972222,-0.001000,win
compare_single_p_907_with_base_x3,compare_single_p_907_resume,base,asc_l1l2,FMCAD08/Int/memory2/MESI_3_e2_819_e7_1665.lus,Unsafe,Unsafe,0.020000,0.019000,0.950000,-0.001000,win
compare_single_p_907_with_base_x3,compare_single_p_907_resume,base,asc_l1l2,FMCAD08/Int/memory2/SYNAPSE_3_e8_1329_e3_421.lus,Unsafe,Unsafe,0.040000,0.040000,1.000000,0.000000,tie
compare_single_p_907_with_base_x3,compare_single_p_907_resume,base,asc_l1l2,FMCAD08/Int/memory2/SYNAPSE_123_e7_856.lus,Safe,Safe,0.056000,0.058000,1.035714,0.002000,loss
compare_single_p_907_with_base_x3,compare_single_p_907_resume,base,asc_l1l2,FMCAD08/Int/memory2/ILLINOIS_2_e1_834_e2_3395.lus,Safe,Safe,0.048000,0.078000,1.625000,0.030000,loss
compare_single_p_907_with_base_x3,compare_single_p_907_resume,base,asc_l1l2,FMCAD08/Int/memory2/MESI_i1_e3_2145_e2_2228.lus,Unsafe,Unsafe,0.014000,0.014000,1.000000,0.000000,tie
compare_single_p_907_with_base_x3,compare_single_p_907_resume,base,asc_l1l2,FMCAD08/Int/memory2/ILLINOIS_4.lus,Safe,Safe,0.047000,0.045000,0.957447,-0.002000,win
compare_single_p_907_with_base_x3,compare_single_p_907_resume,base,asc_l1l2,FMCAD08/Int/memory2/MESI_i1_e3_2145_e3_977.lus,Unsafe,Unsafe,0.014000,0.013000,0.928571,-0.001000,win
compare_single_p_907_with_base_x3,compare_single_p_907_resume,base,asc_l1l2,FMCAD08/Int/memory2/ILLINOIS_3_e3_2581.lus,Unsafe,Unsafe,0.019000,0.020000,1.052632,0.001000,loss
compare_single_p_907_with_base_x3,compare_single_p_907_resume,base,asc_l1l2,FMCAD08/Int/memory2/MESI_4_e7_1140_e7_433.lus,Safe,Safe,0.099000,0.050000,0.505051,-0.049000,win
compare_single_p_907_with_base_x3,compare_single_p_907_resume,base,asc_l1l2,FMCAD08/Int/memory2/MESI_all.lus,Safe,Safe,0.123000,0.073000,0.593496,-0.050000,win
compare_single_p_907_with_base_x3,compare_single_p_907_resume,base,asc_l1l2,FMCAD08/Int/memory2/SYNAPSE_2_e8_1118_e1_667.lus,Unsafe,Unsafe,0.013000,0.014000,1.076923,0.001000,loss
compare_single_p_907_with_base_x3,compare_single_p_907_resume,base,asc_l1l2,FMCAD08/Int/memory2/MOESI_2_e7_2910_e1_1021.lus,Unsafe,Unsafe,0.015000,0.015000,1.000000,0.000000,tie
compare_single_p_907_with_base_x3,compare_single_p_907_resume,base,asc_l1l2,FMCAD08/Int/memory2/SYNAPSE_123_e3_302_e1_1141.lus,Unsafe,Unsafe,0.030000,0.029000,0.966667,-0.001000,win
compare_single_p_907_with_base_x3,compare_single_p_907_resume,base,asc_l1l2,FMCAD08/Int/memory2/SYNAPSE_all_e7_907.lus,Safe,Safe,0.065000,0.134000,2.061538,0.069000,loss
compare_single_p_907_with_base_x3,compare_single_p_907_resume,base,asc_l1l2,FMCAD08/Int/memory2/SYNAPSE_123_e8_953_e3_271.lus,Unsafe,Unsafe,0.073000,0.050000,0.684932,-0.023000,win
compare_single_p_907_with_base_x3,compare_single_p_907_resume,base,asc_l1l2,FMCAD08/Int/memory2/SYNAPSE_2_e8_656.lus,Safe,Safe,0.033000,0.031000,0.939394,-0.002000,win
compare_single_p_907_with_base_x3,compare_single_p_907_resume,base,asc_l1l2,FMCAD08/Int/memory2/SYNAPSE_3_e1_1416_e2_753.lus,Unsafe,Unsafe,0.014000,0.014000,1.000000,0.000000,tie
compare_single_p_907_with_base_x3,compare_single_p_907_resume,base,asc_l1l2,FMCAD08/Int/memory2/SYNAPSE_3_e7_425.lus,Safe,Safe,0.035000,0.033000,0.942857,-0.002000,win
compare_single_p_907_with_base_x3,compare_single_p_907_resume,base,asc_l1l2,FMCAD08/Int/memory2/ILLINOIS_2.lus,Safe,Safe,0.047000,0.063000,1.340426,0.016000,loss
compare_single_p_907_with_base_x3,compare_single_p_907_resume,base,asc_l1l2,FMCAD08/Int/memory2/ILLINOIS_5_e7_692_e7_2865.lus,Safe,Safe,0.050000,0.047000,0.940000,-0.003000,win
compare_single_p_907_with_base_x3,compare_single_p_907_resume,base,asc_l1l2,FMCAD08/Int/memory2/MOESI_2_e3_929_e3_2294.lus,Unsafe,Unsafe,0.043000,0.047000,1.093023,0.004000,loss
compare_single_p_907_with_base_x3,compare_single_p_907_resume,base,asc_l1l2,FMCAD08/Int/memory2/MOESI_2_e3_929_e4_578.lus,Safe,Safe,0.038000,0.037000,0.973684,-0.001000,win
compare_single_p_907_with_base_x3,compare_single_p_907_resume,base,asc_l1l2,FMCAD08/Int/memory2/SYNAPSE_2.lus,Safe,Safe,0.032000,0.047000,1.468750,0.015000,loss
compare_single_p_907_with_base_x3,compare_single_p_907_resume,base,asc_l1l2,FMCAD08/Int/memory2/MESI_i2.lus,Unsafe,Unsafe,0.027000,0.027000,1.000000,0.000000,tie
compare_single_p_907_with_base_x3,compare_single_p_907_resume,base,asc_l1l2,FMCAD08/Int/memory2/MESI_i1_e4_1986_e1_1519.lus,Unsafe,Unsafe,0.041000,0.050000,1.219512,0.009000,loss
compare_single_p_907_with_base_x3,compare_single_p_907_resume,base,asc_l1l2,FMCAD08/Int/memory2/ILLINOIS_2_e2_2367_e7_2728.lus,Unsafe,Unsafe,0.019000,0.018000,0.947368,-0.001000,win
compare_single_p_907_with_base_x3,compare_single_p_907_resume,base,asc_l1l2,FMCAD08/Int/memory2/MOESI_2_e8_926_e8_2138.lus,Safe,Safe,0.038000,0.038000,1.000000,0.000000,tie
compare_single_p_907_with_base_x3,compare_single_p_907_resume,base,asc_l1l2,FMCAD08/Int/memory2/SYNAPSE_5_e1_811_e1_823.lus,Unsafe,Unsafe,0.026000,0.027000,1.038462,0.001000,loss
compare_single_p_907_with_base_x3,compare_single_p_907_resume,base,asc_l1l2,FMCAD08/Int/memory2/ILLINOIS_r4a.lus,Safe,Safe,0.777000,1.159000,1.491634,0.382000,loss
compare_single_p_907_with_base_x3,compare_single_p_907_resume,base,asc_l1l2,FMCAD08/Int/memory2/ILLINOIS_4_e7_2651_e7_2847.lus,Safe,Safe,0.059000,0.059000,1.000000,0.000000,tie
compare_single_p_907_with_base_x3,compare_single_p_907_resume,base,asc_l1l2,FMCAD08/Int/memory2/ILLINOIS_2_e1_834_e7_3738.lus,Unsafe,Unsafe,0.018000,0.018000,1.000000,0.000000,tie
compare_single_p_907_with_base_x3,compare_single_p_907_resume,base,asc_l1l2,FMCAD08/Int/memory2/SYNAPSE_2_e8_1118_e8_1177.lus,Safe,Safe,0.030000,0.047000,1.566667,0.017000,loss
compare_single_p_907_with_base_x3,compare_single_p_907_resume,base,asc_l1l2,FMCAD08/Int/memory2/MESI_i1_e3_2145_e8_2325.lus,Unsafe,Unsafe,0.014000,0.024000,1.714286,0.010000,loss
compare_single_p_907_with_base_x3,compare_single_p_907_resume,base,asc_l1l2,FMCAD08/Int/memory2/ILLINOIS_5.lus,Safe,Safe,0.046000,0.047000,1.021739,0.001000,loss
compare_single_p_907_with_base_x3,compare_single_p_907_resume,base,asc_l1l2,FMCAD08/Int/memory2/ILLINOIS_2_e1_834_e3_2931.lus,Unsafe,Unsafe,0.018000,0.018000,1.000000,0.000000,tie
compare_single_p_907_with_base_x3,compare_single_p_907_resume,base,asc_l1l2,FMCAD08/Int/memory2/ILLINOIS_3_e3_2581_e2_2545.lus,Unsafe,Unsafe,0.017000,0.017000,1.000000,0.000000,tie
compare_single_p_907_with_base_x3,compare_single_p_907_resume,base,asc_l1l2,FMCAD08/Int/memory2/SYNAPSE_6_e2_1439_e1_954.lus,Safe,Safe,0.120000,0.109000,0.908333,-0.011000,win
compare_single_p_907_with_base_x3,compare_single_p_907_resume,base,asc_l1l2,FMCAD08/Int/memory2/SYNAPSE_all_e8_251_e3_1472.lus,Unsafe,Unsafe,0.082000,0.051000,0.621951,-0.031000,win
compare_single_p_907_with_base_x3,compare_single_p_907_resume,base,asc_l1l2,FMCAD08/Int/memory2/MOESI_2_e8_926_e7_961.lus,Unsafe,Unsafe,0.015000,0.016000,1.066667,0.001000,loss
compare_single_p_907_with_base_x3,compare_single_p_907_resume,base,asc_l1l2,FMCAD08/Int/memory2/MOESI_2_e3_929_e8_1167.lus,Safe,Safe,0.037000,0.038000,1.027027,0.001000,loss
compare_single_p_907_with_base_x3,compare_single_p_907_resume,base,asc_l1l2,FMCAD08/Int/memory2/MESI_3_e2_819_e5_2554.lus,Unsafe,Unsafe,0.032000,0.029000,0.906250,-0.003000,win
compare_single_p_907_with_base_x3,compare_single_p_907_resume,base,asc_l1l2,FMCAD08/Int/memory2/SYNAPSE_2_e1_1239.lus,Unsafe,Unsafe,0.013000,0.014000,1.076923,0.001000,loss
compare_single_p_907_with_base_x3,compare_single_p_907_resume,base,asc_l1l2,FMCAD08/Int/memory2/MOESI_2_e3_929_e5_1826.lus,Safe,Safe,0.038000,0.039000,1.026316,0.001000,loss
compare_single_p_907_with_base_x3,compare_single_p_907_resume,base,asc_l1l2,FMCAD08/Int/memory2/SYNAPSE_i1.lus,Unsafe,Unsafe,0.013000,0.013000,1.000000,0.000000,tie
compare_single_p_907_with_base_x3,compare_single_p_907_resume,base,asc_l1l2,FMCAD08/Int/memory2/SYNAPSE_3_e1_1416.lus,Unsafe,Unsafe,0.014000,0.014000,1.000000,0.000000,tie
compare_single_p_907_with_base_x3,compare_single_p_907_resume,base,asc_l1l2,FMCAD08/Int/memory2/MESI_i1_e2_2656.lus,Unsafe,Unsafe,0.014000,0.014000,1.000000,0.000000,tie
compare_single_p_907_with_base_x3,compare_single_p_907_resume,base,asc_l1l2,FMCAD08/Int/memory2/MESI_i1_e3_2145_e4_1717.lus,Unsafe,Unsafe,0.013000,0.023000,1.769231,0.010000,loss
compare_single_p_907_with_base_x3,compare_single_p_907_resume,base,asc_l1l2,FMCAD08/Int/memory2/MESI_3_e3_2669.lus,Safe,Safe,0.507000,0.797000,1.571992,0.290000,loss
compare_single_p_907_with_base_x3,compare_single_p_907_resume,base,asc_l1l2,FMCAD08/Int/memory2/ILLINOIS_3_e3_2581_e4_958.lus,Unsafe,Unsafe,0.017000,0.016000,0.941176,-0.001000,win
compare_single_p_907_with_base_x3,compare_single_p_907_resume,base,asc_l1l2,FMCAD08/Int/memory2/MOESI_2_e3_929_e7_619.lus,Unsafe,Unsafe,0.015000,0.015000,1.000000,0.000000,tie
compare_single_p_907_with_base_x3,compare_single_p_907_resume,base,asc_l1l2,FMCAD08/Int/memory2/MESI_i1_e3_2145_e7_1847.lus,Unsafe,Unsafe,0.016000,0.013000,0.812500,-0.003000,win
compare_single_p_907_with_base_x3,compare_single_p_907_resume,base,asc_l1l2,FMCAD08/Int/memory2/SYNAPSE_123_e8_953_e8_941.lus,Safe,Safe,0.060000,0.057000,0.950000,-0.003000,win
compare_single_p_907_with_base_x3,compare_single_p_907_resume,base,asc_l1l2,FMCAD08/Int/memory2/SYNAPSE_5_e1_811_e2_1026.lus,Unsafe,Unsafe,0.028000,0.027000,0.964286,-0.001000,win
compare_single_p_907_with_base_x3,compare_single_p_907_resume,base,asc_l1l2,FMCAD08/Int/memory2/ILLINOIS_2_e2_876.lus,Unsafe,Unsafe,0.018000,0.018000,1.000000,0.000000,tie
compare_single_p_907_with_base_x3,compare_single_p_907_resume,base,asc_l1l2,FMCAD08/Int/memory2/ILLINOIS_2_e1_834_e1_1895.lus,Unsafe,Unsafe,0.018000,0.032000,1.777778,0.014000,loss
compare_single_p_907_with_base_x3,compare_single_p_907_resume,base,asc_l1l2,FMCAD08/Int/memory2/MESI_i3_e1_447.lus,Unsafe,Unsafe,0.069000,0.069000,1.000000,0.000000,tie
compare_single_p_907_with_base_x3,compare_single_p_907_resume,base,asc_l1l2,FMCAD08/Int/memory2/MESI_3_e2_819_e1_1145.lus,Safe,Safe,0.576000,0.760000,1.319444,0.184000,loss
compare_single_p_907_with_base_x3,compare_single_p_907_resume,base,asc_l1l2,FMCAD08/Int/memory2/MESI_3.lus,Safe,Safe,0.591000,0.597000,1.010152,0.006000,loss
compare_single_p_907_with_base_x3,compare_single_p_907_resume,base,asc_l1l2,FMCAD08/Int/memory2/MESI_i1_e3_2145_e1_2667.lus,Unsafe,Unsafe,0.014000,0.014000,1.000000,0.000000,tie
compare_single_p_907_with_base_x3,compare_single_p_907_resume,base,asc_l1l2,FMCAD08/Int/memory2/ILLINOIS_a1.lus,Safe,Safe,0.560000,0.559000,0.998214,-0.001000,win
compare_single_p_907_with_base_x3,compare_single_p_907_resume,base,asc_l1l2,FMCAD08/Int/memory2/MOESI_2_e8_926_e1_1065.lus,Safe,Safe,0.038000,0.038000,1.000000,0.000000,tie
compare_single_p_907_with_base_x3,compare_single_p_907_resume,base,asc_l1l2,FMCAD08/Int/memory2/MESI_i4_e6_2175.lus,Safe,Safe,0.673000,0.697000,1.035661,0.024000,loss
compare_single_p_907_with_base_x3,compare_single_p_907_resume,base,asc_l1l2,FMCAD08/Int/memory2/SYNAPSE_3_e1_1416_e7_193.lus,Unsafe,Unsafe,0.014000,0.014000,1.000000,0.000000,tie
compare_single_p_907_with_base_x3,compare_single_p_907_resume,base,asc_l1l2,FMCAD08/Int/memory2/SYNAPSE_all_e8_251.lus,Safe,Safe,0.107000,0.093000,0.869159,-0.014000,win
compare_single_p_907_with_base_x3,compare_single_p_907_resume,base,asc_l1l2,FMCAD08/Int/memory2/MOESI_2_e1_1753.lus,Safe,Safe,0.038000,0.038000,1.000000,0.000000,tie
compare_single_p_907_with_base_x3,compare_single_p_907_resume,base,asc_l1l2,FMCAD08/Int/memory2/MESI_3_e2_819_e6_1459.lus,Safe,Safe,0.817000,0.716000,0.876377,-0.101000,win
compare_single_p_907_with_base_x3,compare_single_p_907_resume,base,asc_l1l2,FMCAD08/Int/memory2/MOESI_2_e8_101.lus,Safe,Safe,0.039000,0.037000,0.948718,-0.002000,win
compare_single_p_907_with_base_x3,compare_single_p_907_resume,base,asc_l1l2,FMCAD08/Int/memory2/MOESI_2_e7_2910_e7_1804.lus,Unsafe,Unsafe,0.016000,0.015000,0.937500,-0.001000,win
compare_single_p_907_with_base_x3,compare_single_p_907_resume,base,asc_l1l2,FMCAD08/Int/memory2/SYNAPSE_5.lus,Timeout,Timeout,,,,,unsolved_both
compare_single_p_907_with_base_x3,compare_single_p_907_resume,base,asc_l1l2,FMCAD08/Int/memory2/MOESI_2_e1_1753_e3_2021.lus,Unsafe,Unsafe,0.044000,0.044000,1.000000,0.000000,tie
compare_single_p_907_with_base_x3,compare_single_p_907_resume,base,asc_l1l2,FMCAD08/Int/memory2/SYNAPSE_all_e3_1864_e7_251.lus,Unsafe,Unsafe,0.044000,0.044000,1.000000,0.000000,tie
compare_single_p_907_with_base_x3,compare_single_p_907_resume,base,asc_l1l2,FMCAD08/Int/memory2/SYNAPSE_6_e8_1147_e2_1326.lus,Safe,Safe,0.063000,0.057000,0.904762,-0.006000,win
compare_single_p_907_with_base_x3,compare_single_p_907_resume,base,asc_l1l2,FMCAD08/Int/memory2/ILLINOIS_3_e3_2581_e1_1130.lus,Unsafe,Unsafe,0.016000,0.016000,1.000000,0.000000,tie
compare_single_p_907_with_base_x3,compare_single_p_907_resume,base,asc_l1l2,FMCAD08/Int/memory2/SYNAPSE_6_e3_1666_e5_1558.lus,Safe,Safe,0.107000,0.113000,1.056075,0.006000,loss
compare_single_p_907_with_base_x3,compare_single_p_907_resume,base,asc_l1l2,FMCAD08/Int/memory2/ILLINOIS_2_e2_2367_e2_1561.lus,Unsafe,Unsafe,0.018000,0.018000,1.000000,0.000000,tie
compare_single_p_907_with_base_x3,compare_single_p_907_resume,base,asc_l1l2,FMCAD08/Int/memory2/MOESI_all.lus,Safe,Safe,0.068000,0.093000,1.367647,0.025000,loss
compare_single_p_907_with_base_x3,compare_single_p_907_resume,base,asc_l1l2,FMCAD08/Int/memory2/SYNAPSE_all_e8_251_e1_1852.lus,Unsafe,Unsafe,0.014000,0.035000,2.500000,0.021000,loss
compare_single_p_907_with_base_x3,compare_single_p_907_resume,base,asc_l1l2,FMCAD08/Int/memory2/ILLINOIS_3_e3_2581_e3_979.lus,Unsafe,Unsafe,0.019000,0.019000,1.000000,0.000000,tie
compare_single_p_907_with_base_x3,compare_single_p_907_resume,base,asc_l1l2,FMCAD08/Int/memory2/SYNAPSE_3_e1_1416_e3_1191.lus,Unsafe,Unsafe,0.014000,0.014000,1.000000,0.000000,tie
compare_single_p_907_with_base_x3,compare_single_p_907_resume,base,asc_l1l2,FMCAD08/Int/memory2/SYNAPSE_all_e3_1750.lus,Unsafe,Unsafe,0.060000,0.088000,1.466667,0.028000,loss
compare_single_p_907_with_base_x3,compare_single_p_907_resume,base,asc_l1l2,FMCAD08/Int/memory2/SYNAPSE_3_e8_1329_e8_320.lus,Safe,Safe,0.034000,0.035000,1.029412,0.001000,loss
compare_single_p_907_with_base_x3,compare_single_p_907_resume,base,asc_l1l2,FMCAD08/Int/memory2/MOESI_all_e3_2032_e3_2788.lus,Unsafe,Unsafe,0.033000,0.033000,1.000000,0.000000,tie
compare_single_p_907_with_base_x3,compare_single_p_907_resume,base,asc_l1l2,FMCAD08/Int/memory2/ILLINOIS_all.lus,Safe,Safe,0.120000,0.116000,0.966667,-0.004000,win
compare_single_p_907_with_base_x3,compare_single_p_907_resume,base,asc_l1l2,FMCAD08/Int/memory2/MESI_i1_e2_1758_e8_12.lus,Unsafe,Unsafe,0.014000,0.014000,1.000000,0.000000,tie
compare_single_p_907_with_base_x3,compare_single_p_907_resume,base,asc_l1l2,FMCAD08/Int/memory2/MESI_i4_e4_1689.lus,Unsafe,Unsafe,0.102000,0.137000,1.343137,0.035000,loss
compare_single_p_907_with_base_x3,compare_single_p_907_resume,base,asc_l1l2,FMCAD08/Int/memory2/SYNAPSE_123_e8_953_e7_1465.lus,Safe,Safe,0.057000,0.055000,0.964912,-0.002000,win
compare_single_p_907_with_base_x3,compare_single_p_907_resume,base,asc_l1l2,FMCAD08/Int/memory2/MESI_4.lus,Safe,Safe,0.088000,0.050000,0.568182,-0.038000,win
compare_single_p_907_with_base_x3,compare_single_p_907_resume,base,asc_l1l2,FMCAD08/Int/memory2/SYNAPSE_2_e1_1239_e1_1331.lus,Unsafe,Unsafe,0.013000,0.013000,1.000000,0.000000,tie
compare_single_p_907_with_base_x3,compare_single_p_907_resume,base,asc_l1l2,FMCAD08/Int/memory2/MOESI_2_e1_1753_e2_615.lus,Unsafe,Unsafe,0.015000,0.015000,1.000000,0.000000,tie
compare_single_p_907_with_base_x3,compare_single_p_907_resume,base,asc_l1l2,FMCAD08/Int/memory2/MESI_2.lus,Safe,Safe,0.034000,0.033000,0.970588,-0.001000,win
compare_single_p_907_with_base_x3,compare_single_p_907_resume,base,asc_l1l2,FMCAD08/Int/memory2/SYNAPSE_3_e8_1329_e1_1270.lus,Unsafe,Unsafe,0.014000,0.014000,1.000000,0.000000,tie
compare_single_p_907_with_base_x3,compare_single_p_907_resume,base,asc_l1l2,FMCAD08/Int/memory2/MOESI_2_e2_1599_e3_1658.lus,Unsafe,Unsafe,0.043000,0.044000,1.023256,0.001000,loss
compare_single_p_907_with_base_x3,compare_single_p_907_resume,base,asc_l1l2,FMCAD08/Int/memory2/SYNAPSE_123_e7_837_e3_135.lus,Unsafe,Unsafe,0.049000,0.037000,0.755102,-0.012000,win
compare_single_p_907_with_base_x3,compare_single_p_907_resume,base,asc_l1l2,FMCAD08/Int/memory2/SYNAPSE_3_e7_1444_e7_638.lus,Safe,Safe,0.031000,0.032000,1.032258,0.001000,loss
compare_single_p_907_with_base_x3,compare_single_p_907_resume,base,asc_l1l2,FMCAD08/Int/memory2/SYNAPSE_123_e3_302.lus,Unsafe,Unsafe,0.060000,0.059000,0.983333,-0.001000,win
compare_single_p_907_with_base_x3,compare_single_p_907_resume,base,asc_l1l2,FMCAD08/Int/memory2/SYNAPSE_6.lus,Safe,Safe,0.058000,0.056000,0.965517,-0.002000,win
compare_single_p_907_with_base_x3,compare_single_p_907_resume,base,asc_l1l2,FMCAD08/Int/memory2/ILLINOIS_3_e3_2581_e5_4006.lus,Unsafe,Unsafe,0.017000,0.017000,1.000000,0.000000,tie
compare_single_p_907_with_base_x3,compare_single_p_907_resume,base,asc_l1l2,FMCAD08/Int/memory2/ILLINOIS_2_e2_2367_e1_3182.lus,Safe,Safe,0.047000,0.049000,1.042553,0.002000,loss
compare_single_p_907_with_base_x3,compare_single_p_907_resume,base,asc_l1l2,FMCAD08/Int/memory2/MESI_i3_e1_447_e5_2444.lus,Unsafe,Unsafe,0.013000,0.013000,1.000000,0.000000,tie
compare_single_p_907_with_base_x3,compare_single_p_907_resume,base,asc_l1l2,FMCAD08/Int/memory2/MOESI_2_e2_155.lus,Safe,Safe,0.039000,0.039000,1.000000,0.000000,tie
compare_single_p_907_with_base_x3,compare_single_p_907_resume,base,asc_l1l2,FMCAD08/Int/memory2/SYNAPSE_4_e8_420_e7_572.lus,Safe,Safe,0.033000,0.032000,0.969697,-0.001000,win
compare_single_p_907_with_base_x3,compare_single_p_907_resume,base,asc_l1l2,FMCAD08/Int/memory2/ILLINOIS_1.lus,Safe,Safe,0.050000,0.047000,0.940000,-0.003000,win
compare_single_p_907_with_base_x3,compare_single_p_907_resume,base,asc_l1l2,FMCAD08/Int/memory2/MESI_1.lus,Safe,Safe,0.049000,0.047000,0.959184,-0.002000,win
compare_single_p_907_with_base_x3,compare_single_p_907_resume,base,asc_l1l2,FMCAD08/Int/memory2/SYNAPSE_2_e8_1118_e7_1043.lus,Safe,Safe,0.045000,0.030000,0.666667,-0.015000,win
compare_single_p_907_with_base_x3,compare_single_p_907_resume,base,asc_l1l2,FMCAD08/Int/memory2/MESI_i4.lus,Unsafe,Unsafe,0.097000,0.094000,0.969072,-0.003000,win
compare_single_p_907_with_base_x3,compare_single_p_907_resume,base,asc_l1l2,FMCAD08/Int/memory2/MOESI_1.lus,Safe,Safe,0.038000,0.036000,0.947368,-0.002000,win
compare_single_p_907_with_base_x3,compare_single_p_907_resume,base,asc_l1l2,FMCAD08/Int/memory2/MESI_3_e2_819_e3_2698.lus,Unsafe,Unsafe,0.027000,0.018000,0.666667,-0.009000,win
compare_single_p_907_with_base_x3,compare_single_p_907_resume,base,asc_l1l2,FMCAD08/Int/memory2/SYNAPSE_3_e8_1708.lus,Safe,Safe,0.036000,0.035000,0.972222,-0.001000,win
compare_single_p_907_with_base_x3,compare_single_p_907_resume,base,asc_l1l2,FMCAD08/Int/memory2/SYNAPSE_all_e8_251_e2_1053.lus,Unsafe,Unsafe,0.014000,0.014000,1.000000,0.000000,tie
compare_single_p_907_with_base_x3,compare_single_p_907_resume,base,asc_l1l2,FMCAD08/Int/memory2/SYNAPSE_3_e8_1329_e7_1062.lus,Safe,Safe,0.031000,0.032000,1.032258,0.001000,loss
compare_single_p_907_with_base_x3,compare_single_p_907_resume,base,asc_l1l2,FMCAD08/Int/memory2/SYNAPSE_2_e1_1239_e2_74.lus,Unsafe,Unsafe,0.014000,0.013000,0.928571,-0.001000,win
compare_single_p_907_with_base_x3,compare_single_p_907_resume,base,asc_l1l2,FMCAD08/Int/memory2/SYNAPSE_123_e8_953_e2_458.lus,Unsafe,Unsafe,0.013000,0.014000,1.076923,0.001000,loss
compare_single_p_907_with_base_x3,compare_single_p_907_resume,base,asc_l1l2,FMCAD08/Int/memory2/SYNAPSE_123.lus,Safe,Safe,0.062000,0.059000,0.951613,-0.003000,win
compare_single_p_907_with_base_x3,compare_single_p_907_resume,base,asc_l1l2,FMCAD08/Int/memory2/SYNAPSE_4_e8_420_e8_1525.lus,Safe,Safe,0.050000,0.075000,1.500000,0.025000,loss
compare_single_p_907_with_base_x3,compare_single_p_907_resume,base,asc_l1l2,FMCAD08/Int/memory2/SYNAPSE_2_e3_216.lus,Unsafe,Unsafe,0.034000,0.028000,0.823529,-0.006000,win
compare_single_p_907_with_base_x3,compare_single_p_907_resume,base,asc_l1l2,FMCAD08/Int/memory2/MESI_3_e2_819_e8_1896.lus,Unsafe,Unsafe,0.023000,0.018000,0.782609,-0.005000,win
compare_single_p_907_with_base_x3,compare_single_p_907_resume,base,asc_l1l2,FMCAD08/Int/memory2/SYNAPSE_3_e3_1041.lus,Unsafe,Unsafe,0.038000,0.040000,1.052632,0.002000,loss
compare_single_p_907_with_base_x3,compare_single_p_907_resume,base,asc_l1l2,FMCAD08/Int/memory2/SYNAPSE_3_e8_1329_e2_236.lus,Unsafe,Unsafe,0.014000,0.014000,1.000000,0.000000,tie
compare_single_p_907_with_base_x3,compare_single_p_907_resume,base,asc_l1l2,FMCAD08/Int/memory2/MOESI_2_e2_1599_e8_1334.lus,Safe,Safe,0.037000,0.037000,1.000000,0.000000,tie
compare_single_p_907_with_base_x3,compare_single_p_907_resume,base,asc_l1l2,FMCAD08/Int/memory2/MESI_i1.lus,Unsafe,Unsafe,0.014000,0.031000,2.214286,0.017000,loss
compare_single_p_907_with_base_x3,compare_single_p_907_resume,base,asc_l1l2,FMCAD08/Int/memory2/ILLINOIS_3_e3_2581_e7_3447.lus,Unsafe,Unsafe,0.020000,0.045000,2.250000,0.025000,loss
compare_single_p_907_with_base_x3,compare_single_p_907_resume,base,asc_l1l2,FMCAD08/Int/memory2/MESI_i3_e1_447_e3_1180.lus,Safe,Safe,0.047000,0.047000,1.000000,0.000000,tie
compare_single_p_907_with_base_x3,compare_single_p_907_resume,base,asc_l1l2,FMCAD08/Int/memory2/MESI_i3_e1_447_e1_1292.lus,Safe,Safe,0.154000,0.148000,0.961039,-0.006000,win
compare_single_p_907_with_base_x3,compare_single_p_907_resume,base,asc_l1l2,FMCAD08/Int/memory2/MESI_i3.lus,Unsafe,Unsafe,0.035000,0.013000,0.371429,-0.022000,win
compare_single_p_907_with_base_x3,compare_single_p_907_resume,base,asc_l1l2,FMCAD08/Int/memory2/SYNAPSE_3_e1_1416_e1_1675.lus,Unsafe,Unsafe,0.014000,0.014000,1.000000,0.000000,tie
compare_single_p_907_with_base_x3,compare_single_p_907_resume,base,asc_l1l2,FMCAD08/Int/memory2/SYNAPSE_3.lus,Safe,Safe,0.036000,0.037000,1.027778,0.001000,loss
compare_single_p_907_with_base_x3,compare_single_p_907_resume,base,asc_l1l2,FMCAD08/Int/memory2/MESI_i4_e7_1017_e6_1132.lus,Safe,Safe,1.007000,2.036000,2.021847,1.029000,loss
compare_single_p_907_with_base_x3,compare_single_p_907_resume,base,asc_l1l2,FMCAD08/Int/memory2/SYNAPSE_123_e7_837_e7_1262.lus,Safe,Safe,0.057000,0.055000,0.964912,-0.002000,win
compare_single_p_907_with_base_x3,compare_single_p_907_resume,base,asc_l1l2,FMCAD08/Int/memory2/SYNAPSE_123_e8_953.lus,Safe,Safe,0.061000,0.057000,0.934426,-0.004000,win
compare_single_p_907_with_base_x3,compare_single_p_907_resume,base,asc_l1l2,FMCAD08/Int/memory2/SYNAPSE_6_e7_938_e2_1012.lus,Safe,Safe,0.053000,0.054000,1.018868,0.001000,loss
compare_single_p_907_with_base_x3,compare_single_p_907_resume,base,asc_l1l2,FMCAD08/Int/memory2/SYNAPSE_all_e3_1864_e3_495.lus,Unsafe,Unsafe,0.082000,0.094000,1.146341,0.012000,loss
compare_single_p_907_with_base_x3,compare_single_p_907_resume,base,asc_l1l2,FMCAD08/Int/memory2/MESI_i3_e1_447_e7_2194.lus,Unsafe,Unsafe,0.210000,0.071000,0.338095,-0.139000,win
compare_single_p_907_with_base_x3,compare_single_p_907_resume,base,asc_l1l2,FMCAD08/Int/memory2/MESI_i1_e4_1986.lus,Unsafe,Unsafe,0.013000,0.014000,1.076923,0.001000,loss
compare_single_p_907_with_base_x3,compare_single_p_907_resume,base,asc_l1l2,FMCAD08/Int/memory2/SYNAPSE_2_e8_1118_e3_1216.lus,Unsafe,Unsafe,0.034000,0.035000,1.029412,0.001000,loss
compare_single_p_907_with_base_x3,compare_single_p_907_resume,base,asc_l1l2,FMCAD08/Int/memory2/MOESI_1_e3_1884_e7_1875.lus,Safe,Safe,0.055000,0.051000,0.927273,-0.004000,win
compare_single_p_907_with_base_x3,compare_single_p_907_resume,base,asc_l1l2,FMCAD08/Int/memory2/SYNAPSE_1.lus,Safe,Safe,0.033000,0.034000,1.030303,0.001000,loss
compare_single_p_907_with_base_x3,compare_single_p_907_resume,base,asc_l1l2,FMCAD08/Int/memory2/MESI_3_e2_819.lus,Unsafe,Unsafe,0.019000,0.019000,1.000000,0.000000,tie
compare_single_p_907_with_base_x3,compare_single_p_907_resume,base,asc_l1l2,FMCAD08/Int/memory2/MOESI_2_e2_1599_e2_1815.lus,Unsafe,Unsafe,0.015000,0.015000,1.000000,0.000000,tie
compare_single_p_907_with_base_x3,compare_single_p_907_resume,base,asc_l1l2,FMCAD08/Int/memory2/MESI_i3_e1_447_e6_2281.lus,Safe,Safe,0.168000,0.164000,0.976190,-0.004000,win
compare_single_p_907_with_base_x3,compare_single_p_907_resume,base,asc_l1l2,FMCAD08/Int/memory2/MESI_3_e2_819_e4_1595.lus,Safe,Safe,0.567000,0.760000,1.340388,0.193000,loss
compare_single_p_907_with_base_x3,compare_single_p_907_resume,base,asc_l1l2,FMCAD08/Int/memory2/SYNAPSE_all_e7_907_e7_1363.lus,Safe,Safe,0.060000,0.064000,1.066667,0.004000,loss
compare_single_p_907_with_base_x3,compare_single_p_907_resume,base,asc_l1l2,FMCAD08/Int/memory2/MOESI_2_e2_1599_e1_2383.lus,Unsafe,Unsafe,0.015000,0.015000,1.000000,0.000000,tie
compare_single_p_907_with_base_x3,compare_single_p_907_resume,base,asc_l1l2,FMCAD08/Int/memory2/SYNAPSE_all_e3_1864_e5_1637.lus,Unsafe,Unsafe,0.014000,0.015000,1.071429,0.001000,loss
compare_single_p_907_with_base_x3,compare_single_p_907_resume,base,asc_l1l2,FMCAD08/Int/memory2/SYNAPSE_123_e2_1653.lus,Unsafe,Unsafe,0.022000,0.015000,0.681818,-0.007000,win
compare_single_p_907_with_base_x3,compare_single_p_907_resume,base,asc_l1l2,FMCAD08/Int/memory2/ILLINOIS_3.lus,Safe,Safe,0.059000,0.056000,0.949153,-0.003000,win
compare_single_p_907_with_base_x3,compare_single_p_907_resume,base,asc_l1l2,FMCAD08/Int/memory2/MOESI_2_e3_929_e1_2319.lus,Unsafe,Unsafe,0.014000,0.015000,1.071429,0.001000,loss
compare_single_p_907_with_base_x3,compare_single_p_907_resume,base,asc_l1l2,FMCAD08/Int/memory2/MESI_3_e2_819_e2_562.lus,Unsafe,Unsafe,0.041000,0.019000,0.463415,-0.022000,win
compare_single_p_907_with_base_x3,compare_single_p_907_resume,base,asc_l1l2,FMCAD08/Int/memory2/SYNAPSE_all_e3_1864_e4_34.lus,Unsafe,Unsafe,0.014000,0.014000,1.000000,0.000000,tie
compare_single_p_907_with_base_x3,compare_single_p_907_resume,base,asc_l1l2,FMCAD08/Int/large/microwave37.lus,Unsafe,Unsafe,8.550000,9.436000,1.103626,0.886000,loss
compare_single_p_907_with_base_x3,compare_single_p_907_resume,base,asc_l1l2,FMCAD08/Int/large/steam_boiler_no_arr2.lus,Safe,Safe,0.111000,0.111000,1.000000,0.000000,tie
compare_single_p_907_with_base_x3,compare_single_p_907_resume,base,asc_l1l2,FMCAD08/Int/large/microwave03.lus,Safe,Safe,0.048000,0.048000,1.000000,0.000000,tie
compare_single_p_907_with_base_x3,compare_single_p_907_resume,base,asc_l1l2,FMCAD08/Int/large/microwave01.lus,Safe,Safe,0.538000,0.523000,0.972119,-0.015000,win
compare_single_p_907_with_base_x3,compare_single_p_907_resume,base,asc_l1l2,FMCAD08/Int/large/microwave13.lus,Timeout,Timeout,,,,,unsolved_both
compare_single_p_907_with_base_x3,compare_single_p_907_resume,base,asc_l1l2,FMCAD08/Int/large/microwave12.lus,Unsafe,Unsafe,0.439000,0.455000,1.036446,0.016000,loss
compare_single_p_907_with_base_x3,compare_single_p_907_resume,base,asc_l1l2,FMCAD08/Int/large/microwave31.lus,Unsafe,Timeout,12.020000,10.263000,,,regressed
compare_single_p_907_with_base_x3,compare_single_p_907_resume,base,asc_l1l2,FMCAD08/Int/large/microwave26.lus,Timeout,Timeout,,,,,unsolved_both
compare_single_p_907_with_base_x3,compare_single_p_907_resume,base,asc_l1l2,FMCAD08/Int/large/microwave14.lus,Unsafe,Unsafe,1.361000,0.754000,0.554004,-0.607000,win
compare_single_p_907_with_base_x3,compare_single_p_907_resume,base,asc_l1l2,FMCAD08/Int/large/microwave32.lus,Unsafe,Unsafe,6.142000,27.705000,4.510746,21.563000,loss
compare_single_p_907_with_base_x3,compare_single_p_907_resume,base,asc_l1l2,FMCAD08/Int/large/microwave27.lus,Timeout,Timeout,,,,,unsolved_both
compare_single_p_907_with_base_x3,compare_single_p_907_resume,base,asc_l1l2,FMCAD08/Int/large/microwave16.lus,Safe,Safe,0.064000,0.050000,0.781250,-0.014000,win
compare_single_p_907_with_base_x3,compare_single_p_907_resume,base,asc_l1l2,FMCAD08/Int/large/microwave40.lus,Unsafe,Unsafe,0.054000,0.057000,1.055556,0.003000,loss
compare_single_p_907_with_base_x3,compare_single_p_907_resume,base,asc_l1l2,FMCAD08/Int/large/steam_boiler_no_arr2_e1_17214_e5_18600.lus,Safe,Safe,0.111000,0.110000,0.990991,-0.001000,win
compare_single_p_907_with_base_x3,compare_single_p_907_resume,base,asc_l1l2,FMCAD08/Int/large/microwave28.lus,Unsafe,Unsafe,0.816000,0.733000,0.898284,-0.083000,win
compare_single_p_907_with_base_x3,compare_single_p_907_resume,base,asc_l1l2,FMCAD08/Int/large/microwave07.lus,Timeout,Timeout,,,,,unsolved_both
compare_single_p_907_with_base_x3,compare_single_p_907_resume,base,asc_l1l2,FMCAD08/Int/large/microwave29.lus,Safe,Safe,20.911000,5.273000,0.252164,-15.638000,win
compare_single_p_907_with_base_x3,compare_single_p_907_resume,base,asc_l1l2,FMCAD08/Int/large/microwave25.lus,Unsafe,Unsafe,0.052000,0.053000,1.019231,0.001000,loss
compare_single_p_907_with_base_x3,compare_single_p_907_resume,base,asc_l1l2,FMCAD08/Int/large/microwave22.lus,Timeout,Timeout,,,,,unsolved_both
compare_single_p_907_with_base_x3,compare_single_p_907_resume,base,asc_l1l2,FMCAD08/Int/large/microwave11.lus,Timeout,Timeout,,,,,unsolved_both
compare_single_p_907_with_base_x3,compare_single_p_907_resume,base,asc_l1l2,FMCAD08/Int/large/microwave06.lus,Timeout,Timeout,,,,,unsolved_both
compare_single_p_907_with_base_x3,compare_single_p_907_resume,base,asc_l1l2,FMCAD08/Int/large/microwave15.lus,Safe,Safe,0.048000,0.049000,1.020833,0.001000,loss
compare_single_p_907_with_base_x3,compare_single_p_907_resume,base,asc_l1l2,FMCAD08/Int/large/microwave20.lus,Unsafe,Unsafe,0.053000,0.053000,1.000000,0.000000,tie
compare_single_p_907_with_base_x3,compare_single_p_907_resume,base,asc_l1l2,FMCAD08/Int/large/microwave19.lus,Safe,Safe,1.840000,1.527000,0.829891,-0.313000,win
compare_single_p_907_with_base_x3,compare_single_p_907_resume,base,asc_l1l2,FMCAD08/Int/large/steam_boiler_no_arr2_e3_514_e4_11150.lus,Safe,Safe,0.112000,0.111000,0.991071,-0.001000,win
compare_single_p_907_with_base_x3,compare_single_p_907_resume,base,asc_l1l2,FMCAD08/Int/large/microwave02.lus,Safe,Safe,0.046000,0.065000,1.413043,0.019000,loss
compare_single_p_907_with_base_x3,compare_single_p_907_resume,base,asc_l1l2,FMCAD08/Int/large/microwave17.lus,Safe,Safe,2.447000,6.949000,2.839804,4.502000,loss
compare_single_p_907_with_base_x3,compare_single_p_907_resume,base,asc_l1l2,FMCAD08/Int/large/microwave33.lus,Unsafe,Unsafe,10.318000,6.127000,0.593817,-4.191000,win
compare_single_p_907_with_base_x3,compare_single_p_907_resume,base,asc_l1l2,FMCAD08/Int/large/microwave30.lus,Timeout,Safe,49.496000,4.173000,,,newly_solved
compare_single_p_907_with_base_x3,compare_single_p_907_resume,base,asc_l1l2,FMCAD08/Int/large/microwave35.lus,Unsafe,Unsafe,29.069000,9.402000,0.323437,-19.667000,win
compare_single_p_907_with_base_x3,compare_single_p_907_resume,base,asc_l1l2,FMCAD08/Int/large/steam_boiler_no_arr1.lus,Safe,Safe,0.271000,0.245000,0.904059,-0.026000,win
compare_single_p_907_with_base_x3,compare_single_p_907_resume,base,asc_l1l2,FMCAD08/Int/large/microwave24.lus,Safe,Safe,5.325000,20.972000,3.938404,15.647000,loss
compare_single_p_907_with_base_x3,compare_single_p_907_resume,base,asc_l1l2,FMCAD08/Int/large/microwave09.lus,Timeout,Timeout,,,,,unsolved_both
compare_single_p_907_with_base_x3,compare_single_p_907_resume,base,asc_l1l2,FMCAD08/Int/large/microwave05.lus,Timeout,Safe,302.280000,71.647000,,,newly_solved
compare_single_p_907_with_base_x3,compare_single_p_907_resume,base,asc_l1l2,FMCAD08/Int/large/microwave39.lus,Unsafe,Unsafe,78.798000,8.107000,0.102883,-70.691000,win
compare_single_p_907_with_base_x3,compare_single_p_907_resume,base,asc_l1l2,FMCAD08/Int/large/steam_boiler_no_arr2_e7_12307.lus,Safe,Safe,0.113000,0.112000,0.991150,-0.001000,win
compare_single_p_907_with_base_x3,compare_single_p_907_resume,base,asc_l1l2,FMCAD08/Int/large/microwave36.lus,Unsafe,Unsafe,4.536000,59.777000,13.178351,55.241000,loss
compare_single_p_907_with_base_x3,compare_single_p_907_resume,base,asc_l1l2,FMCAD08/Int/large/microwave38.lus,Unsafe,Unsafe,12.187000,9.300000,0.763108,-2.887000,win
compare_single_p_907_with_base_x3,compare_single_p_907_resume,base,asc_l1l2,FMCAD08/Int/large/microwave23.lus,Unsafe,Unsafe,0.839000,1.049000,1.250298,0.210000,loss
compare_single_p_907_with_base_x3,compare_single_p_907_resume,base,asc_l1l2,FMCAD08/Int/large/microwave04.lus,Safe,Safe,0.082000,0.055000,0.670732,-0.027000,win
compare_single_p_907_with_base_x3,compare_single_p_907_resume,base,asc_l1l2,FMCAD08/Int/large/microwave18.lus,Unsafe,Unsafe,0.795000,0.828000,1.041509,0.033000,loss
compare_single_p_907_with_base_x3,compare_single_p_907_resume,base,asc_l1l2,FMCAD08/Int/large/steam_boiler_no_arr2_e6_3003_e4_15091.lus,Safe,Safe,0.110000,0.112000,1.018182,0.002000,loss
compare_single_p_907_with_base_x3,compare_single_p_907_resume,base,asc_l1l2,FMCAD08/Int/large/steam_boiler_no_arr2_e8_21449_e5_18210.lus,Safe,Safe,0.219000,0.175000,0.799087,-0.044000,win
compare_single_p_907_with_base_x3,compare_single_p_907_resume,base,asc_l1l2,FMCAD08/Int/large/microwave21.lus,Timeout,Timeout,,,,,unsolved_both
compare_single_p_907_with_base_x3,compare_single_p_907_resume,base,asc_l1l2,FMCAD08/Int/large/steam_boiler_no_arr1_e4_23904_e4_2384.lus,Safe,Safe,0.333000,0.332000,0.996997,-0.001000,win
compare_single_p_907_with_base_x3,compare_single_p_907_resume,base,asc_l1l2,FMCAD08/Int/large/microwave10.lus,Timeout,Timeout,,,,,unsolved_both
compare_single_p_907_with_base_x3,compare_single_p_907_resume,base,asc_l1l2,FMCAD08/Int/large/microwave34.lus,Timeout,Timeout,302.270000,14.848000,,,unsolved_both
compare_single_p_907_with_base_x3,compare_single_p_907_resume,base,asc_l1l2,FMCAD08/Int/large/microwave08.lus,Timeout,Timeout,,,,,unsolved_both
compare_single_p_907_with_base_x3,compare_single_p_907_resume,base,asc_l1l2,FMCAD08/Real_Int/large/ccp21.lus,Unsafe,Unsafe,59.469000,35.028000,0.589013,-24.441000,win
compare_single_p_907_with_base_x3,compare_single_p_907_resume,base,asc_l1l2,FMCAD08/Real_Int/large/ccp16.lus,Safe,Safe,0.021000,0.022000,1.047619,0.001000,loss
compare_single_p_907_with_base_x3,compare_single_p_907_resume,base,asc_l1l2,FMCAD08/Real_Int/large/cruise_controller_14.lus,Safe,Safe,0.752000,0.527000,0.700798,-0.225000,win
compare_single_p_907_with_base_x3,compare_single_p_907_resume,base,asc_l1l2,FMCAD08/Real_Int/large/cruise_controller_20.lus,Timeout,Timeout,2.012000,4.710000,,,unsolved_both
compare_single_p_907_with_base_x3,compare_single_p_907_resume,base,asc_l1l2,FMCAD08/Real_Int/large/ccp08.lus,Safe,Safe,2.565000,2.482000,0.967641,-0.083000,win
compare_single_p_907_with_base_x3,compare_single_p_907_resume,base,asc_l1l2,FMCAD08/Real_Int/large/cruise_controller_05.lus,Safe,Safe,0.049000,0.048000,0.979592,-0.001000,win
compare_single_p_907_with_base_x3,compare_single_p_907_resume,base,asc_l1l2,FMCAD08/Real_Int/large/cruise_controller_19.lus,Safe,Safe,9.553000,13.348000,1.397257,3.795000,loss
compare_single_p_907_with_base_x3,compare_single_p_907_resume,base,asc_l1l2,FMCAD08/Real_Int/large/ccp10.lus,Unsafe,Unsafe,9.198000,13.335000,1.449772,4.137000,loss
compare_single_p_907_with_base_x3,compare_single_p_907_resume,base,asc_l1l2,FMCAD08/Real_Int/large/cruise_controller_18.lus,Safe,Safe,8.134000,8.216000,1.010081,0.082000,loss
compare_single_p_907_with_base_x3,compare_single_p_907_resume,base,asc_l1l2,FMCAD08/Real_Int/large/cruise_controller_08.lus,Timeout,Timeout,,,,,unsolved_both
compare_single_p_907_with_base_x3,compare_single_p_907_resume,base,asc_l1l2,FMCAD08/Real_Int/large/ccp02.lus,Safe,Safe,7.173000,7.412000,1.033319,0.239000,loss
compare_single_p_907_with_base_x3,compare_single_p_907_resume,base,asc_l1l2,FMCAD08/Real_Int/large/cruise_controller_06.lus,Safe,Safe,0.055000,0.055000,1.000000,0.000000,tie
compare_single_p_907_with_base_x3,compare_single_p_907_resume,base,asc_l1l2,FMCAD08/Real_Int/large/ccp12.lus,Unsafe,Unsafe,72.240000,79.012000,1.093743,6.772000,loss
compare_single_p_907_with_base_x3,compare_single_p_907_resume,base,asc_l1l2,FMCAD08/Real_Int/large/cruise_controller_03.lus,Safe,Safe,1.560000,1.569000,1.005769,0.009000,loss
compare_single_p_907_with_base_x3,compare_single_p_907_resume,base,asc_l1l2,FMCAD08/Real_Int/large/cruise_controller_23.lus,Timeout,Timeout,,,,,unsolved_both
compare_single_p_907_with_base_x3,compare_single_p_907_resume,base,asc_l1l2,FMCAD08/Real_Int/large/ccp18.lus,Safe,Safe,6.032000,3.792000,0.628647,-2.240000,win
compare_single_p_907_with_base_x3,compare_single_p_907_resume,base,asc_l1l2,FMCAD08/Real_Int/large/ccp04.lus,Safe,Safe,1.315000,1.279000,0.972624,-0.036000,win
compare_single_p_907_with_base_x3,compare_single_p_907_resume,base,asc_l1l2,FMCAD08/Real_Int/large/cruise_controller_07.lus,Safe,Safe,0.054000,0.053000,0.981481,-0.001000,win
compare_single_p_907_with_base_x3,compare_single_p_907_resume,base,asc_l1l2,FMCAD08/Real_Int/large/cruise_controller_17.lus,Unsafe,Unsafe,22.609000,34.587000,1.529789,11.978000,loss
compare_single_p_907_with_base_x3,compare_single_p_907_resume,base,asc_l1l2,FMCAD08/Real_Int/large/ccp19.lus,Safe,Safe,0.044000,0.046000,1.045455,0.002000,loss
compare_single_p_907_with_base_x3,compare_single_p_907_resume,base,asc_l1l2,FMCAD08/Real_Int/large/cruise_controller_09.lus,Unsafe,Unsafe,7.138000,7.981000,1.118100,0.843000,loss
compare_single_p_907_with_base_x3,compare_single_p_907_resume,base,asc_l1l2,FMCAD08/Real_Int/large/ccp23.lus,Timeout,Timeout,117.957000,73.862000,,,unsolved_both
compare_single_p_907_with_base_x3,compare_single_p_907_resume,base,asc_l1l2,FMCAD08/Real_Int/large/cruise_controller_21.lus,Unsafe,Unsafe,0.054000,0.054000,1.000000,0.000000,tie
compare_single_p_907_with_base_x3,compare_single_p_907_resume,base,asc_l1l2,FMCAD08/Real_Int/large/ccp17.lus,Safe,Safe,18.113000,12.630000,0.697289,-5.483000,win
compare_single_p_907_with_base_x3,compare_single_p_907_resume,base,asc_l1l2,FMCAD08/Real_Int/large/ccp01.lus,Safe,Safe,8.241000,10.540000,1.278971,2.299000,loss
compare_single_p_907_with_base_x3,compare_single_p_907_resume,base,asc_l1l2,FMCAD08/Real_Int/large/ccp05.lus,Safe,Safe,0.036000,0.037000,1.027778,0.001000,loss
compare_single_p_907_with_base_x3,compare_single_p_907_resume,base,asc_l1l2,FMCAD08/Real_Int/large/ccp14.lus,Unsafe,Unsafe,62.199000,40.629000,0.653210,-21.570000,win
compare_single_p_907_with_base_x3,compare_single_p_907_resume,base,asc_l1l2,FMCAD08/Real_Int/large/cruise_controller_24.lus,Safe,Safe,1.111000,0.802000,0.721872,-0.309000,win
compare_single_p_907_with_base_x3,compare_single_p_907_resume,base,asc_l1l2,FMCAD08/Real_Int/large/ccp20.lus,Safe,Safe,14.313000,20.544000,1.435339,6.231000,loss
compare_single_p_907_with_base_x3,compare_single_p_907_resume,base,asc_l1l2,FMCAD08/Real_Int/large/cruise_controller_02.lus,Safe,Safe,1.654000,1.627000,0.983676,-0.027000,win
compare_single_p_907_with_base_x3,compare_single_p_907_resume,base,asc_l1l2,FMCAD08/Real_Int/large/ccp07.lus,Safe,Safe,0.048000,0.047000,0.979167,-0.001000,win
compare_single_p_907_with_base_x3,compare_single_p_907_resume,base,asc_l1l2,FMCAD08/Real_Int/large/ccp22.lus,Timeout,Timeout,,,,,unsolved_both
compare_single_p_907_with_base_x3,compare_single_p_907_resume,base,asc_l1l2,FMCAD08/Real_Int/large/ccp11.lus,Timeout,Timeout,,,,,unsolved_both
compare_single_p_907_with_base_x3,compare_single_p_907_resume,base,asc_l1l2,FMCAD08/Real_Int/large/cruise_controller_15.lus,Unsafe,Unsafe,13.593000,21.841000,1.606783,8.248000,loss
compare_single_p_907_with_base_x3,compare_single_p_907_resume,base,asc_l1l2,FMCAD08/Real_Int/large/ccp13.lus,Timeout,Timeout,,,,,unsolved_both
compare_single_p_907_with_base_x3,compare_single_p_907_resume,base,asc_l1l2,FMCAD08/Real_Int/large/ccp09.lus,Safe,Safe,0.045000,0.046000,1.022222,0.001000,loss
compare_single_p_907_with_base_x3,compare_single_p_907_resume,base,asc_l1l2,FMCAD08/Real_Int/large/cruise_controller_04.lus,Safe,Safe,0.380000,0.381000,1.002632,0.001000,loss
compare_single_p_907_with_base_x3,compare_single_p_907_resume,base,asc_l1l2,FMCAD08/Real_Int/large/ccp03.lus,Safe,Safe,6.643000,6.656000,1.001957,0.013000,loss
compare_single_p_907_with_base_x3,compare_single_p_907_resume,base,asc_l1l2,FMCAD08/Real_Int/large/cruise_controller_11.lus,Safe,Safe,0.057000,0.057000,1.000000,0.000000,tie
compare_single_p_907_with_base_x3,compare_single_p_907_resume,base,asc_l1l2,FMCAD08/Real_Int/large/cruise_controller_13.lus,Safe,Safe,0.054000,0.055000,1.018519,0.001000,loss
compare_single_p_907_with_base_x3,compare_single_p_907_resume,base,asc_l1l2,FMCAD08/Real_Int/large/ccp06.lus,Safe,Safe,0.044000,0.045000,1.022727,0.001000,loss
compare_single_p_907_with_base_x3,compare_single_p_907_resume,base,asc_l1l2,FMCAD08/Real_Int/large/cruise_controller_10.lus,Safe,Safe,12.152000,10.451000,0.860023,-1.701000,win
compare_single_p_907_with_base_x3,compare_single_p_907_resume,base,asc_l1l2,FMCAD08/Real_Int/large/ccp15.lus,Safe,Safe,0.048000,0.048000,1.000000,0.000000,tie
compare_single_p_907_with_base_x3,compare_single_p_907_resume,base,asc_l1l2,FMCAD08/Real_Int/large/ccp24.lus,Timeout,Timeout,,,,,unsolved_both
compare_single_p_907_with_base_x3,compare_single_p_907_resume,base,asc_l1l2,FMCAD08/Real_Int/large/cruise_controller_16.lus,Timeout,Unsafe,77.320000,257.372000,,,newly_solved
compare_single_p_907_with_base_x3,compare_single_p_907_resume,base,asc_l1l2,FMCAD08/Real_Int/large/cruise_controller_12.lus,Safe,Safe,0.667000,0.651000,0.976012,-0.016000,win
compare_single_p_907_with_base_x3,compare_single_p_907_resume,base,asc_l1l2,FMCAD08/Real_Int/large/cruise_controller_22.lus,Unsafe,Unsafe,22.428000,15.275000,0.681068,-7.153000,win
compare_single_p_907_with_base_x3,compare_single_p_907_resume,base,asc_l1l2,FMCAD08/Real_Int/large/cruise_controller_01.lus,Safe,Safe,3.722000,5.515000,1.481730,1.793000,loss
compare_single_p_907_with_base_x3,compare_single_p_907_resume,base,asc_l1l2,FMCAD08/Real_Int32/large/ccp21.lus,Unsafe,Unsafe,103.698000,74.162000,0.715173,-29.536000,win
compare_single_p_907_with_base_x3,compare_single_p_907_resume,base,asc_l1l2,FMCAD08/Real_Int32/large/ccp16.lus,Safe,Safe,0.017000,0.018000,1.058824,0.001000,loss
compare_single_p_907_with_base_x3,compare_single_p_907_resume,base,asc_l1l2,FMCAD08/Real_Int32/large/cruise_controller_14.lus,Safe,Safe,0.620000,2.320000,3.741935,1.700000,loss
compare_single_p_907_with_base_x3,compare_single_p_907_resume,base,asc_l1l2,FMCAD08/Real_Int32/large/cruise_controller_20.lus,Unsafe,Timeout,32.713000,9.377000,,,regressed
compare_single_p_907_with_base_x3,compare_single_p_907_resume,base,asc_l1l2,FMCAD08/Real_Int32/large/ccp08.lus,Safe,Safe,3.619000,2.468000,0.681956,-1.151000,win
compare_single_p_907_with_base_x3,compare_single_p_907_resume,base,asc_l1l2,FMCAD08/Real_Int32/large/cruise_controller_05.lus,Safe,Safe,0.039000,0.038000,0.974359,-0.001000,win
compare_single_p_907_with_base_x3,compare_single_p_907_resume,base,asc_l1l2,FMCAD08/Real_Int32/large/cruise_controller_19.lus,Safe,Safe,17.442000,10.045000,0.575909,-7.397000,win
compare_single_p_907_with_base_x3,compare_single_p_907_resume,base,asc_l1l2,FMCAD08/Real_Int32/large/ccp10.lus,Timeout,Timeout,,,,,unsolved_both
compare_single_p_907_with_base_x3,compare_single_p_907_resume,base,asc_l1l2,FMCAD08/Real_Int32/large/cruise_controller_18.lus,Safe,Safe,18.325000,16.524000,0.901719,-1.801000,win
compare_single_p_907_with_base_x3,compare_single_p_907_resume,base,asc_l1l2,FMCAD08/Real_Int32/large/cruise_controller_08.lus,Timeout,Timeout,,,,,unsolved_both
compare_single_p_907_with_base_x3,compare_single_p_907_resume,base,asc_l1l2,FMCAD08/Real_Int32/large/ccp02.lus,Safe,Safe,17.379000,12.978000,0.746763,-4.401000,win
compare_single_p_907_with_base_x3,compare_single_p_907_resume,base,asc_l1l2,FMCAD08/Real_Int32/large/cruise_controller_06.lus,Safe,Safe,0.051000,0.050000,0.980392,-0.001000,win
compare_single_p_907_with_base_x3,compare_single_p_907_resume,base,asc_l1l2,FMCAD08/Real_Int32/large/ccp12.lus,Timeout,Unsafe,302.270000,97.300000,,,newly_solved
compare_single_p_907_with_base_x3,compare_single_p_907_resume,base,asc_l1l2,FMCAD08/Real_Int32/large/cruise_controller_03.lus,Safe,Safe,4.319000,4.263000,0.987034,-0.056000,win
compare_single_p_907_with_base_x3,compare_single_p_907_resume,base,asc_l1l2,FMCAD08/Real_Int32/large/cruise_controller_23.lus,Timeout,Timeout,,,,,unsolved_both
compare_single_p_907_with_base_x3,compare_single_p_907_resume,base,asc_l1l2,FMCAD08/Real_Int32/large/ccp18.lus,Safe,Safe,10.041000,10.120000,1.007868,0.079000,loss
compare_single_p_907_with_base_x3,compare_single_p_907_resume,base,asc_l1l2,FMCAD08/Real_Int32/large/ccp04.lus,Safe,Safe,1.871000,1.911000,1.021379,0.040000,loss
compare_single_p_907_with_base_x3,compare_single_p_907_resume,base,asc_l1l2,FMCAD08/Real_Int32/large/cruise_controller_07.lus,Safe,Safe,0.048000,0.048000,1.000000,0.000000,tie
compare_single_p_907_with_base_x3,compare_single_p_907_resume,base,asc_l1l2,FMCAD08/Real_Int32/large/cruise_controller_17.lus,Unsafe,Timeout,34.562000,302.300000,,,regressed
compare_single_p_907_with_base_x3,compare_single_p_907_resume,base,asc_l1l2,FMCAD08/Real_Int32/large/ccp19.lus,Safe,Safe,0.054000,0.053000,0.981481,-0.001000,win
compare_single_p_907_with_base_x3,compare_single_p_907_resume,base,asc_l1l2,FMCAD08/Real_Int32/large/cruise_controller_09.lus,Timeout,Timeout,,,,,unsolved_both
compare_single_p_907_with_base_x3,compare_single_p_907_resume,base,asc_l1l2,FMCAD08/Real_Int32/large/ccp23.lus,Timeout,Unsafe,142.827000,217.115000,,,newly_solved
compare_single_p_907_with_base_x3,compare_single_p_907_resume,base,asc_l1l2,FMCAD08/Real_Int32/large/cruise_controller_21.lus,Unsafe,Unsafe,0.028000,0.027000,0.964286,-0.001000,win
compare_single_p_907_with_base_x3,compare_single_p_907_resume,base,asc_l1l2,FMCAD08/Real_Int32/large/ccp17.lus,Safe,Safe,9.062000,9.483000,1.046458,0.421000,loss
compare_single_p_907_with_base_x3,compare_single_p_907_resume,base,asc_l1l2,FMCAD08/Real_Int32/large/ccp01.lus,Safe,Safe,13.685000,14.173000,1.035659,0.488000,loss
compare_single_p_907_with_base_x3,compare_single_p_907_resume,base,asc_l1l2,FMCAD08/Real_Int32/large/ccp05.lus,Safe,Safe,0.045000,0.043000,0.955556,-0.002000,win
compare_single_p_907_with_base_x3,compare_single_p_907_resume,base,asc_l1l2,FMCAD08/Real_Int32/large/ccp14.lus,Unsafe,Error,57.541000,149.015000,,,regressed
compare_single_p_907_with_base_x3,compare_single_p_907_resume,base,asc_l1l2,FMCAD08/Real_Int32/large/cruise_controller_24.lus,Safe,Safe,3.156000,1.211000,0.383714,-1.945000,win
compare_single_p_907_with_base_x3,compare_single_p_907_resume,base,asc_l1l2,FMCAD08/Real_Int32/large/ccp20.lus,Timeout,Safe,302.290000,26.032000,,,newly_solved
compare_single_p_907_with_base_x3,compare_single_p_907_resume,base,asc_l1l2,FMCAD08/Real_Int32/large/cruise_controller_02.lus,Safe,Safe,6.372000,3.084000,0.483992,-3.288000,win
compare_single_p_907_with_base_x3,compare_single_p_907_resume,base,asc_l1l2,FMCAD08/Real_Int32/large/ccp07.lus,Safe,Safe,0.052000,0.053000,1.019231,0.001000,loss
compare_single_p_907_with_base_x3,compare_single_p_907_resume,base,asc_l1l2,FMCAD08/Real_Int32/large/ccp22.lus,Timeout,Timeout,,,,,unsolved_both
compare_single_p_907_with_base_x3,compare_single_p_907_resume,base,asc_l1l2,FMCAD08/Real_Int32/large/ccp11.lus,Timeout,Timeout,,,,,unsolved_both
compare_single_p_907_with_base_x3,compare_single_p_907_resume,base,asc_l1l2,FMCAD08/Real_Int32/large/cruise_controller_15.lus,Unsafe,Unsafe,35.550000,13.771000,0.387370,-21.779000,win
compare_single_p_907_with_base_x3,compare_single_p_907_resume,base,asc_l1l2,FMCAD08/Real_Int32/large/ccp13.lus,Timeout,Timeout,,,,,unsolved_both
compare_single_p_907_with_base_x3,compare_single_p_907_resume,base,asc_l1l2,FMCAD08/Real_Int32/large/ccp09.lus,Safe,Safe,0.051000,0.054000,1.058824,0.003000,loss
compare_single_p_907_with_base_x3,compare_single_p_907_resume,base,asc_l1l2,FMCAD08/Real_Int32/large/cruise_controller_04.lus,Safe,Safe,0.710000,0.732000,1.030986,0.022000,loss
compare_single_p_907_with_base_x3,compare_single_p_907_resume,base,asc_l1l2,FMCAD08/Real_Int32/large/ccp03.lus,Safe,Safe,8.746000,8.550000,0.977590,-0.196000,win
compare_single_p_907_with_base_x3,compare_single_p_907_resume,base,asc_l1l2,FMCAD08/Real_Int32/large/cruise_controller_11.lus,Safe,Safe,0.051000,0.051000,1.000000,0.000000,tie
compare_single_p_907_with_base_x3,compare_single_p_907_resume,base,asc_l1l2,FMCAD08/Real_Int32/large/cruise_controller_13.lus,Safe,Safe,0.045000,0.046000,1.022222,0.001000,loss
compare_single_p_907_with_base_x3,compare_single_p_907_resume,base,asc_l1l2,FMCAD08/Real_Int32/large/ccp06.lus,Safe,Safe,0.052000,0.055000,1.057692,0.003000,loss
compare_single_p_907_with_base_x3,compare_single_p_907_resume,base,asc_l1l2,FMCAD08/Real_Int32/large/cruise_controller_10.lus,Safe,Safe,19.923000,15.982000,0.802188,-3.941000,win
compare_single_p_907_with_base_x3,compare_single_p_907_resume,base,asc_l1l2,FMCAD08/Real_Int32/large/ccp15.lus,Safe,Safe,0.053000,0.052000,0.981132,-0.001000,win
compare_single_p_907_with_base_x3,compare_single_p_907_resume,base,asc_l1l2,FMCAD08/Real_Int32/large/ccp24.lus,Timeout,Timeout,,,,,unsolved_both
compare_single_p_907_with_base_x3,compare_single_p_907_resume,base,asc_l1l2,FMCAD08/Real_Int32/large/cruise_controller_16.lus,Timeout,Timeout,,,,,unsolved_both
compare_single_p_907_with_base_x3,compare_single_p_907_resume,base,asc_l1l2,FMCAD08/Real_Int32/large/cruise_controller_12.lus,Safe,Safe,0.834000,1.310000,1.570743,0.476000,loss
compare_single_p_907_with_base_x3,compare_single_p_907_resume,base,asc_l1l2,FMCAD08/Real_Int32/large/cruise_controller_22.lus,Unsafe,Unsafe,40.868000,49.548000,1.212391,8.680000,loss
compare_single_p_907_with_base_x3,compare_single_p_907_resume,base,asc_l1l2,FMCAD08/Real_Int32/large/cruise_controller_01.lus,Safe,Safe,3.398000,3.361000,0.989111,-0.037000,win
compare_single_p_907_with_base_x3,compare_single_p_907_resume,base,desc_l2l1,FMCAD08/Bool/misc/stalmark_e8_64_e7_80.lus,Unsafe,Unsafe,0.104000,0.018000,0.173077,-0.086000,win
compare_single_p_907_with_base_x3,compare_single_p_907_resume,base,desc_l2l1,FMCAD08/Bool/misc/stalmark_e7_27.lus,Safe,Safe,0.102000,0.103000,1.009804,0.001000,loss
compare_single_p_907_with_base_x3,compare_single_p_907_resume,base,desc_l2l1,FMCAD08/Bool/misc/switch.lus,Error,Error,0.110000,0.110000,,,unsolved_both
compare_single_p_907_with_base_x3,compare_single_p_907_resume,base,desc_l2l1,FMCAD08/Bool/misc/switch2.lus,Error,Error,0.110000,0.110000,,,unsolved_both
compare_single_p_907_with_base_x3,compare_single_p_907_resume,base,desc_l2l1,FMCAD08/Bool/misc/stalmark_e8_64_e8_207.lus,Unsafe,Unsafe,0.007000,0.007000,1.000000,0.000000,tie
compare_single_p_907_with_base_x3,compare_single_p_907_resume,base,desc_l2l1,FMCAD08/Bool/misc/_6counter2.lus,Unsafe,Unsafe,0.105000,0.144000,1.371429,0.039000,loss
compare_single_p_907_with_base_x3,compare_single_p_907_resume,base,desc_l2l1,FMCAD08/Bool/misc/stalmark_e7_27_e7_31.lus,Safe,Safe,0.102000,0.100000,0.980392,-0.002000,win
compare_single_p_907_with_base_x3,compare_single_p_907_resume,base,desc_l2l1,FMCAD08/Bool/misc/_6counter.lus,Unsafe,Unsafe,0.363000,0.365000,1.005510,0.002000,loss
compare_single_p_907_with_base_x3,compare_single_p_907_resume,base,desc_l2l1,FMCAD08/Bool/misc/stalmark_e8_48.lus,Unsafe,Unsafe,0.008000,0.008000,1.000000,0.000000,tie
compare_single_p_907_with_base_x3,compare_single_p_907_resume,base,desc_l2l1,FMCAD08/Bool/misc/stalmark.lus,Safe,Safe,0.086000,0.086000,1.000000,0.000000,tie
compare_single_p_907_with_base_x3,compare_single_p_907_resume,base,desc_l2l1,FMCAD08/Bool/misc/stalmark_e7_76.lus,Safe,Safe,0.102000,0.098000,0.960784,-0.004000,win
compare_single_p_907_with_base_x3,compare_single_p_907_resume,base,desc_l2l1,FMCAD08/Bool/simulation/ums_e8_1032.lus,Safe,Safe,0.112000,0.112000,1.000000,0.000000,tie
compare_single_p_907_with_base_x3,compare_single_p_907_resume,base,desc_l2l1,FMCAD08/Bool/simulation/production_cell_e7_207_e7_41.lus,Unsafe,Unsafe,0.016000,0.016000,1.000000,0.000000,tie
compare_single_p_907_with_base_x3,compare_single_p_907_resume,base,desc_l2l1,FMCAD08/Bool/simulation/tramway.lus,Safe,Safe,0.589000,0.571000,0.969440,-0.018000,win
compare_single_p_907_with_base_x3,compare_single_p_907_resume,base,desc_l2l1,FMCAD08/Bool/simulation/ums_e7_1700.lus,Unsafe,Unsafe,0.290000,0.303000,1.044828,0.013000,loss
compare_single_p_907_with_base_x3,compare_single_p_907_resume,base,desc_l2l1,FMCAD08/Bool/simulation/production_cell_e7_21.lus,Unsafe,Unsafe,0.016000,0.017000,1.062500,0.001000,loss
compare_single_p_907_with_base_x3,compare_single_p_907_resume,base,desc_l2l1,FMCAD08/Bool/simulation/production_cell_e7_207_e8_241.lus,Safe,Safe,0.076000,0.081000,1.065789,0.005000,loss
compare_single_p_907_with_base_x3,compare_single_p_907_resume,base,desc_l2l1,FMCAD08/Bool/simulation/tramway_e7_1834_e8_3192.lus,Safe,Safe,0.588000,0.564000,0.959184,-0.024000,win
compare_single_p_907_with_base_x3,compare_single_p_907_resume,base,desc_l2l1,FMCAD08/Bool/simulation/production_cell_e8_6.lus,Safe,Safe,0.077000,0.078000,1.012987,0.001000,loss
compare_single_p_907_with_base_x3,compare_single_p_907_resume,base,desc_l2l1,FMCAD08/Bool/simulation/tramway_e7_1834_e7_2363.lus,Safe,Safe,0.092000,0.092000,1.000000,0.000000,tie
compare_single_p_907_with_base_x3,compare_single_p_907_resume,base,desc_l2l1,FMCAD08/Bool/simulation/ums.lus,Safe,Safe,0.089000,0.144000,1.617978,0.055000,loss
compare_single_p_907_with_base_x3,compare_single_p_907_resume,base,desc_l2l1,FMCAD08/Bool/simulation/production_cell.lus,Safe,Safe,0.078000,0.075000,0.961538,-0.003000,win
compare_single_p_907_with_base_x3,compare_single_p_907_resume,base,desc_l2l1,FMCAD08/Bool/simulation/tramway_e7_1834.lus,Safe,Safe,0.074000,0.075000,1.013514,0.001000,loss
compare_single_p_907_with_base_x3,compare_single_p_907_resume,base,desc_l2l1,FMCAD08/Bool/simulation/production_cell_e8_6_e7_651.lus,Unsafe,Unsafe,0.016000,0.017000,1.062500,0.001000,loss
compare_single_p_907_with_base_x3,compare_single_p_907_resume,base,desc_l2l1,FMCAD08/Bool/simulation/production_cell_e8_6_e8_427.lus,Unsafe,Unsafe,0.075000,0.074000,0.986667,-0.001000,win
compare_single_p_907_with_base_x3,compare_single_p_907_resume,base,desc_l2l1,FMCAD08/Int/protocol/swimmingpool_4_e7_2197.lus,Unsafe,Unsafe,0.272000,0.209000,0.768382,-0.063000,win
compare_single_p_907_with_base_x3,compare_single_p_907_resume,base,desc_l2l1,FMCAD08/Int/protocol/rtp_9.lus,Safe,Safe,0.058000,0.057000,0.982759,-0.001000,win
compare_single_p_907_with_base_x3,compare_single_p_907_resume,base,desc_l2l1,FMCAD08/Int/protocol/rtp_6.lus,Safe,Safe,0.079000,0.083000,1.050633,0.004000,loss
compare_single_p_907_with_base_x3,compare_single_p_907_resume,base,desc_l2l1,FMCAD08/Int/protocol/swimmingpool_6.lus,Unsafe,Unsafe,0.582000,0.720000,1.237113,0.138000,loss
compare_single_p_907_with_base_x3,compare_single_p_907_resume,base,desc_l2l1,FMCAD08/Int/protocol/rtp_7.lus,Safe,Safe,0.056000,0.057000,1.017857,0.001000,loss
compare_single_p_907_with_base_x3,compare_single_p_907_resume,base,desc_l2l1,FMCAD08/Int/protocol/swimmingpool_6_e7_399.lus,Unsafe,Unsafe,1.138000,0.626000,0.550088,-0.512000,win
compare_single_p_907_with_base_x3,compare_single_p_907_resume,base,desc_l2l1,FMCAD08/Int/protocol/rtp_4.lus,Safe,Safe,0.080000,0.083000,1.037500,0.003000,loss
compare_single_p_907_with_base_x3,compare_single_p_907_resume,base,desc_l2l1,FMCAD08/Int/protocol/swimmingpool_1_e7_1621.lus,Unsafe,Unsafe,0.202000,0.245000,1.212871,0.043000,loss
compare_single_p_907_with_base_x3,compare_single_p_907_resume,base,desc_l2l1,FMCAD08/Int/protocol/rtp_8.lus,Safe,Safe,0.056000,0.057000,1.017857,0.001000,loss
compare_single_p_907_with_base_x3,compare_single_p_907_resume,base,desc_l2l1,FMCAD08/Int/protocol/swimmingpool_4.lus,Unsafe,Unsafe,0.129000,0.134000,1.038760,0.005000,loss
compare_single_p_907_with_base_x3,compare_single_p_907_resume,base,desc_l2l1,FMCAD08/Int/protocol/peterson_all.lus,Safe,Safe,0.286000,0.275000,0.961538,-0.011000,win
compare_single_p_907_with_base_x3,compare_single_p_907_resume,base,desc_l2l1,FMCAD08/Int/protocol/peterson_3.lus,Safe,Safe,0.098000,0.097000,0.989796,-0.001000,win
compare_single_p_907_with_base_x3,compare_single_p_907_resume,base,desc_l2l1,FMCAD08/Int/protocol/swimmingpool_3.lus,Unsafe,Unsafe,0.091000,0.094000,1.032967,0.003000,loss
compare_single_p_907_with_base_x3,compare_single_p_907_resume,base,desc_l2l1,FMCAD08/Int/protocol/swimmingpool_1.lus,Unsafe,Unsafe,0.949000,0.863000,0.909378,-0.086000,win
compare_single_p_907_with_base_x3,compare_single_p_907_resume,base,desc_l2l1,FMCAD08/Int/protocol/swimmingpool_2.lus,Unsafe,Unsafe,0.018000,0.018000,1.000000,0.000000,tie
compare_single_p_907_with_base_x3,compare_single_p_907_resume,base,desc_l2l1,FMCAD08/Int/protocol/rtp_all.lus,Safe,Safe,0.389000,0.411000,1.056555,0.022000,loss
compare_single_p_907_with_base_x3,compare_single_p_907_resume,base,desc_l2l1,FMCAD08/Int/protocol/readwrit.lus,Safe,Safe,0.055000,0.059000,1.072727,0.004000,loss
compare_single_p_907_with_base_x3,compare_single_p_907_resume,base,desc_l2l1,FMCAD08/Int/protocol/rtp_1.lus,Safe,Safe,0.076000,0.078000,1.026316,0.002000,loss
compare_single_p_907_with_base_x3,compare_single_p_907_resume,base,desc_l2l1,FMCAD08/Int/protocol/rtp_2.lus,Safe,Safe,0.101000,0.099000,0.980198,-0.002000,win
compare_single_p_907_with_base_x3,compare_single_p_907_resume,base,desc_l2l1,FMCAD08/Int/protocol/rtp_5.lus,Safe,Safe,0.058000,0.057000,0.982759,-0.001000,win
compare_single_p_907_with_base_x3,compare_single_p_907_resume,base,desc_l2l1,FMCAD08/Int/protocol/rtp_3.lus,Safe,Safe,0.076000,0.081000,1.065789,0.005000,loss
compare_single_p_907_with_base_x3,compare_single_p_907_resume,base,desc_l2l1,FMCAD08/Int/protocol/peterson_2.lus,Safe,Safe,0.067000,0.068000,1.014925,0.001000,loss
compare_single_p_907_with_base_x3,compare_single_p_907_resume,base,desc_l2l1,FMCAD08/Int/protocol/peterson_1_e7_4234.lus,Safe,Safe,0.076000,0.117000,1.539474,0.041000,loss
compare_single_p_907_with_base_x3,compare_single_p_907_resume,base,desc_l2l1,FMCAD08/Int/protocol/peterson_1.lus,Safe,Safe,0.072000,0.073000,1.013889,0.001000,loss
compare_single_p_907_with_base_x3,compare_single_p_907_resume,base,desc_l2l1,FMCAD08/Int/protocol/peterson_4.lus,Safe,Safe,0.112000,0.070000,0.625000,-0.042000,win
compare_single_p_907_with_base_x3,compare_single_p_907_resume,base,desc_l2l1,FMCAD08/Int/protocol/swimmingpool_8.lus,Unsafe,Unsafe,0.369000,0.857000,2.322493,0.488000,loss
compare_single_p_907_with_base_x3,compare_single_p_907_resume,base,desc_l2l1,FMCAD08/Int/protocol/rtp_10_e7_106_e7_2564.lus,Safe,Safe,0.092000,0.090000,0.978261,-0.002000,win
compare_single_p_907_with_base_x3,compare_single_p_907_resume,base,desc_l2l1,FMCAD08/Int/protocol/rtp_5_e7_3972.lus,Safe,Safe,0.068000,0.068000,1.000000,0.000000,tie
compare_single_p_907_with_base_x3,compare_single_p_907_resume,base,desc_l2l1,FMCAD08/Int/protocol/swimmingpool_6_e7_10_e7_341.lus,Unsafe,Unsafe,0.357000,1.603000,4.490196,1.246000,loss
compare_single_p_907_with_base_x3,compare_single_p_907_resume,base,desc_l2l1,FMCAD08/Int/protocol/swimmingpool_7.lus,Unsafe,Unsafe,0.949000,0.319000,0.336143,-0.630000,win
compare_single_p_907_with_base_x3,compare_single_p_907_resume,base,desc_l2l1,FMCAD08/Int/protocol/rtp_all_e7_2500.lus,Safe,Safe,0.584000,0.557000,0.953767,-0.027000,win
compare_single_p_907_with_base_x3,compare_single_p_907_resume,base,desc_l2l1,FMCAD08/Int/protocol/swimmingpool_9.lus,Unsafe,Unsafe,0.714000,4.344000,6.084034,3.630000,loss
compare_single_p_907_with_base_x3,compare_single_p_907_resume,base,desc_l2l1,FMCAD08/Int/protocol/rtp_10.lus,Safe,Safe,0.054000,0.056000,1.037037,0.002000,loss
compare_single_p_907_with_base_x3,compare_single_p_907_resume,base,desc_l2l1,FMCAD08/Int/protocol/rtp_vt.lus,Safe,Safe,77.316000,69.580000,0.899943,-7.736000,win
compare_single_p_907_with_base_x3,compare_single_p_907_resume,base,desc_l2l1,FMCAD08/Int/protocol/swimmingpool_5.lus,Unsafe,Unsafe,0.189000,0.161000,0.851852,-0.028000,win
compare_single_p_907_with_base_x3,compare_single_p_907_resume,base,desc_l2l1,FMCAD08/Int/protocol/peterson_vt.lus,Unsafe,Unsafe,0.412000,0.505000,1.225728,0.093000,loss
compare_single_p_907_with_base_x3,compare_single_p_907_resume,base,desc_l2l1,FMCAD08/Int/misc/ticket3i_2.lus,Safe,Safe,0.068000,0.065000,0.955882,-0.003000,win
compare_single_p_907_with_base_x3,compare_single_p_907_resume,base,desc_l2l1,FMCAD08/Int/misc/durationThm_3_e3_442_e5_260.lus,Safe,Safe,0.036000,0.060000,1.666667,0.024000,loss
compare_single_p_907_with_base_x3,compare_single_p_907_resume,base,desc_l2l1,FMCAD08/Int/misc/ticket3i_7_e7_3176.lus,Safe,Safe,0.145000,0.149000,1.027586,0.004000,loss
compare_single_p_907_with_base_x3,compare_single_p_907_resume,base,desc_l2l1,FMCAD08/Int/misc/durationThm_1_e7_217_e3_132.lus,Safe,Safe,0.054000,0.062000,1.148148,0.008000,loss
compare_single_p_907_with_base_x3,compare_single_p_907_resume,base,desc_l2l1,FMCAD08/Int/misc/durationThm_2_e7_145_e8_73.lus,Timeout,Timeout,,,,,unsolved_both
compare_single_p_907_with_base_x3,compare_single_p_907_resume,base,desc_l2l1,FMCAD08/Int/misc/durationThm_2_e7_145_e1_343.lus,Unsafe,Unsafe,0.013000,0.012000,0.923077,-0.001000,win
compare_single_p_907_with_base_x3,compare_single_p_907_resume,base,desc_l2l1,FMCAD08/Int/misc/_6counters.lus,Unsafe,Unsafe,6.824000,7.455000,1.092468,0.631000,loss
compare_single_p_907_with_base_x3,compare_single_p_907_resume,base,desc_l2l1,FMCAD08/Int/misc/ticket3i_7_e7_3176_e1_2924.lus,Safe,Safe,0.165000,0.174000,1.054545,0.009000,loss
compare_single_p_907_with_base_x3,compare_single_p_907_resume,base,desc_l2l1,FMCAD08/Int/misc/durationThm_1_e2_3.lus,Safe,Safe,0.035000,0.035000,1.000000,0.000000,tie
compare_single_p_907_with_base_x3,compare_single_p_907_resume,base,desc_l2l1,FMCAD08/Int/misc/durationThm_2_e7_145_e3_222.lus,Safe,Safe,0.067000,0.052000,0.776119,-0.015000,win
compare_single_p_907_with_base_x3,compare_single_p_907_resume,base,desc_l2l1,FMCAD08/Int/misc/durationThm_3_e7_334_e2_62.lus,Safe,Safe,0.076000,0.053000,0.697368,-0.023000,win
compare_single_p_907_with_base_x3,compare_single_p_907_resume,base,desc_l2l1,FMCAD08/Int/misc/ticket3i_1.lus,Safe,Safe,0.085000,0.137000,1.611765,0.052000,loss
compare_single_p_907_with_base_x3,compare_single_p_907_resume,base,desc_l2l1,FMCAD08/Int/misc/durationThm_3.lus,Timeout,Timeout,,,,,unsolved_both
compare_single_p_907_with_base_x3,compare_single_p_907_resume,base,desc_l2l1,FMCAD08/Int/misc/traffic_e7_46_e7_171.lus,Unsafe,Unsafe,0.013000,0.008000,0.615385,-0.005000,win
compare_single_p_907_with_base_x3,compare_single_p_907_resume,base,desc_l2l1,FMCAD08/Int/misc/durationThm_2_e7_149.lus,Unsafe,Unsafe,0.013000,0.012000,0.923077,-0.001000,win
compare_single_p_907_with_base_x3,compare_single_p_907_resume,base,desc_l2l1,FMCAD08/Int/misc/durationThm_3_e7_334_e3_42.lus,Safe,Safe,0.053000,0.071000,1.339623,0.018000,loss
compare_single_p_907_with_base_x3,compare_single_p_907_resume,base,desc_l2l1,FMCAD08/Int/misc/ticket3i_7_e3_59_e7_2122.lus,Safe,Safe,0.158000,0.152000,0.962025,-0.006000,win
compare_single_p_907_with_base_x3,compare_single_p_907_resume,base,desc_l2l1,FMCAD08/Int/misc/ex8_e7_74.lus,Unsafe,Unsafe,0.025000,0.025000,1.000000,0.000000,tie
compare_single_p_907_with_base_x3,compare_single_p_907_resume,base,desc_l2l1,FMCAD08/Int/misc/ex8_e7_74_e7_740.lus,Unsafe,Unsafe,0.026000,0.025000,0.961538,-0.001000,win
compare_single_p_907_with_base_x3,compare_single_p_907_resume,base,desc_l2l1,FMCAD08/Int/misc/ticket3i_3_e7_99.lus,Unsafe,Unsafe,0.020000,0.021000,1.050000,0.001000,loss
compare_single_p_907_with_base_x3,compare_single_p_907_resume,base,desc_l2l1,FMCAD08/Int/misc/ticket3i_3_e7_1312_e8_1916.lus,Safe,Safe,0.046000,0.048000,1.043478,0.002000,loss
compare_single_p_907_with_base_x3,compare_single_p_907_resume,base,desc_l2l1,FMCAD08/Int/misc/ex8_e8_220_e7_249.lus,Unsafe,Unsafe,0.025000,0.026000,1.040000,0.001000,loss
compare_single_p_907_with_base_x3,compare_single_p_907_resume,base,desc_l2l1,FMCAD08/Int/misc/two_counters_e1_268.lus,Unsafe,Unsafe,0.010000,0.010000,1.000000,0.000000,tie
compare_single_p_907_with_base_x3,compare_single_p_907_resume,base,desc_l2l1,FMCAD08/Int/misc/durationThm_2.lus,Timeout,Timeout,,,,,unsolved_both
compare_single_p_907_with_base_x3,compare_single_p_907_resume,base,desc_l2l1,FMCAD08/Int/misc/durationThm_3_e1_36.lus,Unsafe,Unsafe,0.026000,0.026000,1.000000,0.000000,tie
compare_single_p_907_with_base_x3,compare_single_p_907_resume,base,desc_l2l1,FMCAD08/Int/misc/ticket3i_all_e8_505_e7_2450.lus,Safe,Safe,0.196000,0.171000,0.872449,-0.025000,win
compare_single_p_907_with_base_x3,compare_single_p_907_resume,base,desc_l2l1,FMCAD08/Int/misc/durationThm_1_e1_350.lus,Unsafe,Unsafe,0.012000,0.012000,1.000000,0.000000,tie
compare_single_p_907_with_base_x3,compare_single_p_907_resume,base,desc_l2l1,FMCAD08/Int/misc/ticket3i_3_e8_1703_e8_2560.lus,Safe,Safe,0.048000,0.048000,1.000000,0.000000,tie
compare_single_p_907_with_base_x3,compare_single_p_907_resume,base,desc_l2l1,FMCAD08/Int/misc/durationThm_1_e3_389.lus,Safe,Safe,0.035000,0.035000,1.000000,0.000000,tie
compare_single_p_907_with_base_x3,compare_single_p_907_resume,base,desc_l2l1,FMCAD08/Int/misc/durationThm_3_e3_442_e4_165.lus,Safe,Safe,0.034000,0.037000,1.088235,0.003000,loss
compare_single_p_907_with_base_x3,compare_single_p_907_resume,base,desc_l2l1,FMCAD08/Int/misc/durationThm_1_e7_217_e7_31.lus,Unsafe,Unsafe,0.012000,0.013000,1.083333,0.001000,loss
compare_single_p_907_with_base_x3,compare_single_p_907_resume,base,desc_l2l1,FMCAD08/Int/misc/durationThm_1.lus,Timeout,Timeout,,,,,unsolved_both
compare_single_p_907_with_base_x3,compare_single_p_907_resume,base,desc_l2l1,FMCAD08/Int/misc/ticket3i_all_e7_591.lus,Safe,Safe,0.149000,0.143000,0.959732,-0.006000,win
compare_single_p_907_with_base_x3,compare_single_p_907_resume,base,desc_l2l1,FMCAD08/Int/misc/durationThm_2_e1_301.lus,Timeout,Timeout,,,,,unsolved_both
compare_single_p_907_with_base_x3,compare_single_p_907_resume,base,desc_l2l1,FMCAD08/Int/misc/two_counters_e3_325.lus,Unsafe,Unsafe,0.027000,0.029000,1.074074,0.002000,loss
compare_single_p_907_with_base_x3,compare_single_p_907_resume,base,desc_l2l1,FMCAD08/Int/misc/durationThm_3_e7_334.lus,Timeout,Unsafe,0.077000,0.119000,,,newly_solved
compare_single_p_907_with_base_x3,compare_single_p_907_resume,base,desc_l2l1,FMCAD08/Int/misc/_6counters_e8_371_e1_448.lus,Timeout,Timeout,,,,,unsolved_both
compare_single_p_907_with_base_x3,compare_single_p_907_resume,base,desc_l2l1,FMCAD08/Int/misc/ticket3i_3_e8_1703_e7_3491.lus,Unsafe,Unsafe,0.021000,0.020000,0.952381,-0.001000,win
compare_single_p_907_with_base_x3,compare_single_p_907_resume,base,desc_l2l1,FMCAD08/Int/misc/ticket3i_1_e7_1669.lus,Safe,Safe,0.086000,0.084000,0.976744,-0.002000,win
compare_single_p_907_with_base_x3,compare_single_p_907_resume,base,desc_l2l1,FMCAD08/Int/misc/durationThm_1_e7_217.lus,Unsafe,Unsafe,0.042000,0.044000,1.047619,0.002000,loss
compare_single_p_907_with_base_x3,compare_single_p_907_resume,base,desc_l2l1,FMCAD08/Int/misc/traffic.lus,Safe,Safe,0.038000,0.039000,1.026316,0.001000,loss
compare_single_p_907_with_base_x3,compare_single_p_907_resume,base,desc_l2l1,FMCAD08/Int/misc/two_counters_e2_3.lus,Unsafe,Unsafe,0.021000,0.020000,0.952381,-0.001000,win
compare_single_p_907_with_base_x3,compare_single_p_907_resume,base,desc_l2l1,FMCAD08/Int/misc/ticket3i_7_e1_2192_e1_1852.lus,Safe,Safe,0.203000,0.204000,1.004926,0.001000,loss
compare_single_p_907_with_base_x3,compare_single_p_907_resume,base,desc_l2l1,FMCAD08/Int/misc/_6counters_e3_140_e8_149.lus,Timeout,Timeout,,,,,unsolved_both
compare_single_p_907_with_base_x3,compare_single_p_907_resume,base,desc_l2l1,FMCAD08/Int/misc/ticket3i_7_e2_2724_e7_524.lus,Safe,Safe,0.151000,0.152000,1.006623,0.001000,loss
compare_single_p_907_with_base_x3,compare_single_p_907_resume,base,desc_l2l1,FMCAD08/Int/misc/durationThm_2_e7_145_e2_169.lus,Safe,Safe,0.060000,0.063000,1.050000,0.003000,loss
compare_single_p_907_with_base_x3,compare_single_p_907_resume,base,desc_l2l1,FMCAD08/Int/misc/durationThm_2_e7_145_e7_154.lus,Unsafe,Unsafe,0.012000,0.013000,1.083333,0.001000,loss
compare_single_p_907_with_base_x3,compare_single_p_907_resume,base,desc_l2l1,FMCAD08/Int/misc/_6counters_e8_371_e7_304.lus,Unsafe,Unsafe,1.254000,0.098000,0.078150,-1.156000,win
compare_single_p_907_with_base_x3,compare_single_p_907_resume,base,desc_l2l1,FMCAD08/Int/misc/durationThm_2_e3_329_e4_1.lus,Safe,Safe,0.043000,0.043000,1.000000,0.000000,tie
compare_single_p_907_with_base_x3,compare_single_p_907_resume,base,desc_l2l1,FMCAD08/Int/misc/_6countern.lus,Unsafe,Unsafe,0.006000,0.006000,1.000000,0.000000,tie
compare_single_p_907_with_base_x3,compare_single_p_907_resume,base,desc_l2l1,FMCAD08/Int/misc/durationThm_3_e7_334_e7_118.lus,Unsafe,Unsafe,0.010000,0.034000,3.400000,0.024000,loss
compare_single_p_907_with_base_x3,compare_single_p_907_resume,base,desc_l2l1,FMCAD08/Int/misc/ticket3i_3_e8_1703.lus,Safe,Safe,0.068000,0.065000,0.955882,-0.003000,win
compare_single_p_907_with_base_x3,compare_single_p_907_resume,base,desc_l2l1,FMCAD08/Int/misc/ticket3i_4.lus,Safe,Safe,0.063000,0.064000,1.015873,0.001000,loss
compare_single_p_907_with_base_x3,compare_single_p_907_resume,base,desc_l2l1,FMCAD08/Int/misc/ticket3i_3_e7_1312_e7_1495.lus,Unsafe,Unsafe,0.025000,0.019000,0.760000,-0.006000,win
compare_single_p_907_with_base_x3,compare_single_p_907_resume,base,desc_l2l1,FMCAD08/Int/misc/durationThm_1_e7_217_e1_89.lus,Unsafe,Unsafe,0.013000,0.012000,0.923077,-0.001000,win
compare_single_p_907_with_base_x3,compare_single_p_907_resume,base,desc_l2l1,FMCAD08/Int/misc/durationThm_3_e7_334_e1_431.lus,Unsafe,Unsafe,0.025000,0.025000,1.000000,0.000000,tie
compare_single_p_907_with_base_x3,compare_single_p_907_resume,base,desc_l2l1,FMCAD08/Int/misc/ex8.lus,Unsafe,Unsafe,0.026000,0.027000,1.038462,0.001000,loss
compare_single_p_907_with_base_x3,compare_single_p_907_resume,base,desc_l2l1,FMCAD08/Int/misc/_6counters_e8_371_e2_80.lus,Safe,Safe,0.020000,0.021000,1.050000,0.001000,loss
compare_single_p_907_with_base_x3,compare_single_p_907_resume,base,desc_l2l1,FMCAD08/Int/misc/two_counters.lus,Safe,Safe,1.149000,0.587000,0.510879,-0.562000,win
compare_single_p_907_with_base_x3,compare_single_p_907_resume,base,desc_l2l1,FMCAD08/Int/misc/durationThm_3_e3_207.lus,Safe,Safe,0.036000,0.036000,1.000000,0.000000,tie
compare_single_p_907_with_base_x3,compare_single_p_907_resume,base,desc_l2l1,FMCAD08/Int/misc/ticket3i_3.lus,Safe,Safe,0.045000,0.046000,1.022222,0.001000,loss
compare_single_p_907_with_base_x3,compare_single_p_907_resume,base,desc_l2l1,FMCAD08/Int/misc/durationThm_2_e3_329_e5_124.lus,Safe,Safe,0.043000,0.044000,1.023256,0.001000,loss
compare_single_p_907_with_base_x3,compare_single_p_907_resume,base,desc_l2l1,FMCAD08/Int/misc/_6counters_e8_371_e3_224.lus,Timeout,Timeout,,,,,unsolved_both
compare_single_p_907_with_base_x3,compare_single_p_907_resume,base,desc_l2l1,FMCAD08/Int/misc/ex8_e7_74_e8_302.lus,Unsafe,Unsafe,0.025000,0.040000,1.600000,0.015000,loss
compare_single_p_907_with_base_x3,compare_single_p_907_resume,base,desc_l2l1,FMCAD08/Int/misc/ticket3i_all_e3_557_e7_3464.lus,Safe,Safe,0.126000,0.133000,1.055556,0.007000,loss
compare_single_p_907_with_base_x3,compare_single_p_907_resume,base,desc_l2l1,FMCAD08/Int/misc/ticket3i_5_e7_3307.lus,Safe,Safe,0.070000,0.071000,1.014286,0.001000,loss
compare_single_p_907_with_base_x3,compare_single_p_907_resume,base,desc_l2l1,FMCAD08/Int/misc/two_counters_e7_222.lus,Unsafe,Unsafe,0.010000,0.011000,1.100000,0.001000,loss
compare_single_p_907_with_base_x3,compare_single_p_907_resume,base,desc_l2l1,FMCAD08/Int/misc/traffic_e7_46.lus,Unsafe,Unsafe,0.009000,0.009000,1.000000,0.000000,tie
compare_single_p_907_with_base_x3,compare_single_p_907_resume,base,desc_l2l1,FMCAD08/Int/misc/twisted_counters.lus,Safe,Safe,2.017000,1.805000,0.894893,-0.212000,win
compare_single_p_907_with_base_x3,compare_single_p_907_resume,base,desc_l2l1,FMCAD08/Int/misc/durationThm_1_e3_389_e5_5.lus,Safe,Safe,0.036000,0.035000,0.972222,-0.001000,win
compare_single_p_907_with_base_x3,compare_single_p_907_resume,base,desc_l2l1,FMCAD08/Int/misc/durationThm_2_e2_63.lus,Safe,Safe,0.052000,0.053000,1.019231,0.001000,loss
compare_single_p_907_with_base_x3,compare_single_p_907_resume,base,desc_l2l1,FMCAD08/Int/misc/durationThm_2_e3_99.lus,Safe,Safe,0.043000,0.043000,1.000000,0.000000,tie
compare_single_p_907_with_base_x3,compare_single_p_907_resume,base,desc_l2l1,FMCAD08/Int/misc/ticket3i_all_e2_1117_e7_553.lus,Safe,Safe,0.147000,0.152000,1.034014,0.005000,loss
compare_single_p_907_with_base_x3,compare_single_p_907_resume,base,desc_l2l1,FMCAD08/Int/misc/ticket3i_7.lus,Safe,Safe,0.140000,0.162000,1.157143,0.022000,loss
compare_single_p_907_with_base_x3,compare_single_p_907_resume,base,desc_l2l1,FMCAD08/Int/misc/ticket3i_4_e7_1775_e7_3320.lus,Safe,Safe,0.061000,0.066000,1.081967,0.005000,loss
compare_single_p_907_with_base_x3,compare_single_p_907_resume,base,desc_l2l1,FMCAD08/Int/misc/durationThm_1_e3_389_e4_294.lus,Safe,Safe,0.033000,0.034000,1.030303,0.001000,loss
compare_single_p_907_with_base_x3,compare_single_p_907_resume,base,desc_l2l1,FMCAD08/Int/misc/ticket3i_all.lus,Safe,Safe,0.138000,0.137000,0.992754,-0.001000,win
compare_single_p_907_with_base_x3,compare_single_p_907_resume,base,desc_l2l1,FMCAD08/Int/misc/durationThm_1_e7_217_e2_352.lus,Safe,Safe,0.055000,0.055000,1.000000,0.000000,tie
compare_single_p_907_with_base_x3,compare_single_p_907_resume,base,desc_l2l1,FMCAD08/Int/misc/ticket3i_7_e8_2126_e7_78.lus,Safe,Safe,0.148000,0.152000,1.027027,0.004000,loss
compare_single_p_907_with_base_x3,compare_single_p_907_resume,base,desc_l2l1,FMCAD08/Int/misc/ticket3i_all_e1_2706_e7_1776.lus,Safe,Safe,0.147000,0.145000,0.986395,-0.002000,win
compare_single_p_907_with_base_x3,compare_single_p_907_resume,base,desc_l2l1,FMCAD08/Int/misc/durationThm_3_e2_63.lus,Safe,Safe,0.034000,0.036000,1.058824,0.002000,loss
compare_single_p_907_with_base_x3,compare_single_p_907_resume,base,desc_l2l1,FMCAD08/Int/misc/ticket3i_5.lus,Safe,Safe,0.062000,0.063000,1.016129,0.001000,loss
compare_single_p_907_with_base_x3,compare_single_p_907_resume,base,desc_l2l1,FMCAD08/Int/misc/ticket3i_6_e7_1096_e7_2688.lus,Safe,Safe,0.066000,0.066000,1.000000,0.000000,tie
compare_single_p_907_with_base_x3,compare_single_p_907_resume,base,desc_l2l1,FMCAD08/Int/misc/ex8_e8_220.lus,Unsafe,Unsafe,0.026000,0.027000,1.038462,0.001000,loss
compare_single_p_907_with_base_x3,compare_single_p_907_resume,base,desc_l2l1,FMCAD08/Int/misc/ex3.lus,Safe,Safe,0.110000,0.093000,0.845455,-0.017000,win
compare_single_p_907_with_base_x3,compare_single_p_907_resume,base,desc_l2l1,FMCAD08/Int/misc/ticket3i_6.lus,Safe,Safe,0.067000,0.065000,0.970149,-0.002000,win
compare_single_p_907_with_base_x3,compare_single_p_907_resume,base,desc_l2l1,FMCAD08/Int/memory1/DRAGON_2_e7_25_e8_3171.lus,Safe,Safe,0.063000,0.064000,1.015873,0.001000,loss
compare_single_p_907_with_base_x3,compare_single_p_907_resume,base,desc_l2l1,FMCAD08/Int/memory1/DRAGON_10_e1_3587_e7_872.lus,Unsafe,Unsafe,0.023000,0.024000,1.043478,0.001000,loss
compare_single_p_907_with_base_x3,compare_single_p_907_resume,base,desc_l2l1,FMCAD08/Int/memory1/FIREFLY_luke_1b_e2_3049.lus,Unsafe,Unsafe,0.056000,0.055000,0.982143,-0.001000,win
compare_single_p_907_with_base_x3,compare_single_p_907_resume,base,desc_l2l1,FMCAD08/Int/memory1/FIREFLY_luke_1a_e2_284_e1_2924.lus,Timeout,Timeout,,,,,unsolved_both
compare_single_p_907_with_base_x3,compare_single_p_907_resume,base,desc_l2l1,FMCAD08/Int/memory1/DRAGON_4_e7_2329.lus,Unsafe,Unsafe,0.089000,0.083000,0.932584,-0.006000,win
compare_single_p_907_with_base_x3,compare_single_p_907_resume,base,desc_l2l1,FMCAD08/Int/memory1/FIREFLY_luke_1b_e3_671_e5_1637.lus,Unsafe,Unsafe,0.054000,0.055000,1.018519,0.001000,loss
compare_single_p_907_with_base_x3,compare_single_p_907_resume,base,desc_l2l1,FMCAD08/Int/memory1/FIREFLY_all_e3_1600_e7_1607.lus,Unsafe,Unsafe,0.020000,0.021000,1.050000,0.001000,loss
compare_single_p_907_with_base_x3,compare_single_p_907_resume,base,desc_l2l1,FMCAD08/Int/memory1/FIREFLY_3_e2_2236_e3_2657.lus,Unsafe,Unsafe,0.057000,0.074000,1.298246,0.017000,loss
compare_single_p_907_with_base_x3,compare_single_p_907_resume,base,desc_l2l1,FMCAD08/Int/memory1/FIREFLY_all_e7_1909.lus,Unsafe,Unsafe,0.024000,0.021000,0.875000,-0.003000,win
compare_single_p_907_with_base_x3,compare_single_p_907_resume,base,desc_l2l1,FMCAD08/Int/memory1/DRAGON_all2_e8_5504_e1_4719.lus,Unsafe,Unsafe,0.027000,0.029000,1.074074,0.002000,loss
compare_single_p_907_with_base_x3,compare_single_p_907_resume,base,desc_l2l1,FMCAD08/Int/memory1/DRAGON_3_e3_5422_e2_3135.lus,Safe,Safe,0.070000,0.077000,1.100000,0.007000,loss
compare_single_p_907_with_base_x3,compare_single_p_907_resume,base,desc_l2l1,FMCAD08/Int/memory1/DRAGON_all_e2_6104_e2_3308.lus,Safe,Safe,0.183000,0.155000,0.846995,-0.028000,win
compare_single_p_907_with_base_x3,compare_single_p_907_resume,base,desc_l2l1,FMCAD08/Int/memory1/DRAGON_10_e1_998.lus,Safe,Safe,0.088000,0.090000,1.022727,0.002000,loss
compare_single_p_907_with_base_x3,compare_single_p_907_resume,base,desc_l2l1,FMCAD08/Int/memory1/FIREFLY_a3_e1_3233.lus,Unsafe,Unsafe,0.064000,0.063000,0.984375,-0.001000,win
compare_single_p_907_with_base_x3,compare_single_p_907_resume,base,desc_l2l1,FMCAD08/Int/memory1/DRAGON_all2_e7_5406_e7_6697.lus,Unsafe,Unsafe,0.027000,0.027000,1.000000,0.000000,tie
compare_single_p_907_with_base_x3,compare_single_p_907_resume,base,desc_l2l1,FMCAD08/Int/memory1/DRAGON_8_e3_786.lus,Timeout,Safe,293.429000,14.465000,,,newly_solved
compare_single_p_907_with_base_x3,compare_single_p_907_resume,base,desc_l2l1,FMCAD08/Int/memory1/FIREFLY_u1.lus,Safe,Safe,1.304000,1.126000,0.863497,-0.178000,win
compare_single_p_907_with_base_x3,compare_single_p_907_resume,base,desc_l2l1,FMCAD08/Int/memory1/DRAGON_all_e3_4821_e4_1791.lus,Safe,Safe,0.179000,0.180000,1.005587,0.001000,loss
compare_single_p_907_with_base_x3,compare_single_p_907_resume,base,desc_l2l1,FMCAD08/Int/memory1/FIREFLY_3.lus,Safe,Safe,0.045000,0.046000,1.022222,0.001000,loss
compare_single_p_907_with_base_x3,compare_single_p_907_resume,base,desc_l2l1,FMCAD08/Int/memory1/DRAGON_4_e1_4312.lus,Safe,Safe,2.914000,5.296000,1.817433,2.382000,loss
compare_single_p_907_with_base_x3,compare_single_p_907_resume,base,desc_l2l1,FMCAD08/Int/memory1/FIREFLY_2.lus,Safe,Safe,0.051000,0.053000,1.039216,0.002000,loss
compare_single_p_907_with_base_x3,compare_single_p_907_resume,base,desc_l2l1,FMCAD08/Int/memory1/DRAGON_all_e1_4022_e1_1759.lus,Safe,Safe,0.154000,0.181000,1.175325,0.027000,loss
compare_single_p_907_with_base_x3,compare_single_p_907_resume,base,desc_l2l1,FMCAD08/Int/memory1/FIREFLY_luke_rt_e3_1549.lus,Unsafe,Unsafe,0.061000,0.060000,0.983607,-0.001000,win
compare_single_p_907_with_base_x3,compare_single_p_907_resume,base,desc_l2l1,FMCAD08/Int/memory1/FIREFLY_a3_e2_2086_e3_2542.lus,Safe,Safe,0.111000,0.110000,0.990991,-0.001000,win
compare_single_p_907_with_base_x3,compare_single_p_907_resume,base,desc_l2l1,FMCAD08/Int/memory1/DRAGON_4.lus,Safe,Safe,3.073000,3.577000,1.164009,0.504000,loss
compare_single_p_907_with_base_x3,compare_single_p_907_resume,base,desc_l2l1,FMCAD08/Int/memory1/FIREFLY_5_e2_2884_e1_2678.lus,Safe,Safe,0.060000,0.061000,1.016667,0.001000,loss
compare_single_p_907_with_base_x3,compare_single_p_907_resume,base,desc_l2l1,FMCAD08/Int/memory1/DRAGON_all_e2_6104_e3_2607.lus,Safe,Safe,0.181000,0.186000,1.027624,0.005000,loss
compare_single_p_907_with_base_x3,compare_single_p_907_resume,base,desc_l2l1,FMCAD08/Int/memory1/DRAGON_10_e2_402.lus,Safe,Safe,0.089000,0.087000,0.977528,-0.002000,win
compare_single_p_907_with_base_x3,compare_single_p_907_resume,base,desc_l2l1,FMCAD08/Int/memory1/FIREFLY_all_e2_2924_e7_3371.lus,Unsafe,Unsafe,0.021000,0.020000,0.952381,-0.001000,win
compare_single_p_907_with_base_x3,compare_single_p_907_resume,base,desc_l2l1,FMCAD08/Int/memory1/FIREFLY_luke_1b_e3_671_e3_941.lus,Unsafe,Unsafe,0.044000,0.044000,1.000000,0.000000,tie
compare_single_p_907_with_base_x3,compare_single_p_907_resume,base,desc_l2l1,FMCAD08/Int/memory1/FIREFLY_11_e1_3457.lus,Timeout,Timeout,,,,,unsolved_both
compare_single_p_907_with_base_x3,compare_single_p_907_resume,base,desc_l2l1,FMCAD08/Int/memory1/DRAGON_2_e7_25_e2_5340.lus,Unsafe,Unsafe,0.024000,0.024000,1.000000,0.000000,tie
compare_single_p_907_with_base_x3,compare_single_p_907_resume,base,desc_l2l1,FMCAD08/Int/memory1/FIREFLY_8_e2_1711_e7_1962.lus,Unsafe,Unsafe,0.019000,0.019000,1.000000,0.000000,tie
compare_single_p_907_with_base_x3,compare_single_p_907_resume,base,desc_l2l1,FMCAD08/Int/memory1/DRAGON_2_e7_25_e7_4469.lus,Unsafe,Unsafe,0.024000,0.024000,1.000000,0.000000,tie
compare_single_p_907_with_base_x3,compare_single_p_907_resume,base,desc_l2l1,FMCAD08/Int/memory1/DRAGON_7.lus,Safe,Safe,0.120000,0.091000,0.758333,-0.029000,win
compare_single_p_907_with_base_x3,compare_single_p_907_resume,base,desc_l2l1,FMCAD08/Int/memory1/DRAGON_all2_e3_4612_e1_6463.lus,Timeout,Timeout,,,,,unsolved_both
compare_single_p_907_with_base_x3,compare_single_p_907_resume,base,desc_l2l1,FMCAD08/Int/memory1/DRAGON_3_e1_4783.lus,Safe,Safe,0.070000,0.072000,1.028571,0.002000,loss
compare_single_p_907_with_base_x3,compare_single_p_907_resume,base,desc_l2l1,FMCAD08/Int/memory1/FIREFLY_rt.lus,Safe,Safe,0.517000,0.527000,1.019342,0.010000,loss
compare_single_p_907_with_base_x3,compare_single_p_907_resume,base,desc_l2l1,FMCAD08/Int/memory1/DRAGON_3_e1_4783_e3_511.lus,Safe,Safe,0.069000,0.072000,1.043478,0.003000,loss
compare_single_p_907_with_base_x3,compare_single_p_907_resume,base,desc_l2l1,FMCAD08/Int/memory1/DRAGON_10_e7_3861_e7_2180.lus,Unsafe,Unsafe,0.024000,0.023000,0.958333,-0.001000,win
compare_single_p_907_with_base_x3,compare_single_p_907_resume,base,desc_l2l1,FMCAD08/Int/memory1/DRAGON_13_e7_2336_e1_541.lus,Unsafe,Unsafe,0.024000,0.024000,1.000000,0.000000,tie
compare_single_p_907_with_base_x3,compare_single_p_907_resume,base,desc_l2l1,FMCAD08/Int/memory1/DRAGON_5_e7_2017_e1_5832.lus,Unsafe,Unsafe,0.092000,0.092000,1.000000,0.000000,tie
compare_single_p_907_with_base_x3,compare_single_p_907_resume,base,desc_l2l1,FMCAD08/Int/memory1/DRAGON_all_e2_6104_e1_6205.lus,Safe,Safe,0.154000,0.152000,0.987013,-0.002000,win
compare_single_p_907_with_base_x3,compare_single_p_907_resume,base,desc_l2l1,FMCAD08/Int/memory1/DRAGON_all_e2_6104.lus,Safe,Safe,0.181000,0.157000,0.867403,-0.024000,win
compare_single_p_907_with_base_x3,compare_single_p_907_resume,base,desc_l2l1,FMCAD08/Int/memory1/FIREFLY_luke_2_e2_1375_e1_418.lus,Safe,Safe,0.732000,0.518000,0.707650,-0.214000,win
compare_single_p_907_with_base_x3,compare_single_p_907_resume,base,desc_l2l1,FMCAD08/Int/memory1/DRAGON_9_e7_1843_e7_2225.lus,Safe,Safe,0.063000,0.064000,1.015873,0.001000,loss
compare_single_p_907_with_base_x3,compare_single_p_907_resume,base,desc_l2l1,FMCAD08/Int/memory1/DRAGON_4_e2_2799_e3_1915.lus,Safe,Safe,4.584000,3.769000,0.822208,-0.815000,win
compare_single_p_907_with_base_x3,compare_single_p_907_resume,base,desc_l2l1,FMCAD08/Int/memory1/DRAGON_2_e1_2316.lus,Safe,Safe,0.062000,0.062000,1.000000,0.000000,tie
compare_single_p_907_with_base_x3,compare_single_p_907_resume,base,desc_l2l1,FMCAD08/Int/memory1/DRAGON_3_e2_5343_e1_988.lus,Safe,Safe,0.073000,0.068000,0.931507,-0.005000,win
compare_single_p_907_with_base_x3,compare_single_p_907_resume,base,desc_l2l1,FMCAD08/Int/memory1/FIREFLY_luke_3.lus,Safe,Safe,1.912000,1.476000,0.771967,-0.436000,win
compare_single_p_907_with_base_x3,compare_single_p_907_resume,base,desc_l2l1,FMCAD08/Int/memory1/DRAGON_all_e7_1941_e2_6086.lus,Unsafe,Unsafe,0.024000,0.024000,1.000000,0.000000,tie
compare_single_p_907_with_base_x3,compare_single_p_907_resume,base,desc_l2l1,FMCAD08/Int/memory1/DRAGON_14_e7_3162.lus,Unsafe,Unsafe,0.581000,0.703000,1.209983,0.122000,loss
compare_single_p_907_with_base_x3,compare_single_p_907_resume,base,desc_l2l1,FMCAD08/Int/memory1/FIREFLY_10.lus,Safe,Safe,0.061000,0.063000,1.032787,0.002000,loss
compare_single_p_907_with_base_x3,compare_single_p_907_resume,base,desc_l2l1,FMCAD08/Int/memory1/FIREFLY_9.lus,Safe,Safe,0.046000,0.048000,1.043478,0.002000,loss
compare_single_p_907_with_base_x3,compare_single_p_907_resume,base,desc_l2l1,FMCAD08/Int/memory1/FIREFLY_luke_1b_e1_1139_e2_2893.lus,Safe,Safe,0.045000,0.045000,1.000000,0.000000,tie
compare_single_p_907_with_base_x3,compare_single_p_907_resume,base,desc_l2l1,FMCAD08/Int/memory1/DRAGON_all2_e7_5406_e1_6690.lus,Unsafe,Unsafe,0.028000,0.028000,1.000000,0.000000,tie
compare_single_p_907_with_base_x3,compare_single_p_907_resume,base,desc_l2l1,FMCAD08/Int/memory1/DRAGON_9.lus,Safe,Safe,0.060000,0.060000,1.000000,0.000000,tie
compare_single_p_907_with_base_x3,compare_single_p_907_resume,base,desc_l2l1,FMCAD08/Int/memory1/FIREFLY_luke_rt_e1_913.lus,Unsafe,Unsafe,0.063000,0.064000,1.015873,0.001000,loss
compare_single_p_907_with_base_x3,compare_single_p_907_resume,base,desc_l2l1,FMCAD08/Int/memory1/FIREFLY_luke_rt.lus,Safe,Safe,0.071000,0.053000,0.746479,-0.018000,win
compare_single_p_907_with_base_x3,compare_single_p_907_resume,base,desc_l2l1,FMCAD08/Int/memory1/FIREFLY_1_e1_1092_e3_389.lus,Unsafe,Unsafe,0.055000,0.055000,1.000000,0.000000,tie
compare_single_p_907_with_base_x3,compare_single_p_907_resume,base,desc_l2l1,FMCAD08/Int/memory1/FIREFLY_luke_1b_e3_671_e6_1974.lus,Safe,Safe,0.075000,0.056000,0.746667,-0.019000,win
compare_single_p_907_with_base_x3,compare_single_p_907_resume,base,desc_l2l1,FMCAD08/Int/memory1/DRAGON_all_e3_4821_e1_1318.lus,Safe,Safe,0.177000,0.180000,1.016949,0.003000,loss
compare_single_p_907_with_base_x3,compare_single_p_907_resume,base,desc_l2l1,FMCAD08/Int/memory1/FIREFLY_luke_rt_e1_913_e1_1993.lus,Unsafe,Unsafe,0.060000,0.065000,1.083333,0.005000,loss
compare_single_p_907_with_base_x3,compare_single_p_907_resume,base,desc_l2l1,FMCAD08/Int/memory1/DRAGON_3_e1_4783_e2_158.lus,Safe,Safe,0.072000,0.070000,0.972222,-0.002000,win
compare_single_p_907_with_base_x3,compare_single_p_907_resume,base,desc_l2l1,FMCAD08/Int/memory1/FIREFLY_11.lus,Timeout,Timeout,,,,,unsolved_both
compare_single_p_907_with_base_x3,compare_single_p_907_resume,base,desc_l2l1,FMCAD08/Int/memory1/DRAGON_5_e7_2017.lus,Unsafe,Unsafe,0.089000,0.142000,1.595506,0.053000,loss
compare_single_p_907_with_base_x3,compare_single_p_907_resume,base,desc_l2l1,FMCAD08/Int/memory1/DRAGON_3_e1_4783_e7_4070.lus,Unsafe,Unsafe,0.024000,0.025000,1.041667,0.001000,loss
compare_single_p_907_with_base_x3,compare_single_p_907_resume,base,desc_l2l1,FMCAD08/Int/memory1/DRAGON_1_e1_14612_e2_2653_e7_4370.lus,Safe,Safe,0.095000,0.098000,1.031579,0.003000,loss
compare_single_p_907_with_base_x3,compare_single_p_907_resume,base,desc_l2l1,FMCAD08/Int/memory1/DRAGON_14_e1_5710.lus,Timeout,Timeout,,,,,unsolved_both
compare_single_p_907_with_base_x3,compare_single_p_907_resume,base,desc_l2l1,FMCAD08/Int/memory1/DRAGON_all_e3_4821_e2_1089.lus,Safe,Safe,0.177000,0.184000,1.039548,0.007000,loss
compare_single_p_907_with_base_x3,compare_single_p_907_resume,base,desc_l2l1,FMCAD08/Int/memory1/FIREFLY_a3_e1_3233_e1_3123.lus,Unsafe,Unsafe,0.063000,0.063000,1.000000,0.000000,tie
compare_single_p_907_with_base_x3,compare_single_p_907_resume,base,desc_l2l1,FMCAD08/Int/memory1/DRAGON_4_e7_2329_e7_3856.lus,Unsafe,Unsafe,0.201000,0.138000,0.686567,-0.063000,win
compare_single_p_907_with_base_x3,compare_single_p_907_resume,base,desc_l2l1,FMCAD08/Int/memory1/FIREFLY_all_e1_1207_e1_1201.lus,Unsafe,Unsafe,0.163000,0.142000,0.871166,-0.021000,win
compare_single_p_907_with_base_x3,compare_single_p_907_resume,base,desc_l2l1,FMCAD08/Int/memory1/DRAGON_4_e2_2799.lus,Safe,Safe,3.401000,3.178000,0.934431,-0.223000,win
compare_single_p_907_with_base_x3,compare_single_p_907_resume,base,desc_l2l1,FMCAD08/Int/memory1/FIREFLY_8.lus,Safe,Safe,0.046000,0.046000,1.000000,0.000000,tie
compare_single_p_907_with_base_x3,compare_single_p_907_resume,base,desc_l2l1,FMCAD08/Int/memory1/FIREFLY_all_e3_1600_e1_667.lus,Unsafe,Unsafe,0.064000,0.099000,1.546875,0.035000,loss
compare_single_p_907_with_base_x3,compare_single_p_907_resume,base,desc_l2l1,FMCAD08/Int/memory1/DRAGON_10_e2_2785_e3_1744.lus,Safe,Safe,0.063000,0.062000,0.984127,-0.001000,win
compare_single_p_907_with_base_x3,compare_single_p_907_resume,base,desc_l2l1,FMCAD08/Int/memory1/DRAGON_5_e7_2017_e7_2326.lus,Unsafe,Unsafe,0.154000,0.090000,0.584416,-0.064000,win
compare_single_p_907_with_base_x3,compare_single_p_907_resume,base,desc_l2l1,FMCAD08/Int/memory1/FIREFLY_luke_2_e7_1826_e8_126.lus,Safe,Safe,0.447000,0.518000,1.158837,0.071000,loss
compare_single_p_907_with_base_x3,compare_single_p_907_resume,base,desc_l2l1,FMCAD08/Int/memory1/FIREFLY_a3.lus,Safe,Safe,0.107000,0.129000,1.205607,0.022000,loss
compare_single_p_907_with_base_x3,compare_single_p_907_resume,base,desc_l2l1,FMCAD08/Int/memory1/DRAGON_12_e2_1618_e1_6030.lus,Safe,Safe,3.128000,4.596000,1.469309,1.468000,loss
compare_single_p_907_with_base_x3,compare_single_p_907_resume,base,desc_l2l1,FMCAD08/Int/memory1/DRAGON_12_e2_1618.lus,Safe,Safe,1.955000,1.188000,0.607673,-0.767000,win
compare_single_p_907_with_base_x3,compare_single_p_907_resume,base,desc_l2l1,FMCAD08/Int/memory1/DRAGON_7_e2_2872_e3_2640.lus,Safe,Safe,0.119000,0.118000,0.991597,-0.001000,win
compare_single_p_907_with_base_x3,compare_single_p_907_resume,base,desc_l2l1,FMCAD08/Int/memory1/DRAGON_9_e7_1843_e2_1145.lus,Safe,Safe,0.094000,0.093000,0.989362,-0.001000,win
compare_single_p_907_with_base_x3,compare_single_p_907_resume,base,desc_l2l1,FMCAD08/Int/memory1/DRAGON_8_e7_3752.lus,Safe,Safe,1.096000,0.462000,0.421533,-0.634000,win
compare_single_p_907_with_base_x3,compare_single_p_907_resume,base,desc_l2l1,FMCAD08/Int/memory1/DRAGON_12_e2_1618_e3_2012.lus,Safe,Safe,1.305000,1.022000,0.783142,-0.283000,win
compare_single_p_907_with_base_x3,compare_single_p_907_resume,base,desc_l2l1,FMCAD08/Int/memory1/DRAGON_14_e7_3162_e7_3528.lus,Unsafe,Unsafe,0.729000,0.853000,1.170096,0.124000,loss
compare_single_p_907_with_base_x3,compare_single_p_907_resume,base,desc_l2l1,FMCAD08/Int/memory1/DRAGON_11_e2_5396_e3_282.lus,Timeout,Timeout,,,,,unsolved_both
compare_single_p_907_with_base_x3,compare_single_p_907_resume,base,desc_l2l1,FMCAD08/Int/memory1/DRAGON_1.lus,Safe,Safe,0.088000,0.086000,0.977273,-0.002000,win
compare_single_p_907_with_base_x3,compare_single_p_907_resume,base,desc_l2l1,FMCAD08/Int/memory1/DRAGON_8_e3_786_e7_4541.lus,Safe,Safe,2.942000,0.938000,0.318831,-2.004000,win
compare_single_p_907_with_base_x3,compare_single_p_907_resume,base,desc_l2l1,FMCAD08/Int/memory1/DRAGON_5_e7_2017_e2_664.lus,Unsafe,Unsafe,0.091000,0.146000,1.604396,0.055000,loss
compare_single_p_907_with_base_x3,compare_single_p_907_resume,base,desc_l2l1,FMCAD08/Int/memory1/FIREFLY_10_e7_919_e2_3192.lus,Safe,Safe,0.046000,0.045000,0.978261,-0.001000,win
compare_single_p_907_with_base_x3,compare_single_p_907_resume,base,desc_l2l1,FMCAD08/Int/memory1/FIREFLY_luke_1b_e3_671_e1_725.lus,Unsafe,Unsafe,0.044000,0.042000,0.954545,-0.002000,win
compare_single_p_907_with_base_x3,compare_single_p_907_resume,base,desc_l2l1,FMCAD08/Int/memory1/FIREFLY_8_e2_1711.lus,Safe,Safe,0.045000,0.045000,1.000000,0.000000,tie
compare_single_p_907_with_base_x3,compare_single_p_907_resume,base,desc_l2l1,FMCAD08/Int/memory1/DRAGON_2_e2_4481.lus,Safe,Safe,0.062000,0.062000,1.000000,0.000000,tie
compare_single_p_907_with_base_x3,compare_single_p_907_resume,base,desc_l2l1,FMCAD08/Int/memory1/DRAGON_11_e3_382_e1_505.lus,Timeout,Timeout,,,,,unsolved_both
compare_single_p_907_with_base_x3,compare_single_p_907_resume,base,desc_l2l1,FMCAD08/Int/memory1/FIREFLY_1_e1_1092_e1_1486.lus,Unsafe,Unsafe,0.053000,0.053000,1.000000,0.000000,tie
compare_single_p_907_with_base_x3,compare_single_p_907_resume,base,desc_l2l1,FMCAD08/Int/memory1/DRAGON_all_e1_4037.lus,Safe,Safe,0.158000,0.158000,1.000000,0.000000,tie
compare_single_p_907_with_base_x3,compare_single_p_907_resume,base,desc_l2l1,FMCAD08/Int/memory1/FIREFLY_luke_rt_e1_913_e7_1403.lus,Unsafe,Unsafe,0.019000,0.019000,1.000000,0.000000,tie
compare_single_p_907_with_base_x3,compare_single_p_907_resume,base,desc_l2l1,FMCAD08/Int/memory1/DRAGON_3_e3_5422_e1_2288.lus,Safe,Safe,0.072000,0.071000,0.986111,-0.001000,win
compare_single_p_907_with_base_x3,compare_single_p_907_resume,base,desc_l2l1,FMCAD08/Int/memory1/DRAGON_11_e2_1678_e1_3565.lus,Timeout,Timeout,,,,,unsolved_both
compare_single_p_907_with_base_x3,compare_single_p_907_resume,base,desc_l2l1,FMCAD08/Int/memory1/FIREFLY_luke_1b_e2_3049_e3_2697.lus,Unsafe,Unsafe,0.042000,0.043000,1.023810,0.001000,loss
compare_single_p_907_with_base_x3,compare_single_p_907_resume,base,desc_l2l1,FMCAD08/Int/memory1/FIREFLY_luke_1b_e3_671_e2_2131.lus,Unsafe,Unsafe,0.055000,0.053000,0.963636,-0.002000,win
compare_single_p_907_with_base_x3,compare_single_p_907_resume,base,desc_l2l1,FMCAD08/Int/memory1/FIREFLY_a3_e1_3233_e7_906.lus,Unsafe,Unsafe,0.020000,0.020000,1.000000,0.000000,tie
compare_single_p_907_with_base_x3,compare_single_p_907_resume,base,desc_l2l1,FMCAD08/Int/memory1/FIREFLY_luke_rt_e2_3460_e2_2670.lus,Unsafe,Unsafe,0.061000,0.062000,1.016393,0.001000,loss
compare_single_p_907_with_base_x3,compare_single_p_907_resume,base,desc_l2l1,FMCAD08/Int/memory1/DRAGON_all_e1_4022_e2_267.lus,Safe,Safe,0.181000,0.184000,1.016575,0.003000,loss
compare_single_p_907_with_base_x3,compare_single_p_907_resume,base,desc_l2l1,FMCAD08/Int/memory1/FIREFLY_a3_e2_2086_e7_2614.lus,Unsafe,Unsafe,0.021000,0.020000,0.952381,-0.001000,win
compare_single_p_907_with_base_x3,compare_single_p_907_resume,base,desc_l2l1,FMCAD08/Int/memory1/DRAGON_all2_e3_4612_e2_5774.lus,Timeout,Timeout,,,,,unsolved_both
compare_single_p_907_with_base_x3,compare_single_p_907_resume,base,desc_l2l1,FMCAD08/Int/memory1/FIREFLY_3_e2_2236_e7_3681.lus,Safe,Safe,0.065000,0.066000,1.015385,0.001000,loss
compare_single_p_907_with_base_x3,compare_single_p_907_resume,base,desc_l2l1,FMCAD08/Int/memory1/DRAGON_2_e7_25_e3_829.lus,Unsafe,Unsafe,0.037000,0.023000,0.621622,-0.014000,win
compare_single_p_907_with_base_x3,compare_single_p_907_resume,base,desc_l2l1,FMCAD08/Int/memory1/FIREFLY_4.lus,Safe,Safe,0.050000,0.065000,1.300000,0.015000,loss
compare_single_p_907_with_base_x3,compare_single_p_907_resume,base,desc_l2l1,FMCAD08/Int/memory1/FIREFLY_1_e1_1092_e2_1853.lus,Safe,Safe,0.044000,0.043000,0.977273,-0.001000,win
compare_single_p_907_with_base_x3,compare_single_p_907_resume,base,desc_l2l1,FMCAD08/Int/memory1/FIREFLY_4_e3_3511_e1_2375.lus,Unsafe,Unsafe,0.761000,1.689000,2.219448,0.928000,loss
compare_single_p_907_with_base_x3,compare_single_p_907_resume,base,desc_l2l1,FMCAD08/Int/memory1/DRAGON_2_e7_25_e1_154.lus,Unsafe,Unsafe,0.025000,0.023000,0.920000,-0.002000,win
compare_single_p_907_with_base_x3,compare_single_p_907_resume,base,desc_l2l1,FMCAD08/Int/memory1/DRAGON_1_e1_14612_e1_268_e7_501.lus,Safe,Safe,0.098000,0.098000,1.000000,0.000000,tie
compare_single_p_907_with_base_x3,compare_single_p_907_resume,base,desc_l2l1,FMCAD08/Int/memory1/DRAGON_all.lus,Safe,Safe,0.232000,0.212000,0.913793,-0.020000,win
compare_single_p_907_with_base_x3,compare_single_p_907_resume,base,desc_l2l1,FMCAD08/Int/memory1/FIREFLY_luke_1b_e3_671.lus,Unsafe,Unsafe,0.043000,0.042000,0.976744,-0.001000,win
compare_single_p_907_with_base_x3,compare_single_p_907_resume,base,desc_l2l1,FMCAD08/Int/memory1/FIREFLY_all_e3_1600_e5_84.lus,Unsafe,Unsafe,0.059000,0.059000,1.000000,0.000000,tie
compare_single_p_907_with_base_x3,compare_single_p_907_resume,base,desc_l2l1,FMCAD08/Int/memory1/FIREFLY_luke_rt_e1_913_e2_3353.lus,Safe,Safe,0.053000,0.053000,1.000000,0.000000,tie
compare_single_p_907_with_base_x3,compare_single_p_907_resume,base,desc_l2l1,FMCAD08/Int/memory1/FIREFLY_a3_e2_2952.lus,Safe,Safe,0.108000,0.109000,1.009259,0.001000,loss
compare_single_p_907_with_base_x3,compare_single_p_907_resume,base,desc_l2l1,FMCAD08/Int/memory1/DRAGON_1_e1_3184_e7_1888.lus,Safe,Safe,0.062000,0.063000,1.016129,0.001000,loss
compare_single_p_907_with_base_x3,compare_single_p_907_resume,base,desc_l2l1,FMCAD08/Int/memory1/FIREFLY_luke_1a_e2_284_e3_3091.lus,Timeout,Timeout,,,,,unsolved_both
compare_single_p_907_with_base_x3,compare_single_p_907_resume,base,desc_l2l1,FMCAD08/Int/memory1/FIREFLY_7.lus,Safe,Timeout,35.227000,220.949000,,,regressed
compare_single_p_907_with_base_x3,compare_single_p_907_resume,base,desc_l2l1,FMCAD08/Int/memory1/FIREFLY_all_e3_3496.lus,Unsafe,Unsafe,0.163000,0.079000,0.484663,-0.084000,win
compare_single_p_907_with_base_x3,compare_single_p_907_resume,base,desc_l2l1,FMCAD08/Int/memory1/DRAGON_14_e3_1259_e1_5798.lus,Timeout,Timeout,,,,,unsolved_both
compare_single_p_907_with_base_x3,compare_single_p_907_resume,base,desc_l2l1,FMCAD08/Int/memory1/FIREFLY_luke_1b_e7_2574.lus,Unsafe,Unsafe,0.019000,0.018000,0.947368,-0.001000,win
compare_single_p_907_with_base_x3,compare_single_p_907_resume,base,desc_l2l1,FMCAD08/Int/memory1/FIREFLY_5_e2_2884_e3_1882.lus,Safe,Safe,0.046000,0.046000,1.000000,0.000000,tie
compare_single_p_907_with_base_x3,compare_single_p_907_resume,base,desc_l2l1,FMCAD08/Int/memory1/DRAGON_3.lus,Safe,Safe,0.108000,0.069000,0.638889,-0.039000,win
compare_single_p_907_with_base_x3,compare_single_p_907_resume,base,desc_l2l1,FMCAD08/Int/memory1/FIREFLY_11_e3_2076_e1_1270.lus,Timeout,Timeout,,,,,unsolved_both
compare_single_p_907_with_base_x3,compare_single_p_907_resume,base,desc_l2l1,FMCAD08/Int/memory1/DRAGON_4_e2_2799_e1_1303.lus,Safe,Safe,3.283000,5.034000,1.533354,1.751000,loss
compare_single_p_907_with_base_x3,compare_single_p_907_resume,base,desc_l2l1,FMCAD08/Int/memory1/DRAGON_1_e3_11891_e7_4569_e4_4881.lus,Safe,Safe,0.065000,0.063000,0.969231,-0.002000,win
compare_single_p_907_with_base_x3,compare_single_p_907_resume,base,desc_l2l1,FMCAD08/Int/memory1/DRAGON_14.lus,Timeout,Timeout,,,,,unsolved_both
compare_single_p_907_with_base_x3,compare_single_p_907_resume,base,desc_l2l1,FMCAD08/Int/memory1/FIREFLY_3_e2_2236_e2_1058.lus,Safe,Safe,0.063000,0.062000,0.984127,-0.001000,win
compare_single_p_907_with_base_x3,compare_single_p_907_resume,base,desc_l2l1,FMCAD08/Int/memory1/FIREFLY_5_e2_2884_e7_3594.lus,Safe,Safe,0.046000,0.048000,1.043478,0.002000,loss
compare_single_p_907_with_base_x3,compare_single_p_907_resume,base,desc_l2l1,FMCAD08/Int/memory1/DRAGON_2_e2_3183_e2_3580.lus,Safe,Safe,0.062000,0.062000,1.000000,0.000000,tie
compare_single_p_907_with_base_x3,compare_single_p_907_resume,base,desc_l2l1,FMCAD08/Int/memory1/DRAGON_13_e7_2336_e7_685.lus,Unsafe,Unsafe,0.024000,0.024000,1.000000,0.000000,tie
compare_single_p_907_with_base_x3,compare_single_p_907_resume,base,desc_l2l1,FMCAD08/Int/memory1/DRAGON_2_e7_25.lus,Unsafe,Unsafe,0.024000,0.023000,0.958333,-0.001000,win
compare_single_p_907_with_base_x3,compare_single_p_907_resume,base,desc_l2l1,FMCAD08/Int/memory1/DRAGON_11_e1_2450_e7_5791.lus,Unsafe,Unsafe,0.025000,0.024000,0.960000,-0.001000,win
compare_single_p_907_with_base_x3,compare_single_p_907_resume,base,desc_l2l1,FMCAD08/Int/memory1/FIREFLY_4_e3_3511_e2_1923.lus,Safe,Safe,0.123000,0.121000,0.983740,-0.002000,win
compare_single_p_907_with_base_x3,compare_single_p_907_resume,base,desc_l2l1,FMCAD08/Int/memory1/FIREFLY_2_e3_151_e3_1540.lus,Unsafe,Unsafe,0.061000,0.063000,1.032787,0.002000,loss
compare_single_p_907_with_base_x3,compare_single_p_907_resume,base,desc_l2l1,FMCAD08/Int/memory1/FIREFLY_luke_5.lus,Timeout,Timeout,,,,,unsolved_both
compare_single_p_907_with_base_x3,compare_single_p_907_resume,base,desc_l2l1,FMCAD08/Int/memory1/DRAGON_all2_e3_4612_e4_3719.lus,Timeout,Timeout,,,,,unsolved_both
compare_single_p_907_with_base_x3,compare_single_p_907_resume,base,desc_l2l1,FMCAD08/Int/memory1/DRAGON_all2_e8_4626.lus,Unsafe,Unsafe,0.027000,0.028000,1.037037,0.001000,loss
compare_single_p_907_with_base_x3,compare_single_p_907_resume,base,desc_l2l1,FMCAD08/Int/memory1/FIREFLY_luke_1b_e7_3191_e1_1303.lus,Unsafe,Unsafe,0.022000,0.020000,0.909091,-0.002000,win
compare_single_p_907_with_base_x3,compare_single_p_907_resume,base,desc_l2l1,FMCAD08/Int/memory1/FIREFLY_luke_1b.lus,Safe,Safe,0.046000,0.047000,1.021739,0.001000,loss
compare_single_p_907_with_base_x3,compare_single_p_907_resume,base,desc_l2l1,FMCAD08/Int/memory1/DRAGON_2.lus,Safe,Safe,0.061000,0.063000,1.032787,0.002000,loss
compare_single_p_907_with_base_x3,compare_single_p_907_resume,base,desc_l2l1,FMCAD08/Int/memory1/DRAGON_all2_e7_5406.lus,Unsafe,Unsafe,0.029000,0.028000,0.965517,-0.001000,win
compare_single_p_907_with_base_x3,compare_single_p_907_resume,base,desc_l2l1,FMCAD08/Int/memory1/FIREFLY_a3_e3_314_e4_897.lus,Unsafe,Unsafe,1.037000,1.028000,0.991321,-0.009000,win
compare_single_p_907_with_base_x3,compare_single_p_907_resume,base,desc_l2l1,FMCAD08/Int/memory1/FIREFLY_all_e2_3678.lus,Unsafe,Unsafe,0.060000,0.118000,1.966667,0.058000,loss
compare_single_p_907_with_base_x3,compare_single_p_907_resume,base,desc_l2l1,FMCAD08/Int/memory1/DRAGON_4_e2_2799_e2_2251.lus,Safe,Safe,4.970000,3.534000,0.711066,-1.436000,win
compare_single_p_907_with_base_x3,compare_single_p_907_resume,base,desc_l2l1,FMCAD08/Int/memory1/FIREFLY_6.lus,Safe,Safe,0.440000,0.444000,1.009091,0.004000,loss
compare_single_p_907_with_base_x3,compare_single_p_907_resume,base,desc_l2l1,FMCAD08/Int/memory1/FIREFLY_all.lus,Safe,Safe,0.225000,0.229000,1.017778,0.004000,loss
compare_single_p_907_with_base_x3,compare_single_p_907_resume,base,desc_l2l1,FMCAD08/Int/memory1/DRAGON_9_e7_1843.lus,Safe,Safe,0.097000,0.106000,1.092784,0.009000,loss
compare_single_p_907_with_base_x3,compare_single_p_907_resume,base,desc_l2l1,FMCAD08/Int/memory1/DRAGON_8.lus,Safe,Safe,289.526000,0.964000,0.003330,-288.562000,win
compare_single_p_907_with_base_x3,compare_single_p_907_resume,base,desc_l2l1,FMCAD08/Int/memory1/DRAGON_10_e7_3861_e2_1020.lus,Unsafe,Unsafe,0.024000,0.023000,0.958333,-0.001000,win
compare_single_p_907_with_base_x3,compare_single_p_907_resume,base,desc_l2l1,FMCAD08/Int/memory1/FIREFLY_6_e2_3302.lus,Safe,Safe,0.520000,0.523000,1.005769,0.003000,loss
compare_single_p_907_with_base_x3,compare_single_p_907_resume,base,desc_l2l1,FMCAD08/Int/memory1/DRAGON_3_e1_4783_e1_3755.lus,Safe,Safe,0.071000,0.066000,0.929577,-0.005000,win
compare_single_p_907_with_base_x3,compare_single_p_907_resume,base,desc_l2l1,FMCAD08/Int/memory1/FIREFLY_all_e2_2924_e2_1767.lus,Unsafe,Unsafe,0.123000,0.121000,0.983740,-0.002000,win
compare_single_p_907_with_base_x3,compare_single_p_907_resume,base,desc_l2l1,FMCAD08/Int/memory1/DRAGON_all_e7_4065.lus,Unsafe,Unsafe,0.024000,0.024000,1.000000,0.000000,tie
compare_single_p_907_with_base_x3,compare_single_p_907_resume,base,desc_l2l1,FMCAD08/Int/memory1/FIREFLY_luke_1a_e2_284_e7_998.lus,Unsafe,Unsafe,0.130000,0.271000,2.084615,0.141000,loss
compare_single_p_907_with_base_x3,compare_single_p_907_resume,base,desc_l2l1,FMCAD08/Int/memory1/DRAGON_10_e3_3429.lus,Safe,Safe,0.060000,0.063000,1.050000,0.003000,loss
compare_single_p_907_with_base_x3,compare_single_p_907_resume,base,desc_l2l1,FMCAD08/Int/memory1/FIREFLY_luke_1b_e7_3191_e2_1864.lus,Unsafe,Unsafe,0.020000,0.020000,1.000000,0.000000,tie
compare_single_p_907_with_base_x3,compare_single_p_907_resume,base,desc_l2l1,FMCAD08/Int/memory1/DRAGON_13_e3_1418_e3_2761.lus,Timeout,Safe,0.205000,139.527000,,,newly_solved
compare_single_p_907_with_base_x3,compare_single_p_907_resume,base,desc_l2l1,FMCAD08/Int/memory1/DRAGON_10_e1_3587_e3_2749.lus,Safe,Safe,0.086000,0.088000,1.023256,0.002000,loss
compare_single_p_907_with_base_x3,compare_single_p_907_resume,base,desc_l2l1,FMCAD08/Int/memory1/FIREFLY_a3_e1_3233_e2_2392.lus,Safe,Safe,0.111000,0.169000,1.522523,0.058000,loss
compare_single_p_907_with_base_x3,compare_single_p_907_resume,base,desc_l2l1,FMCAD08/Int/memory1/DRAGON_10_e3_144_e7_523.lus,Unsafe,Unsafe,0.022000,0.023000,1.045455,0.001000,loss
compare_single_p_907_with_base_x3,compare_single_p_907_resume,base,desc_l2l1,FMCAD08/Int/memory1/DRAGON_14_e3_5120.lus,Timeout,Timeout,,,,,unsolved_both
compare_single_p_907_with_base_x3,compare_single_p_907_resume,base,desc_l2l1,FMCAD08/Int/memory1/DRAGON_6.lus,Safe,Safe,0.060000,0.063000,1.050000,0.003000,loss
compare_single_p_907_with_base_x3,compare_single_p_907_resume,base,desc_l2l1,FMCAD08/Int/memory1/FIREFLY_luke_1b_e7_3191_e7_2146.lus,Unsafe,Unsafe,0.051000,0.020000,0.392157,-0.031000,win
compare_single_p_907_with_base_x3,compare_single_p_907_resume,base,desc_l2l1,FMCAD08/Int/memory1/FIREFLY_luke_3_e1_2217_e3_1200.lus,Safe,Safe,2.115000,0.743000,0.351300,-1.372000,win
compare_single_p_907_with_base_x3,compare_single_p_907_resume,base,desc_l2l1,FMCAD08/Int/memory1/FIREFLY_luke_rt_e2_3460_e7_471.lus,Unsafe,Unsafe,0.020000,0.019000,0.950000,-0.001000,win
compare_single_p_907_with_base_x3,compare_single_p_907_resume,base,desc_l2l1,FMCAD08/Int/memory1/DRAGON_11_e1_2450_e3_2330.lus,Timeout,Timeout,,,,,unsolved_both
compare_single_p_907_with_base_x3,compare_single_p_907_resume,base,desc_l2l1,FMCAD08/Int/memory1/DRAGON_5.lus,Safe,Safe,0.457000,0.638000,1.396061,0.181000,loss
compare_single_p_907_with_base_x3,compare_single_p_907_resume,base,desc_l2l1,FMCAD08/Int/memory1/FIREFLY_8_e2_1711_e2_2673.lus,Safe,Safe,0.045000,0.046000,1.022222,0.001000,loss
compare_single_p_907_with_base_x3,compare_single_p_907_resume,base,desc_l2l1,FMCAD08/Int/memory1/DRAGON_all2.lus,Timeout,Timeout,,,,,unsolved_both
compare_single_p_907_with_base_x3,compare_single_p_907_resume,base,desc_l2l1,FMCAD08/Int/memory1/DRAGON_11_e3_382_e4_4421.lus,Timeout,Timeout,,,,,unsolved_both
compare_single_p_907_with_base_x3,compare_single_p_907_resume,base,desc_l2l1,FMCAD08/Int/memory1/FIREFLY_all_e1_3406.lus,Unsafe,Unsafe,0.099000,0.098000,0.989899,-0.001000,win
compare_single_p_907_with_base_x3,compare_single_p_907_resume,base,desc_l2l1,FMCAD08/Int/memory1/DRAGON_6_e7_5046_e7_3623.lus,Safe,Safe,0.063000,0.060000,0.952381,-0.003000,win
compare_single_p_907_with_base_x3,compare_single_p_907_resume,base,desc_l2l1,FMCAD08/Int/memory1/FIREFLY_luke_1b_e1_1139_e1_1565.lus,Unsafe,Unsafe,0.043000,0.061000,1.418605,0.018000,loss
compare_single_p_907_with_base_x3,compare_single_p_907_resume,base,desc_l2l1,FMCAD08/Int/memory1/FIREFLY_luke_1a_e2_284_e2_2755.lus,Timeout,Timeout,,,,,unsolved_both
compare_single_p_907_with_base_x3,compare_single_p_907_resume,base,desc_l2l1,FMCAD08/Int/memory1/FIREFLY_a3_e2_2086_e1_3235.lus,Safe,Safe,0.107000,0.109000,1.018692,0.002000,loss
compare_single_p_907_with_base_x3,compare_single_p_907_resume,base,desc_l2l1,FMCAD08/Int/memory1/FIREFLY_luke_rt_e2_3460_e3_1333.lus,Unsafe,Unsafe,0.043000,0.043000,1.000000,0.000000,tie
compare_single_p_907_with_base_x3,compare_single_p_907_resume,base,desc_l2l1,FMCAD08/Int/memory1/DRAGON_all_e3_5957.lus,Safe,Safe,0.178000,0.182000,1.022472,0.004000,loss
compare_single_p_907_with_base_x3,compare_single_p_907_resume,base,desc_l2l1,FMCAD08/Int/memory1/DRAGON_2_e2_3183_e1_2644.lus,Safe,Safe,0.064000,0.063000,0.984375,-0.001000,win
compare_single_p_907_with_base_x3,compare_single_p_907_resume,base,desc_l2l1,FMCAD08/Int/memory1/DRAGON_12.lus,Safe,Safe,2.291000,3.932000,1.716281,1.641000,loss
compare_single_p_907_with_base_x3,compare_single_p_907_resume,base,desc_l2l1,FMCAD08/Int/memory1/DRAGON_all2_e7_5406_e2_3084.lus,Unsafe,Unsafe,0.029000,0.029000,1.000000,0.000000,tie
compare_single_p_907_with_base_x3,compare_single_p_907_resume,base,desc_l2l1,FMCAD08/Int/memory1/DRAGON_9_e7_1843_e1_5434.lus,Safe,Safe,0.094000,0.093000,0.989362,-0.001000,win
compare_single_p_907_with_base_x3,compare_single_p_907_resume,base,desc_l2l1,FMCAD08/Int/memory1/FIREFLY_3_e2_2236.lus,Safe,Safe,0.045000,0.045000,1.000000,0.000000,tie
compare_single_p_907_with_base_x3,compare_single_p_907_resume,base,desc_l2l1,FMCAD08/Int/memory1/DRAGON_14_e7_3162_e2_753.lus,Unsafe,Unsafe,1.103000,0.795000,0.720762,-0.308000,win
compare_single_p_907_with_base_x3,compare_single_p_907_resume,base,desc_l2l1,FMCAD08/Int/memory1/DRAGON_4_e3_4133.lus,Safe,Safe,3.857000,2.529000,0.655691,-1.328000,win
compare_single_p_907_with_base_x3,compare_single_p_907_resume,base,desc_l2l1,FMCAD08/Int/memory1/DRAGON_11_e1_2450_e1_5887.lus,Timeout,Timeout,,,,,unsolved_both
compare_single_p_907_with_base_x3,compare_single_p_907_resume,base,desc_l2l1,FMCAD08/Int/memory1/DRAGON_14_e2_3606.lus,Timeout,Timeout,,,,,unsolved_both
compare_single_p_907_with_base_x3,compare_single_p_907_resume,base,desc_l2l1,FMCAD08/Int/memory1/FIREFLY_a3_e1_3233_e3_2970.lus,Safe,Safe,0.116000,0.108000,0.931034,-0.008000,win
compare_single_p_907_with_base_x3,compare_single_p_907_resume,base,desc_l2l1,FMCAD08/Int/memory1/FIREFLY_a3_e3_314_e2_2812.lus,Safe,Safe,0.189000,0.142000,0.751323,-0.047000,win
compare_single_p_907_with_base_x3,compare_single_p_907_resume,base,desc_l2l1,FMCAD08/Int/memory1/DRAGON_all_e3_4821_e5_1536.lus,Safe,Safe,0.157000,0.163000,1.038217,0.006000,loss
compare_single_p_907_with_base_x3,compare_single_p_907_resume,base,desc_l2l1,FMCAD08/Int/memory1/FIREFLY_luke_4.lus,Timeout,Timeout,,,,,unsolved_both
compare_single_p_907_with_base_x3,compare_single_p_907_resume,base,desc_l2l1,FMCAD08/Int/memory1/DRAGON_11.lus,Timeout,Timeout,,,,,unsolved_both
compare_single_p_907_with_base_x3,compare_single_p_907_resume,base,desc_l2l1,FMCAD08/Int/memory1/FIREFLY_all_e1_1207_e2_3220.lus,Safe,Safe,0.264000,0.222000,0.840909,-0.042000,win
compare_single_p_907_with_base_x3,compare_single_p_907_resume,base,desc_l2l1,FMCAD08/Int/memory1/FIREFLY_luke_4_e2_325.lus,Timeout,Timeout,,,,,unsolved_both
compare_single_p_907_with_base_x3,compare_single_p_907_resume,base,desc_l2l1,FMCAD08/Int/memory1/DRAGON_8_e2_3896_e3_3125.lus,Safe,Safe,6.215000,1.379000,0.221883,-4.836000,win
compare_single_p_907_with_base_x3,compare_single_p_907_resume,base,desc_l2l1,FMCAD08/Int/memory1/DRAGON_3_e7_4884.lus,Unsafe,Unsafe,0.024000,0.023000,0.958333,-0.001000,win
compare_single_p_907_with_base_x3,compare_single_p_907_resume,base,desc_l2l1,FMCAD08/Int/memory1/FIREFLY_luke_1b_e1_1139_e3_1839.lus,Unsafe,Unsafe,0.055000,0.055000,1.000000,0.000000,tie
compare_single_p_907_with_base_x3,compare_single_p_907_resume,base,desc_l2l1,FMCAD08/Int/memory1/FIREFLY_4_e3_3511_e3_422.lus,Safe,Safe,0.125000,0.122000,0.976000,-0.003000,win
compare_single_p_907_with_base_x3,compare_single_p_907_resume,base,desc_l2l1,FMCAD08/Int/memory1/FIREFLY_8_e2_1711_e1_1489.lus,Safe,Safe,0.050000,0.085000,1.700000,0.035000,loss
compare_single_p_907_with_base_x3,compare_single_p_907_resume,base,desc_l2l1,FMCAD08/Int/memory1/DRAGON_all_e1_4022_e7_2886.lus,Unsafe,Unsafe,0.025000,0.025000,1.000000,0.000000,tie
compare_single_p_907_with_base_x3,compare_single_p_907_resume,base,desc_l2l1,FMCAD08/Int/memory1/FIREFLY_all_e3_1600_e4_2415.lus,Unsafe,Unsafe,0.081000,0.083000,1.024691,0.002000,loss
compare_single_p_907_with_base_x3,compare_single_p_907_resume,base,desc_l2l1,FMCAD08/Int/memory1/FIREFLY_5.lus,Safe,Safe,0.061000,0.062000,1.016393,0.001000,loss
compare_single_p_907_with_base_x3,compare_single_p_907_resume,base,desc_l2l1,FMCAD08/Int/memory1/FIREFLY_1.lus,Safe,Safe,0.043000,0.044000,1.023256,0.001000,loss
compare_single_p_907_with_base_x3,compare_single_p_907_resume,base,desc_l2l1,FMCAD08/Int/memory1/FIREFLY_4_e3_3511_e7_3568.lus,Unsafe,Unsafe,0.019000,0.019000,1.000000,0.000000,tie
compare_single_p_907_with_base_x3,compare_single_p_907_resume,base,desc_l2l1,FMCAD08/Int/memory1/FIREFLY_5_e2_2229.lus,Safe,Safe,0.047000,0.046000,0.978723,-0.001000,win
compare_single_p_907_with_base_x3,compare_single_p_907_resume,base,desc_l2l1,FMCAD08/Int/memory1/DRAGON_all2_e3_4612_e5_3642.lus,Timeout,Timeout,,,,,unsolved_both
compare_single_p_907_with_base_x3,compare_single_p_907_resume,base,desc_l2l1,FMCAD08/Int/memory1/DRAGON_5_e2_3018_e2_936.lus,Safe,Safe,0.468000,0.503000,1.074786,0.035000,loss
compare_single_p_907_with_base_x3,compare_single_p_907_resume,base,desc_l2l1,FMCAD08/Int/memory1/FIREFLY_luke_2.lus,Safe,Safe,0.450000,0.524000,1.164444,0.074000,loss
compare_single_p_907_with_base_x3,compare_single_p_907_resume,base,desc_l2l1,FMCAD08/Int/memory1/FIREFLY_all_e1_1207_e3_1928.lus,Unsafe,Unsafe,0.076000,0.076000,1.000000,0.000000,tie
compare_single_p_907_with_base_x3,compare_single_p_907_resume,base,desc_l2l1,FMCAD08/Int/memory1/FIREFLY_all_e1_1207_e7_156.lus,Unsafe,Unsafe,0.020000,0.038000,1.900000,0.018000,loss
compare_single_p_907_with_base_x3,compare_single_p_907_resume,base,desc_l2l1,FMCAD08/Int/memory1/DRAGON_9_e7_1843_e3_5316.lus,Safe,Safe,0.063000,0.104000,1.650794,0.041000,loss
compare_single_p_907_with_base_x3,compare_single_p_907_resume,base,desc_l2l1,FMCAD08/Int/memory1/FIREFLY_4_e3_3511_e5_3248.lus,Safe,Safe,0.121000,0.120000,0.991736,-0.001000,win
compare_single_p_907_with_base_x3,compare_single_p_907_resume,base,desc_l2l1,FMCAD08/Int/memory1/FIREFLY_1_e1_1092_e7_1119.lus,Unsafe,Unsafe,0.019000,0.019000,1.000000,0.000000,tie
compare_single_p_907_with_base_x3,compare_single_p_907_resume,base,desc_l2l1,FMCAD08/Int/memory1/FIREFLY_a3_e2_2086_e2_2689.lus,Safe,Safe,0.111000,0.108000,0.972973,-0.003000,win
compare_single_p_907_with_base_x3,compare_single_p_907_resume,base,desc_l2l1,FMCAD08/Int/memory1/DRAGON_14_e7_3162_e1_3998.lus,Unsafe,Unsafe,0.753000,0.495000,0.657371,-0.258000,win
compare_single_p_907_with_base_x3,compare_single_p_907_resume,base,desc_l2l1,FMCAD08/Int/memory1/DRAGON_12_e2_1618_e2_138.lus,Safe,Safe,4.760000,2.503000,0.525840,-2.257000,win
compare_single_p_907_with_base_x3,compare_single_p_907_resume,base,desc_l2l1,FMCAD08/Int/memory1/DRAGON_12_e1_4640_e7_128.lus,Unsafe,Unsafe,0.024000,0.024000,1.000000,0.000000,tie
compare_single_p_907_with_base_x3,compare_single_p_907_resume,base,desc_l2l1,FMCAD08/Int/memory1/DRAGON_all2_e8_5504_e7_579.lus,Unsafe,Unsafe,0.027000,0.028000,1.037037,0.001000,loss
compare_single_p_907_with_base_x3,compare_single_p_907_resume,base,desc_l2l1,FMCAD08/Int/memory1/DRAGON_5_e1_1835.lus,Safe,Safe,0.565000,0.593000,1.049558,0.028000,loss
compare_single_p_907_with_base_x3,compare_single_p_907_resume,base,desc_l2l1,FMCAD08/Int/memory1/FIREFLY_u1_e7_3318.lus,Unsafe,Unsafe,0.057000,0.057000,1.000000,0.000000,tie
compare_single_p_907_with_base_x3,compare_single_p_907_resume,base,desc_l2l1,FMCAD08/Int/memory1/DRAGON_13_e7_2336.lus,Unsafe,Unsafe,0.023000,0.023000,1.000000,0.000000,tie
compare_single_p_907_with_base_x3,compare_single_p_907_resume,base,desc_l2l1,FMCAD08/Int/memory1/DRAGON_11_e1_2450_e2_1483.lus,Timeout,Timeout,,,,,unsolved_both
compare_single_p_907_with_base_x3,compare_single_p_907_resume,base,desc_l2l1,FMCAD08/Int/memory1/DRAGON_5_e7_2017_e3_1763.lus,Unsafe,Unsafe,0.145000,0.177000,1.220690,0.032000,loss
compare_single_p_907_with_base_x3,compare_single_p_907_resume,base,desc_l2l1,FMCAD08/Int/memory1/DRAGON_12_e2_1618_e7_4732.lus,Unsafe,Unsafe,0.024000,0.024000,1.000000,0.000000,tie
compare_single_p_907_with_base_x3,compare_single_p_907_resume,base,desc_l2l1,FMCAD08/Int/memory1/FIREFLY_luke_rt_e1_913_e3_2128.lus,Unsafe,Unsafe,0.060000,0.062000,1.033333,0.002000,loss
compare_single_p_907_with_base_x3,compare_single_p_907_resume,base,desc_l2l1,FMCAD08/Int/memory1/FIREFLY_4_e3_3511.lus,Safe,Safe,0.075000,0.075000,1.000000,0.000000,tie
compare_single_p_907_with_base_x3,compare_single_p_907_resume,base,desc_l2l1,FMCAD08/Int/memory1/DRAGON_2_e2_3183_e3_5972.lus,Safe,Safe,0.061000,0.063000,1.032787,0.002000,loss
compare_single_p_907_with_base_x3,compare_single_p_907_resume,base,desc_l2l1,FMCAD08/Int/memory1/DRAGON_11_e1_2450.lus,Timeout,Timeout,,,,,unsolved_both
compare_single_p_907_with_base_x3,compare_single_p_907_resume,base,desc_l2l1,FMCAD08/Int/memory1/DRAGON_4_e7_2329_e3_4574.lus,Unsafe,Unsafe,0.061000,0.063000,1.032787,0.002000,loss
compare_single_p_907_with_base_x3,compare_single_p_907_resume,base,desc_l2l1,FMCAD08/Int/memory1/FIREFLY_luke_rt_e2_3460_e1_1455.lus,Safe,Safe,0.052000,0.051000,0.980769,-0.001000,win
compare_single_p_907_with_base_x3,compare_single_p_907_resume,base,desc_l2l1,FMCAD08/Int/memory1/DRAGON_4_e2_2799_e7_2499.lus,Unsafe,Unsafe,0.196000,0.206000,1.051020,0.010000,loss
compare_single_p_907_with_base_x3,compare_single_p_907_resume,base,desc_l2l1,FMCAD08/Int/memory1/DRAGON_13.lus,Safe,Safe,28.277000,9.599000,0.339463,-18.678000,win
compare_single_p_907_with_base_x3,compare_single_p_907_resume,base,desc_l2l1,FMCAD08/Int/memory1/FIREFLY_luke_1b_e3_671_e4_147.lus,Unsafe,Unsafe,0.042000,0.041000,0.976190,-0.001000,win
compare_single_p_907_with_base_x3,compare_single_p_907_resume,base,desc_l2l1,FMCAD08/Int/memory1/DRAGON_13_e7_2336_e2_1255.lus,Unsafe,Unsafe,0.024000,0.024000,1.000000,0.000000,tie
compare_single_p_907_with_base_x3,compare_single_p_907_resume,base,desc_l2l1,FMCAD08/Int/memory1/FIREFLY_luke_rt_e2_3460.lus,Unsafe,Unsafe,0.064000,0.061000,0.953125,-0.003000,win
compare_single_p_907_with_base_x3,compare_single_p_907_resume,base,desc_l2l1,FMCAD08/Int/memory1/FIREFLY_9_e7_170_e3_3647.lus,Safe,Safe,0.050000,0.083000,1.660000,0.033000,loss
compare_single_p_907_with_base_x3,compare_single_p_907_resume,base,desc_l2l1,FMCAD08/Int/memory1/DRAGON_all2_e3_4612_e8_5861.lus,Unsafe,Unsafe,0.028000,0.027000,0.964286,-0.001000,win
compare_single_p_907_with_base_x3,compare_single_p_907_resume,base,desc_l2l1,FMCAD08/Int/memory1/DRAGON_all_e1_4022_e3_3628.lus,Safe,Safe,0.160000,0.166000,1.037500,0.006000,loss
compare_single_p_907_with_base_x3,compare_single_p_907_resume,base,desc_l2l1,FMCAD08/Int/memory1/DRAGON_all2_e7_5406_e3_506.lus,Unsafe,Unsafe,0.028000,0.027000,0.964286,-0.001000,win
compare_single_p_907_with_base_x3,compare_single_p_907_resume,base,desc_l2l1,FMCAD08/Int/memory1/FIREFLY_all_e2_2924_e1_768.lus,Safe,Safe,0.127000,0.150000,1.181102,0.023000,loss
compare_single_p_907_with_base_x3,compare_single_p_907_resume,base,desc_l2l1,FMCAD08/Int/memory1/FIREFLY_8_e2_1711_e3_1753.lus,Safe,Safe,0.044000,0.044000,1.000000,0.000000,tie
compare_single_p_907_with_base_x3,compare_single_p_907_resume,base,desc_l2l1,FMCAD08/Int/memory1/DRAGON_1_e2_1997.lus,Safe,Safe,0.088000,0.130000,1.477273,0.042000,loss
compare_single_p_907_with_base_x3,compare_single_p_907_resume,base,desc_l2l1,FMCAD08/Int/memory1/FIREFLY_4_e3_3511_e4_1464.lus,Unsafe,Unsafe,0.585000,0.372000,0.635897,-0.213000,win
compare_single_p_907_with_base_x3,compare_single_p_907_resume,base,desc_l2l1,FMCAD08/Int/memory1/DRAGON_7_e2_2872_e2_5844.lus,Safe,Safe,0.117000,0.114000,0.974359,-0.003000,win
compare_single_p_907_with_base_x3,compare_single_p_907_resume,base,desc_l2l1,FMCAD08/Int/memory1/DRAGON_1_e1_5070.lus,Safe,Safe,0.061000,0.060000,0.983607,-0.001000,win
compare_single_p_907_with_base_x3,compare_single_p_907_resume,base,desc_l2l1,FMCAD08/Int/memory1/DRAGON_10_e3_144_e5_2046.lus,Safe,Safe,0.087000,0.094000,1.080460,0.007000,loss
compare_single_p_907_with_base_x3,compare_single_p_907_resume,base,desc_l2l1,FMCAD08/Int/memory1/FIREFLY_all_e3_1600_e2_676.lus,Unsafe,Unsafe,0.046000,0.046000,1.000000,0.000000,tie
compare_single_p_907_with_base_x3,compare_single_p_907_resume,base,desc_l2l1,FMCAD08/Int/memory1/DRAGON_all2_e2_2073_e8_3691.lus,Unsafe,Unsafe,0.029000,0.027000,0.931034,-0.002000,win
compare_single_p_907_with_base_x3,compare_single_p_907_resume,base,desc_l2l1,FMCAD08/Int/memory1/DRAGON_4_e3_1540_e1_5048.lus,Safe,Safe,2.717000,3.216000,1.183658,0.499000,loss
compare_single_p_907_with_base_x3,compare_single_p_907_resume,base,desc_l2l1,FMCAD08/Int/memory1/DRAGON_13_e7_2336_e3_3117.lus,Unsafe,Unsafe,0.024000,0.023000,0.958333,-0.001000,win
compare_single_p_907_with_base_x3,compare_single_p_907_resume,base,desc_l2l1,FMCAD08/Int/memory1/FIREFLY_a3_e3_314_e1_1979.lus,Unsafe,Unsafe,0.723000,0.703000,0.972337,-0.020000,win
compare_single_p_907_with_base_x3,compare_single_p_907_resume,base,desc_l2l1,FMCAD08/Int/memory1/FIREFLY_u1_e2_3403_e2_957.lus,Safe,Safe,5.117000,226.137000,44.193277,221.020000,loss
compare_single_p_907_with_base_x3,compare_single_p_907_resume,base,desc_l2l1,FMCAD08/Int/memory1/FIREFLY_luke_1a.lus,Timeout,Timeout,,,,,unsolved_both
compare_single_p_907_with_base_x3,compare_single_p_907_resume,base,desc_l2l1,FMCAD08/Int/memory1/FIREFLY_rt_e3_1770_e2_637.lus,Safe,Safe,0.549000,0.551000,1.003643,0.002000,loss
compare_single_p_907_with_base_x3,compare_single_p_907_resume,base,desc_l2l1,FMCAD08/Int/memory1/DRAGON_14_e7_3162_e3_4298.lus,Unsafe,Unsafe,0.862000,0.613000,0.711137,-0.249000,win
compare_single_p_907_with_base_x3,compare_single_p_907_resume,base,desc_l2l1,FMCAD08/Int/memory1/DRAGON_1_e2_1997_e7_3613_e2_3409.lus,Safe,Safe,0.061000,0.063000,1.032787,0.002000,loss
compare_single_p_907_with_base_x3,compare_single_p_907_resume,base,desc_l2l1,FMCAD08/Int/memory1/FIREFLY_luke_1b_e3_671_e7_1882.lus,Unsafe,Unsafe,0.020000,0.020000,1.000000,0.000000,tie
compare_single_p_907_with_base_x3,compare_single_p_907_resume,base,desc_l2l1,FMCAD08/Int/memory1/DRAGON_all2_e3_4612_e3_1543.lus,Timeout,Timeout,,,,,unsolved_both
compare_single_p_907_with_base_x3,compare_single_p_907_resume,base,desc_l2l1,FMCAD08/Int/memory1/DRAGON_7_e7_3157_e2_2082.lus,Safe,Safe,0.130000,0.128000,0.984615,-0.002000,win
compare_single_p_907_with_base_x3,compare_single_p_907_resume,base,desc_l2l1,FMCAD08/Int/memory1/FIREFLY_luke_1b_e1_1691.lus,Unsafe,Unsafe,0.045000,0.042000,0.933333,-0.003000,win
compare_single_p_907_with_base_x3,compare_single_p_907_resume,base,desc_l2l1,FMCAD08/Int/memory1/FIREFLY_all_e2_2924_e3_3946.lus,Unsafe,Unsafe,0.096000,0.078000,0.812500,-0.018000,win
compare_single_p_907_with_base_x3,compare_single_p_907_resume,base,desc_l2l1,FMCAD08/Int/memory1/FIREFLY_luke_1b_e2_3049_e2_698.lus,Unsafe,Unsafe,0.042000,0.043000,1.023810,0.001000,loss
compare_single_p_907_with_base_x3,compare_single_p_907_resume,base,desc_l2l1,FMCAD08/Int/memory1/FIREFLY_5_e2_2884_e2_1492.lus,Safe,Safe,0.063000,0.065000,1.031746,0.002000,loss
compare_single_p_907_with_base_x3,compare_single_p_907_resume,base,desc_l2l1,FMCAD08/Int/memory1/FIREFLY_luke_1a_e7_3042_e3_1213.lus,Timeout,Safe,190.424000,10.693000,,,newly_solved
compare_single_p_907_with_base_x3,compare_single_p_907_resume,base,desc_l2l1,FMCAD08/Int/memory1/DRAGON_3_e3_3846.lus,Safe,Safe,0.067000,0.068000,1.014925,0.001000,loss
compare_single_p_907_with_base_x3,compare_single_p_907_resume,base,desc_l2l1,FMCAD08/Int/memory1/FIREFLY_5_e1_2552_e7_1169.lus,Safe,Safe,0.047000,0.047000,1.000000,0.000000,tie
compare_single_p_907_with_base_x3,compare_single_p_907_resume,base,desc_l2l1,FMCAD08/Int/memory1/FIREFLY_3_e2_2236_e1_2305.lus,Safe,Safe,0.046000,0.046000,1.000000,0.000000,tie
compare_single_p_907_with_base_x3,compare_single_p_907_resume,base,desc_l2l1,FMCAD08/Int/memory1/FIREFLY_all_e3_1600_e3_2055.lus,Unsafe,Unsafe,0.064000,0.100000,1.562500,0.036000,loss
compare_single_p_907_with_base_x3,compare_single_p_907_resume,base,desc_l2l1,FMCAD08/Int/memory1/FIREFLY_luke_1b_e2_3049_e1_946.lus,Safe,Safe,0.045000,0.045000,1.000000,0.000000,tie
compare_single_p_907_with_base_x3,compare_single_p_907_resume,base,desc_l2l1,FMCAD08/Int/memory1/FIREFLY_1_e1_1092.lus,Unsafe,Unsafe,0.052000,0.054000,1.038462,0.002000,loss
compare_single_p_907_with_base_x3,compare_single_p_907_resume,base,desc_l2l1,FMCAD08/Int/memory1/DRAGON_10.lus,Safe,Safe,0.084000,0.090000,1.071429,0.006000,loss
compare_single_p_907_with_base_x3,compare_single_p_907_resume,base,desc_l2l1,FMCAD08/Int/simulation/metros_4_e1_917.lus,Timeout,Timeout,225.396000,291.057000,,,unsolved_both
compare_single_p_907_with_base_x3,compare_single_p_907_resume,base,desc_l2l1,FMCAD08/Int/simulation/metros_1_e1_846_e2_1394.lus,Safe,Safe,0.946000,0.715000,0.755814,-0.231000,win
compare_single_p_907_with_base_x3,compare_single_p_907_resume,base,desc_l2l1,FMCAD08/Int/simulation/car_4_e7_592_e7_265.lus,Safe,Safe,0.044000,0.042000,0.954545,-0.002000,win
compare_single_p_907_with_base_x3,compare_single_p_907_resume,base,desc_l2l1,FMCAD08/Int/simulation/car_all_e8_856.lus,Safe,Safe,0.285000,0.278000,0.975439,-0.007000,win
compare_single_p_907_with_base_x3,compare_single_p_907_resume,base,desc_l2l1,FMCAD08/Int/simulation/PRODUCER_CONSUMER_all.lus,Safe,Safe,0.053000,0.053000,1.000000,0.000000,tie
compare_single_p_907_with_base_x3,compare_single_p_907_resume,base,desc_l2l1,FMCAD08/Int/simulation/car_4_e3_57_e6_784.lus,Safe,Safe,0.045000,0.045000,1.000000,0.000000,tie
compare_single_p_907_with_base_x3,compare_single_p_907_resume,base,desc_l2l1,FMCAD08/Int/simulation/metros_2_e1_190.lus,Safe,Safe,69.065000,90.762000,1.314153,21.697000,loss
compare_single_p_907_with_base_x3,compare_single_p_907_resume,base,desc_l2l1,FMCAD08/Int/simulation/metros_4_e3_1025.lus,Timeout,Unsafe,0.832000,28.571000,,,newly_solved
compare_single_p_907_with_base_x3,compare_single_p_907_resume,base,desc_l2l1,FMCAD08/Int/simulation/car_3_e8_33_e1_856.lus,Unsafe,Unsafe,0.043000,0.026000,0.604651,-0.017000,win
compare_single_p_907_with_base_x3,compare_single_p_907_resume,base,desc_l2l1,FMCAD08/Int/simulation/car_5_e7_244_e2_693.lus,Unsafe,Unsafe,0.474000,0.496000,1.046414,0.022000,loss
compare_single_p_907_with_base_x3,compare_single_p_907_resume,base,desc_l2l1,FMCAD08/Int/simulation/metros_4_e2_968_e5_991.lus,Timeout,Unsafe,290.240000,55.724000,,,newly_solved
compare_single_p_907_with_base_x3,compare_single_p_907_resume,base,desc_l2l1,FMCAD08/Int/simulation/PRODUCER_CONSUMER_3.lus,Safe,Safe,0.035000,0.036000,1.028571,0.001000,loss
compare_single_p_907_with_base_x3,compare_single_p_907_resume,base,desc_l2l1,FMCAD08/Int/simulation/metros_1_e1_846_e1_1317.lus,Safe,Safe,0.471000,1.120000,2.377919,0.649000,loss
compare_single_p_907_with_base_x3,compare_single_p_907_resume,base,desc_l2l1,FMCAD08/Int/simulation/car_all_e3_1068_e4_275.lus,Safe,Safe,0.199000,0.163000,0.819095,-0.036000,win
compare_single_p_907_with_base_x3,compare_single_p_907_resume,base,desc_l2l1,FMCAD08/Int/simulation/PRODUCER_CONSUMER_vt_e7_1059_e8_1111.lus,Timeout,Timeout,,,,,unsolved_both
compare_single_p_907_with_base_x3,compare_single_p_907_resume,base,desc_l2l1,FMCAD08/Int/simulation/metros_4_e1_821_e5_911.lus,Timeout,Timeout,,,,,unsolved_both
compare_single_p_907_with_base_x3,compare_single_p_907_resume,base,desc_l2l1,FMCAD08/Int/simulation/car_3_e7_626.lus,Safe,Safe,0.080000,0.079000,0.987500,-0.001000,win
compare_single_p_907_with_base_x3,compare_single_p_907_resume,base,desc_l2l1,FMCAD08/Int/simulation/PRODUCER_CONSUMER_vt.lus,Timeout,Timeout,,,,,unsolved_both
compare_single_p_907_with_base_x3,compare_single_p_907_resume,base,desc_l2l1,FMCAD08/Int/simulation/metros_4.lus,Timeout,Timeout,,,,,unsolved_both
compare_single_p_907_with_base_x3,compare_single_p_907_resume,base,desc_l2l1,FMCAD08/Int/simulation/car_2_e8_491_e7_826.lus,Safe,Safe,0.076000,0.078000,1.026316,0.002000,loss
compare_single_p_907_with_base_x3,compare_single_p_907_resume,base,desc_l2l1,FMCAD08/Int/simulation/car_all.lus,Safe,Safe,0.260000,0.211000,0.811538,-0.049000,win
compare_single_p_907_with_base_x3,compare_single_p_907_resume,base,desc_l2l1,FMCAD08/Int/simulation/car_all_e8_856_e3_180.lus,Unsafe,Unsafe,0.014000,0.031000,2.214286,0.017000,loss
compare_single_p_907_with_base_x3,compare_single_p_907_resume,base,desc_l2l1,FMCAD08/Int/simulation/metros_3.lus,Timeout,Timeout,,,,,unsolved_both
compare_single_p_907_with_base_x3,compare_single_p_907_resume,base,desc_l2l1,FMCAD08/Int/simulation/car_5_e2_405_e8_1055.lus,Unsafe,Unsafe,0.518000,0.518000,1.000000,0.000000,tie
compare_single_p_907_with_base_x3,compare_single_p_907_resume,base,desc_l2l1,FMCAD08/Int/simulation/metros_1_e8_725_e3_556.lus,Safe,Safe,0.157000,0.147000,0.936306,-0.010000,win
compare_single_p_907_with_base_x3,compare_single_p_907_resume,base,desc_l2l1,FMCAD08/Int/simulation/metros_4_e3_1091_e3_522.lus,Safe,Safe,0.383000,0.390000,1.018277,0.007000,loss
compare_single_p_907_with_base_x3,compare_single_p_907_resume,base,desc_l2l1,FMCAD08/Int/simulation/metros_2_e2_704_e7_810.lus,Unsafe,Unsafe,2.742000,16.280000,5.937272,13.538000,loss
compare_single_p_907_with_base_x3,compare_single_p_907_resume,base,desc_l2l1,FMCAD08/Int/simulation/metros_4_e2_968_e6_236.lus,Unsafe,Timeout,27.338000,281.023000,,,regressed
compare_single_p_907_with_base_x3,compare_single_p_907_resume,base,desc_l2l1,FMCAD08/Int/simulation/metros_2_e1_1116_e1_556.lus,Unsafe,Unsafe,40.387000,12.151000,0.300864,-28.236000,win
compare_single_p_907_with_base_x3,compare_single_p_907_resume,base,desc_l2l1,FMCAD08/Int/simulation/metros_2_e2_704_e1_389.lus,Unsafe,Unsafe,6.114000,9.053000,1.480700,2.939000,loss
compare_single_p_907_with_base_x3,compare_single_p_907_resume,base,desc_l2l1,FMCAD08/Int/simulation/car_6_e2_589_e2_506.lus,Unsafe,Unsafe,0.526000,0.521000,0.990494,-0.005000,win
compare_single_p_907_with_base_x3,compare_single_p_907_resume,base,desc_l2l1,FMCAD08/Int/simulation/speed_e7_207.lus,Safe,Safe,0.026000,0.025000,0.961538,-0.001000,win
compare_single_p_907_with_base_x3,compare_single_p_907_resume,base,desc_l2l1,FMCAD08/Int/simulation/metros_3_e3_1275_e1_1350.lus,Timeout,Unsafe,52.494000,152.829000,,,newly_solved
compare_single_p_907_with_base_x3,compare_single_p_907_resume,base,desc_l2l1,FMCAD08/Int/simulation/metros_1_e1_846_e7_397.lus,Safe,Safe,0.997000,0.440000,0.441324,-0.557000,win
compare_single_p_907_with_base_x3,compare_single_p_907_resume,base,desc_l2l1,FMCAD08/Int/simulation/metros_2_e2_968.lus,Unsafe,Unsafe,45.466000,13.264000,0.291734,-32.202000,win
compare_single_p_907_with_base_x3,compare_single_p_907_resume,base,desc_l2l1,FMCAD08/Int/simulation/cd_e7_621_e7_669.lus,Unsafe,Unsafe,1.279000,0.381000,0.297889,-0.898000,win
compare_single_p_907_with_base_x3,compare_single_p_907_resume,base,desc_l2l1,FMCAD08/Int/simulation/car_all_e3_1068_e3_163.lus,Unsafe,Unsafe,0.014000,0.013000,0.928571,-0.001000,win
compare_single_p_907_with_base_x3,compare_single_p_907_resume,base,desc_l2l1,FMCAD08/Int/simulation/metros_2_e2_704_e2_13.lus,Safe,Safe,0.812000,0.716000,0.881773,-0.096000,win
compare_single_p_907_with_base_x3,compare_single_p_907_resume,base,desc_l2l1,FMCAD08/Int/simulation/metros_4_e5_1150.lus,Timeout,Timeout,,,,,unsolved_both
compare_single_p_907_with_base_x3,compare_single_p_907_resume,base,desc_l2l1,FMCAD08/Int/simulation/hysteresis_1.lus,Safe,Safe,0.025000,0.025000,1.000000,0.000000,tie
compare_single_p_907_with_base_x3,compare_single_p_907_resume,base,desc_l2l1,FMCAD08/Int/simulation/metros_1_e7_606.lus,Safe,Safe,0.801000,1.419000,1.771536,0.618000,loss
compare_single_p_907_with_base_x3,compare_single_p_907_resume,base,desc_l2l1,FMCAD08/Int/simulation/hysteresis_3.lus,Safe,Safe,0.112000,0.107000,0.955357,-0.005000,win
compare_single_p_907_with_base_x3,compare_single_p_907_resume,base,desc_l2l1,FMCAD08/Int/simulation/fast_1_e8_751.lus,Safe,Safe,0.187000,0.171000,0.914439,-0.016000,win
compare_single_p_907_with_base_x3,compare_single_p_907_resume,base,desc_l2l1,FMCAD08/Int/simulation/metros_3_e3_1275_e7_529.lus,Timeout,Unsafe,0.911000,67.284000,,,newly_solved
compare_single_p_907_with_base_x3,compare_single_p_907_resume,base,desc_l2l1,FMCAD08/Int/simulation/PRODUCER_CONSUMER_vt_e3_507.lus,Timeout,Timeout,,,,,unsolved_both
compare_single_p_907_with_base_x3,compare_single_p_907_resume,base,desc_l2l1,FMCAD08/Int/simulation/car_3_e2_695.lus,Safe,Safe,0.037000,0.035000,0.945946,-0.002000,win
compare_single_p_907_with_base_x3,compare_single_p_907_resume,base,desc_l2l1,FMCAD08/Int/simulation/car_5_e2_405_e2_1083.lus,Unsafe,Unsafe,0.501000,0.522000,1.041916,0.021000,loss
compare_single_p_907_with_base_x3,compare_single_p_907_resume,base,desc_l2l1,FMCAD08/Int/simulation/fast_1.lus,Safe,Safe,0.194000,0.174000,0.896907,-0.020000,win
compare_single_p_907_with_base_x3,compare_single_p_907_resume,base,desc_l2l1,FMCAD08/Int/simulation/car_6_e2_589_e3_349.lus,Unsafe,Unsafe,0.561000,0.554000,0.987522,-0.007000,win
compare_single_p_907_with_base_x3,compare_single_p_907_resume,base,desc_l2l1,FMCAD08/Int/simulation/fast_2.lus,Safe,Safe,0.299000,0.282000,0.943144,-0.017000,win
compare_single_p_907_with_base_x3,compare_single_p_907_resume,base,desc_l2l1,FMCAD08/Int/simulation/fast_1_e8_747_e7_692.lus,Unsafe,Unsafe,0.023000,0.023000,1.000000,0.000000,tie
compare_single_p_907_with_base_x3,compare_single_p_907_resume,base,desc_l2l1,FMCAD08/Int/simulation/metros_1_e2_627.lus,Safe,Safe,0.753000,1.124000,1.492696,0.371000,loss
compare_single_p_907_with_base_x3,compare_single_p_907_resume,base,desc_l2l1,FMCAD08/Int/simulation/metros_2_e2_704_e3_76.lus,Unsafe,Unsafe,1.617000,1.689000,1.044527,0.072000,loss
compare_single_p_907_with_base_x3,compare_single_p_907_resume,base,desc_l2l1,FMCAD08/Int/simulation/speed_e8_649.lus,Safe,Safe,0.025000,0.025000,1.000000,0.000000,tie
compare_single_p_907_with_base_x3,compare_single_p_907_resume,base,desc_l2l1,FMCAD08/Int/simulation/speed2.lus,Safe,Safe,0.111000,0.092000,0.828829,-0.019000,win
compare_single_p_907_with_base_x3,compare_single_p_907_resume,base,desc_l2l1,FMCAD08/Int/simulation/car_3_e8_33_e2_1010.lus,Safe,Safe,0.034000,0.034000,1.000000,0.000000,tie
compare_single_p_907_with_base_x3,compare_single_p_907_resume,base,desc_l2l1,FMCAD08/Int/simulation/metros_3_e4_987_e2_80.lus,Timeout,Unsafe,280.616000,242.272000,,,newly_solved
compare_single_p_907_with_base_x3,compare_single_p_907_resume,base,desc_l2l1,FMCAD08/Int/simulation/car_4_e8_118_e3_514.lus,Unsafe,Unsafe,0.013000,0.013000,1.000000,0.000000,tie
compare_single_p_907_with_base_x3,compare_single_p_907_resume,base,desc_l2l1,FMCAD08/Int/simulation/fast_1_e7_2044.lus,Unsafe,Unsafe,0.023000,0.023000,1.000000,0.000000,tie
compare_single_p_907_with_base_x3,compare_single_p_907_resume,base,desc_l2l1,FMCAD08/Int/simulation/metros_4_e2_968.lus,Timeout,Unsafe,0.437000,21.532000,,,newly_solved
compare_single_p_907_with_base_x3,compare_single_p_907_resume,base,desc_l2l1,FMCAD08/Int/simulation/metros_2.lus,Safe,Safe,95.707000,153.207000,1.600792,57.500000,loss
compare_single_p_907_with_base_x3,compare_single_p_907_resume,base,desc_l2l1,FMCAD08/Int/simulation/car_6_e3_294_e5_979.lus,Unsafe,Unsafe,1.111000,0.653000,0.587759,-0.458000,win
compare_single_p_907_with_base_x3,compare_single_p_907_resume,base,desc_l2l1,FMCAD08/Int/simulation/metros_3_e3_1275_e5_846.lus,Unsafe,Unsafe,279.546000,85.133000,0.304540,-194.413000,win
compare_single_p_907_with_base_x3,compare_single_p_907_resume,base,desc_l2l1,FMCAD08/Int/simulation/metros_5.lus,Timeout,Timeout,,,,,unsolved_both
compare_single_p_907_with_base_x3,compare_single_p_907_resume,base,desc_l2l1,FMCAD08/Int/simulation/speed2_e8_449_e8_517.lus,Safe,Safe,0.125000,0.124000,0.992000,-0.001000,win
compare_single_p_907_with_base_x3,compare_single_p_907_resume,base,desc_l2l1,FMCAD08/Int/simulation/speed2_e7_223_e8_329.lus,Safe,Safe,0.111000,0.091000,0.819820,-0.020000,win
compare_single_p_907_with_base_x3,compare_single_p_907_resume,base,desc_l2l1,FMCAD08/Int/simulation/PRODUCER_CONSUMMER_luke_2_e7_1068_e8_1019.lus,Timeout,Timeout,,,,,unsolved_both
compare_single_p_907_with_base_x3,compare_single_p_907_resume,base,desc_l2l1,FMCAD08/Int/simulation/fast_2_e8_460_e8_1920.lus,Safe,Safe,0.256000,0.254000,0.992188,-0.002000,win
compare_single_p_907_with_base_x3,compare_single_p_907_resume,base,desc_l2l1,FMCAD08/Int/simulation/speed_e7_207_e7_538.lus,Safe,Safe,0.026000,0.025000,0.961538,-0.001000,win
compare_single_p_907_with_base_x3,compare_single_p_907_resume,base,desc_l2l1,FMCAD08/Int/simulation/metros_3_e3_1275_e2_454.lus,Safe,Safe,0.187000,0.489000,2.614973,0.302000,loss
compare_single_p_907_with_base_x3,compare_single_p_907_resume,base,desc_l2l1,FMCAD08/Int/simulation/fast_2_e7_2526.lus,Unsafe,Unsafe,0.026000,0.026000,1.000000,0.000000,tie
compare_single_p_907_with_base_x3,compare_single_p_907_resume,base,desc_l2l1,FMCAD08/Int/simulation/metros_4_e3_1091_e2_1317.lus,Safe,Safe,0.189000,0.471000,2.492063,0.282000,loss
compare_single_p_907_with_base_x3,compare_single_p_907_resume,base,desc_l2l1,FMCAD08/Int/simulation/fast_2_e7_2526_e7_2736.lus,Unsafe,Unsafe,0.027000,0.026000,0.962963,-0.001000,win
compare_single_p_907_with_base_x3,compare_single_p_907_resume,base,desc_l2l1,FMCAD08/Int/simulation/metros_4_e2_968_e7_860.lus,Unsafe,Timeout,65.146000,267.418000,,,regressed
compare_single_p_907_with_base_x3,compare_single_p_907_resume,base,desc_l2l1,FMCAD08/Int/simulation/car_4_e7_592_e3_442.lus,Unsafe,Unsafe,0.012000,0.013000,1.083333,0.001000,loss
compare_single_p_907_with_base_x3,compare_single_p_907_resume,base,desc_l2l1,FMCAD08/Int/simulation/car_5_e7_244.lus,Safe,Safe,58.863000,131.093000,2.227087,72.230000,loss
compare_single_p_907_with_base_x3,compare_single_p_907_resume,base,desc_l2l1,FMCAD08/Int/simulation/fast_1_e8_747_e8_1041.lus,Safe,Safe,0.170000,0.148000,0.870588,-0.022000,win
compare_single_p_907_with_base_x3,compare_single_p_907_resume,base,desc_l2l1,FMCAD08/Int/simulation/speed2_e8_449.lus,Safe,Safe,0.072000,0.068000,0.944444,-0.004000,win
compare_single_p_907_with_base_x3,compare_single_p_907_resume,base,desc_l2l1,FMCAD08/Int/simulation/car_4_e3_57.lus,Unsafe,Unsafe,0.019000,0.013000,0.684211,-0.006000,win
compare_single_p_907_with_base_x3,compare_single_p_907_resume,base,desc_l2l1,FMCAD08/Int/simulation/metros_1_e8_725_e1_919.lus,Safe,Safe,0.048000,0.057000,1.187500,0.009000,loss
compare_single_p_907_with_base_x3,compare_single_p_907_resume,base,desc_l2l1,FMCAD08/Int/simulation/car_all_e1_618.lus,Unsafe,Unsafe,0.078000,0.068000,0.871795,-0.010000,win
compare_single_p_907_with_base_x3,compare_single_p_907_resume,base,desc_l2l1,FMCAD08/Int/simulation/car_1.lus,Safe,Safe,0.047000,0.047000,1.000000,0.000000,tie
compare_single_p_907_with_base_x3,compare_single_p_907_resume,base,desc_l2l1,FMCAD08/Int/simulation/metros_3_e3_1275_e4_164.lus,Timeout,Unsafe,0.437000,49.762000,,,newly_solved
compare_single_p_907_with_base_x3,compare_single_p_907_resume,base,desc_l2l1,FMCAD08/Int/simulation/fast_2_e8_976.lus,Safe,Safe,0.293000,0.277000,0.945392,-0.016000,win
compare_single_p_907_with_base_x3,compare_single_p_907_resume,base,desc_l2l1,FMCAD08/Int/simulation/Gas.lus,Timeout,Timeout,,,,,unsolved_both
compare_single_p_907_with_base_x3,compare_single_p_907_resume,base,desc_l2l1,FMCAD08/Int/simulation/car_4_e7_592.lus,Safe,Safe,0.088000,0.088000,1.000000,0.000000,tie
compare_single_p_907_with_base_x3,compare_single_p_907_resume,base,desc_l2l1,FMCAD08/Int/simulation/metros_4_e3_1091_e1_1044.lus,Unsafe,Unsafe,195.527000,93.500000,0.478195,-102.027000,win
compare_single_p_907_with_base_x3,compare_single_p_907_resume,base,desc_l2l1,FMCAD08/Int/simulation/metros_1_e2_1102_e7_1163.lus,Safe,Safe,0.845000,0.626000,0.740828,-0.219000,win
compare_single_p_907_with_base_x3,compare_single_p_907_resume,base,desc_l2l1,FMCAD08/Int/simulation/cd.lus,Safe,Safe,10.169000,10.850000,1.066968,0.681000,loss
compare_single_p_907_with_base_x3,compare_single_p_907_resume,base,desc_l2l1,FMCAD08/Int/simulation/metros_2_e1_1116_e7_1440.lus,Unsafe,Unsafe,253.934000,6.727000,0.026491,-247.207000,win
compare_single_p_907_with_base_x3,compare_single_p_907_resume,base,desc_l2l1,FMCAD08/Int/simulation/PRODUCER_CONSUMER_1.lus,Safe,Safe,0.056000,0.055000,0.982143,-0.001000,win
compare_single_p_907_with_base_x3,compare_single_p_907_resume,base,desc_l2l1,FMCAD08/Int/simulation/metros_4_e2_968_e4_801.lus,Timeout,Unsafe,264.388000,47.088000,,,newly_solved
compare_single_p_907_with_base_x3,compare_single_p_907_resume,base,desc_l2l1,FMCAD08/Int/simulation/car_6.lus,Safe,Safe,104.724000,172.810000,1.650147,68.086000,loss
compare_single_p_907_with_base_x3,compare_single_p_907_resume,base,desc_l2l1,FMCAD08/Int/simulation/car_all_e3_1068_e1_178.lus,Unsafe,Unsafe,0.013000,0.014000,1.076923,0.001000,loss
compare_single_p_907_with_base_x3,compare_single_p_907_resume,base,desc_l2l1,FMCAD08/Int/simulation/metros_1_e2_1102_e3_961.lus,Safe,Safe,0.507000,0.659000,1.299803,0.152000,loss
compare_single_p_907_with_base_x3,compare_single_p_907_resume,base,desc_l2l1,FMCAD08/Int/simulation/car_3_e1_586.lus,Unsafe,Unsafe,0.026000,0.027000,1.038462,0.001000,loss
compare_single_p_907_with_base_x3,compare_single_p_907_resume,base,desc_l2l1,FMCAD08/Int/simulation/metros_3_e4_987_e1_1115.lus,Timeout,Timeout,,,,,unsolved_both
compare_single_p_907_with_base_x3,compare_single_p_907_resume,base,desc_l2l1,FMCAD08/Int/simulation/metros_1.lus,Safe,Safe,1.454000,0.673000,0.462861,-0.781000,win
compare_single_p_907_with_base_x3,compare_single_p_907_resume,base,desc_l2l1,FMCAD08/Int/simulation/speed2_e8_449_e7_353.lus,Safe,Safe,0.093000,0.124000,1.333333,0.031000,loss
compare_single_p_907_with_base_x3,compare_single_p_907_resume,base,desc_l2l1,FMCAD08/Int/simulation/metros_1_e1_846_e3_1060.lus,Safe,Safe,0.626000,0.723000,1.154952,0.097000,loss
compare_single_p_907_with_base_x3,compare_single_p_907_resume,base,desc_l2l1,FMCAD08/Int/simulation/metros_2_e1_1116_e2_617.lus,Safe,Safe,0.931000,0.767000,0.823845,-0.164000,win
compare_single_p_907_with_base_x3,compare_single_p_907_resume,base,desc_l2l1,FMCAD08/Int/simulation/car_5_e3_661.lus,Unsafe,Unsafe,0.649000,0.660000,1.016949,0.011000,loss
compare_single_p_907_with_base_x3,compare_single_p_907_resume,base,desc_l2l1,FMCAD08/Int/simulation/car_3_e8_33_e7_220.lus,Safe,Safe,0.075000,0.072000,0.960000,-0.003000,win
compare_single_p_907_with_base_x3,compare_single_p_907_resume,base,desc_l2l1,FMCAD08/Int/simulation/car_5_e2_405_e3_473.lus,Unsafe,Unsafe,0.500000,0.541000,1.082000,0.041000,loss
compare_single_p_907_with_base_x3,compare_single_p_907_resume,base,desc_l2l1,FMCAD08/Int/simulation/car_6_e3_294_e3_47.lus,Unsafe,Unsafe,0.725000,0.690000,0.951724,-0.035000,win
compare_single_p_907_with_base_x3,compare_single_p_907_resume,base,desc_l2l1,FMCAD08/Int/simulation/car_all_e3_1068_e2_13.lus,Unsafe,Unsafe,0.013000,0.014000,1.076923,0.001000,loss
compare_single_p_907_with_base_x3,compare_single_p_907_resume,base,desc_l2l1,FMCAD08/Int/simulation/metros_1_e8_725_e2_1144.lus,Safe,Safe,0.047000,0.048000,1.021277,0.001000,loss
compare_single_p_907_with_base_x3,compare_single_p_907_resume,base,desc_l2l1,FMCAD08/Int/simulation/metros_1_e7_1255_e7_12.lus,Safe,Safe,0.888000,0.988000,1.112613,0.100000,loss
compare_single_p_907_with_base_x3,compare_single_p_907_resume,base,desc_l2l1,FMCAD08/Int/simulation/car_6_e1_152.lus,Safe,Safe,6.011000,11.974000,1.992015,5.963000,loss
compare_single_p_907_with_base_x3,compare_single_p_907_resume,base,desc_l2l1,FMCAD08/Int/simulation/PRODUCER_CONSUMER_vt_e2_1352.lus,Timeout,Timeout,,,,,unsolved_both
compare_single_p_907_with_base_x3,compare_single_p_907_resume,base,desc_l2l1,FMCAD08/Int/simulation/car_5_e7_244_e1_823.lus,Safe,Safe,51.139000,7.097000,0.138779,-44.042000,win
compare_single_p_907_with_base_x3,compare_single_p_907_resume,base,desc_l2l1,FMCAD08/Int/simulation/car_all_e3_1068_e5_882.lus,Unsafe,Unsafe,0.013000,0.013000,1.000000,0.000000,tie
compare_single_p_907_with_base_x3,compare_single_p_907_resume,base,desc_l2l1,FMCAD08/Int/simulation/metros_4_e2_968_e2_1166.lus,Safe,Safe,0.289000,0.265000,0.916955,-0.024000,win
compare_single_p_907_with_base_x3,compare_single_p_907_resume,base,desc_l2l1,FMCAD08/Int/simulation/cd_e7_8.lus,Unsafe,Unsafe,1.028000,0.258000,0.250973,-0.770000,win
compare_single_p_907_with_base_x3,compare_single_p_907_resume,base,desc_l2l1,FMCAD08/Int/simulation/car_all_e8_856_e2_585.lus,Safe,Safe,0.140000,0.143000,1.021429,0.003000,loss
compare_single_p_907_with_base_x3,compare_single_p_907_resume,base,desc_l2l1,FMCAD08/Int/simulation/car_6_e2_893.lus,Unsafe,Unsafe,0.521000,0.540000,1.036468,0.019000,loss
compare_single_p_907_with_base_x3,compare_single_p_907_resume,base,desc_l2l1,FMCAD08/Int/simulation/PRODUCER_CONSUMMER_luke_2.lus,Timeout,Timeout,,,,,unsolved_both
compare_single_p_907_with_base_x3,compare_single_p_907_resume,base,desc_l2l1,FMCAD08/Int/simulation/metros_1_e8_725.lus,Safe,Safe,0.048000,0.050000,1.041667,0.002000,loss
compare_single_p_907_with_base_x3,compare_single_p_907_resume,base,desc_l2l1,FMCAD08/Int/simulation/car_all_e8_856_e1_217.lus,Unsafe,Unsafe,0.122000,0.124000,1.016393,0.002000,loss
compare_single_p_907_with_base_x3,compare_single_p_907_resume,base,desc_l2l1,FMCAD08/Int/simulation/speed2_e7_223_e7_213.lus,Safe,Safe,0.111000,0.112000,1.009009,0.001000,loss
compare_single_p_907_with_base_x3,compare_single_p_907_resume,base,desc_l2l1,FMCAD08/Int/simulation/car_2.lus,Safe,Safe,0.079000,0.085000,1.075949,0.006000,loss
compare_single_p_907_with_base_x3,compare_single_p_907_resume,base,desc_l2l1,FMCAD08/Int/simulation/metros_1_e2_1102_e2_943.lus,Safe,Safe,0.516000,0.471000,0.912791,-0.045000,win
compare_single_p_907_with_base_x3,compare_single_p_907_resume,base,desc_l2l1,FMCAD08/Int/simulation/metros_3_e3_1275_e6_1315.lus,Timeout,Timeout,,,,,unsolved_both
compare_single_p_907_with_base_x3,compare_single_p_907_resume,base,desc_l2l1,FMCAD08/Int/simulation/car_6_e1_152_e1_391.lus,Safe,Safe,4.390000,4.312000,0.982232,-0.078000,win
compare_single_p_907_with_base_x3,compare_single_p_907_resume,base,desc_l2l1,FMCAD08/Int/simulation/fast_1_e7_2044_e7_1287.lus,Unsafe,Unsafe,0.022000,0.023000,1.045455,0.001000,loss
compare_single_p_907_with_base_x3,compare_single_p_907_resume,base,desc_l2l1,FMCAD08/Int/simulation/metros_4_e3_1091_e4_232.lus,Unsafe,Unsafe,143.971000,22.016000,0.152920,-121.955000,win
compare_single_p_907_with_base_x3,compare_single_p_907_resume,base,desc_l2l1,FMCAD08/Int/simulation/car_3.lus,Safe,Safe,0.084000,0.084000,1.000000,0.000000,tie
compare_single_p_907_with_base_x3,compare_single_p_907_resume,base,desc_l2l1,FMCAD08/Int/simulation/car_5.lus,Safe,Safe,66.360000,75.597000,1.139195,9.237000,loss
compare_single_p_907_with_base_x3,compare_single_p_907_resume,base,desc_l2l1,FMCAD08/Int/simulation/PRODUCER_CONSUMER_2.lus,Safe,Safe,0.038000,0.036000,0.947368,-0.002000,win
compare_single_p_907_with_base_x3,compare_single_p_907_resume,base,desc_l2l1,FMCAD08/Int/simulation/speed_e7_207_e8_507.lus,Safe,Safe,0.025000,0.025000,1.000000,0.000000,tie
compare_single_p_907_with_base_x3,compare_single_p_907_resume,base,desc_l2l1,FMCAD08/Int/simulation/metros_4_e2_968_e1_956.lus,Timeout,Unsafe,58.778000,16.882000,,,newly_solved
compare_single_p_907_with_base_x3,compare_single_p_907_resume,base,desc_l2l1,FMCAD08/Int/simulation/hysteresis_all.lus,Safe,Safe,0.131000,0.178000,1.358779,0.047000,loss
compare_single_p_907_with_base_x3,compare_single_p_907_resume,base,desc_l2l1,FMCAD08/Int/simulation/metros_2_e3_112.lus,Unsafe,Unsafe,66.992000,94.186000,1.405929,27.194000,loss
compare_single_p_907_with_base_x3,compare_single_p_907_resume,base,desc_l2l1,FMCAD08/Int/simulation/car_4.lus,Safe,Safe,0.047000,0.046000,0.978723,-0.001000,win
compare_single_p_907_with_base_x3,compare_single_p_907_resume,base,desc_l2l1,FMCAD08/Int/simulation/hysteresis_2.lus,Safe,Safe,0.125000,0.113000,0.904000,-0.012000,win
compare_single_p_907_with_base_x3,compare_single_p_907_resume,base,desc_l2l1,FMCAD08/Int/simulation/car_all_e7_188_e7_743.lus,Safe,Safe,0.264000,0.273000,1.034091,0.009000,loss
compare_single_p_907_with_base_x3,compare_single_p_907_resume,base,desc_l2l1,FMCAD08/Int/simulation/fast_2_e8_460_e7_43.lus,Unsafe,Unsafe,0.027000,0.026000,0.962963,-0.001000,win
compare_single_p_907_with_base_x3,compare_single_p_907_resume,base,desc_l2l1,FMCAD08/Int/simulation/car_1_e7_184_e3_299.lus,Safe,Safe,0.046000,0.088000,1.913043,0.042000,loss
compare_single_p_907_with_base_x3,compare_single_p_907_resume,base,desc_l2l1,FMCAD08/Int/simulation/car_4_e8_118.lus,Safe,Safe,0.066000,0.035000,0.530303,-0.031000,win
compare_single_p_907_with_base_x3,compare_single_p_907_resume,base,desc_l2l1,FMCAD08/Int/simulation/metros_3_e4_987_e3_291.lus,Timeout,Timeout,0.775000,235.214000,,,unsolved_both
compare_single_p_907_with_base_x3,compare_single_p_907_resume,base,desc_l2l1,FMCAD08/Int/simulation/car_2_e7_1027_e7_359.lus,Safe,Safe,0.079000,0.111000,1.405063,0.032000,loss
compare_single_p_907_with_base_x3,compare_single_p_907_resume,base,desc_l2l1,FMCAD08/Int/simulation/metros_3_e4_987.lus,Timeout,Timeout,,,,,unsolved_both
compare_single_p_907_with_base_x3,compare_single_p_907_resume,base,desc_l2l1,FMCAD08/Int/simulation/car_5_e3_11_e1_429.lus,Unsafe,Unsafe,0.629000,0.652000,1.036566,0.023000,loss
compare_single_p_907_with_base_x3,compare_single_p_907_resume,base,desc_l2l1,FMCAD08/Int/simulation/car_all_e1_618_e3_303.lus,Unsafe,Unsafe,0.069000,0.066000,0.956522,-0.003000,win
compare_single_p_907_with_base_x3,compare_single_p_907_resume,base,desc_l2l1,FMCAD08/Int/simulation/speed2_e7_496.lus,Safe,Safe,0.131000,0.152000,1.160305,0.021000,loss
compare_single_p_907_with_base_x3,compare_single_p_907_resume,base,desc_l2l1,FMCAD08/Int/simulation/car_4_e3_57_e5_999.lus,Unsafe,Unsafe,0.046000,0.013000,0.282609,-0.033000,win
compare_single_p_907_with_base_x3,compare_single_p_907_resume,base,desc_l2l1,FMCAD08/Int/simulation/car_2_e7_1027_e1_1047.lus,Safe,Safe,0.082000,0.081000,0.987805,-0.001000,win
compare_single_p_907_with_base_x3,compare_single_p_907_resume,base,desc_l2l1,FMCAD08/Int/simulation/metros_1_e2_1102_e1_317.lus,Safe,Safe,0.916000,1.566000,1.709607,0.650000,loss
compare_single_p_907_with_base_x3,compare_single_p_907_resume,base,desc_l2l1,FMCAD08/Int/simulation/metros_2_e1_1116_e3_287.lus,Unsafe,Unsafe,1.487000,2.630000,1.768662,1.143000,loss
compare_single_p_907_with_base_x3,compare_single_p_907_resume,base,desc_l2l1,FMCAD08/Int/simulation/metros_4_e2_968_e3_931.lus,Safe,Safe,0.299000,0.404000,1.351171,0.105000,loss
compare_single_p_907_with_base_x3,compare_single_p_907_resume,base,desc_l2l1,FMCAD08/Int/simulation/car_4_e8_118_e7_178.lus,Safe,Safe,0.090000,0.095000,1.055556,0.005000,loss
compare_single_p_907_with_base_x3,compare_single_p_907_resume,base,desc_l2l1,FMCAD08/Int/simulation/car_5_e7_244_e3_1071.lus,Unsafe,Unsafe,0.606000,0.612000,1.009901,0.006000,loss
compare_single_p_907_with_base_x3,compare_single_p_907_resume,base,desc_l2l1,FMCAD08/Int/simulation/speed_e8_649_e7_709.lus,Safe,Safe,0.025000,0.026000,1.040000,0.001000,loss
compare_single_p_907_with_base_x3,compare_single_p_907_resume,base,desc_l2l1,FMCAD08/Int/simulation/car_all_e8_856_e7_578.lus,Safe,Safe,0.251000,0.375000,1.494024,0.124000,loss
compare_single_p_907_with_base_x3,compare_single_p_907_resume,base,desc_l2l1,FMCAD08/Int/simulation/metros_3_e3_1275_e3_640.lus,Safe,Safe,0.343000,0.376000,1.096210,0.033000,loss
compare_single_p_907_with_base_x3,compare_single_p_907_resume,base,desc_l2l1,FMCAD08/Int/simulation/car_all_e2_142_e7_209.lus,Safe,Safe,0.194000,0.157000,0.809278,-0.037000,win
compare_single_p_907_with_base_x3,compare_single_p_907_resume,base,desc_l2l1,FMCAD08/Int/simulation/car_3_e8_33.lus,Safe,Safe,0.081000,0.082000,1.012346,0.001000,loss
compare_single_p_907_with_base_x3,compare_single_p_907_resume,base,desc_l2l1,FMCAD08/Int/simulation/car_5_e3_11_e5_24.lus,Unsafe,Unsafe,0.632000,0.664000,1.050633,0.032000,loss
compare_single_p_907_with_base_x3,compare_single_p_907_resume,base,desc_l2l1,FMCAD08/Int/simulation/car_4_e3_57_e4_1047.lus,Safe,Safe,0.034000,0.034000,1.000000,0.000000,tie
compare_single_p_907_with_base_x3,compare_single_p_907_resume,base,desc_l2l1,FMCAD08/Int/simulation/car_all_e2_142.lus,Safe,Safe,0.201000,0.162000,0.805970,-0.039000,win
compare_single_p_907_with_base_x3,compare_single_p_907_resume,base,desc_l2l1,FMCAD08/Int/simulation/metros_3_e3_1275.lus,Timeout,Unsafe,0.836000,60.435000,,,newly_solved
compare_single_p_907_with_base_x3,compare_single_p_907_resume,base,desc_l2l1,FMCAD08/Int/simulation/PRODUCER_CONSUMMER_luke_1.lus,Unsafe,Unsafe,0.013000,0.014000,1.076923,0.001000,loss
compare_single_p_907_with_base_x3,compare_single_p_907_resume,base,desc_l2l1,FMCAD08/Int/simulation/car_6_e3_294_e1_956.lus,Unsafe,Unsafe,0.657000,0.670000,1.019787,0.013000,loss
compare_single_p_907_with_base_x3,compare_single_p_907_resume,base,desc_l2l1,FMCAD08/Int/simulation/car_3_e7_626_e1_305.lus,Unsafe,Unsafe,0.026000,0.026000,1.000000,0.000000,tie
compare_single_p_907_with_base_x3,compare_single_p_907_resume,base,desc_l2l1,FMCAD08/Int/simulation/metros_5_e4_1208_e1_337.lus,Timeout,Timeout,,,,,unsolved_both
compare_single_p_907_with_base_x3,compare_single_p_907_resume,base,desc_l2l1,FMCAD08/Int/simulation/car_all_e3_1068.lus,Unsafe,Unsafe,0.013000,0.014000,1.076923,0.001000,loss
compare_single_p_907_with_base_x3,compare_single_p_907_resume,base,desc_l2l1,FMCAD08/Int/memory2/SYNAPSE_5_e2_1525.lus,Timeout,Timeout,,,,,unsolved_both
compare_single_p_907_with_base_x3,compare_single_p_907_resume,base,desc_l2l1,FMCAD08/Int/memory2/MOESI_2_e3_929_e2_2421.lus,Unsafe,Unsafe,0.016000,0.016000,1.000000,0.000000,tie
compare_single_p_907_with_base_x3,compare_single_p_907_resume,base,desc_l2l1,FMCAD08/Int/memory2/SYNAPSE_4_e8_974.lus,Safe,Safe,0.036000,0.037000,1.027778,0.001000,loss
compare_single_p_907_with_base_x3,compare_single_p_907_resume,base,desc_l2l1,FMCAD08/Int/memory2/SYNAPSE_all.lus,Safe,Safe,0.071000,0.069000,0.971831,-0.002000,win
compare_single_p_907_with_base_x3,compare_single_p_907_resume,base,desc_l2l1,FMCAD08/Int/memory2/MOESI_2_e7_2910_e2_611.lus,Unsafe,Unsafe,0.017000,0.016000,0.941176,-0.001000,win
compare_single_p_907_with_base_x3,compare_single_p_907_resume,base,desc_l2l1,FMCAD08/Int/memory2/MOESI_2.lus,Safe,Safe,0.040000,0.037000,0.925000,-0.003000,win
compare_single_p_907_with_base_x3,compare_single_p_907_resume,base,desc_l2l1,FMCAD08/Int/memory2/ILLINOIS_2_e1_834.lus,Unsafe,Unsafe,0.019000,0.018000,0.947368,-0.001000,win
compare_single_p_907_with_base_x3,compare_single_p_907_resume,base,desc_l2l1,FMCAD08/Int/memory2/MESI_3_e1_2517_e8_2163.lus,Safe,Safe,0.698000,0.888000,1.272206,0.190000,loss
compare_single_p_907_with_base_x3,compare_single_p_907_resume,base,desc_l2l1,FMCAD08/Int/memory2/MESI_i4_e8_1381_e1_1837.lus,Unsafe,Unsafe,0.132000,0.132000,1.000000,0.000000,tie
compare_single_p_907_with_base_x3,compare_single_p_907_resume,base,desc_l2l1,FMCAD08/Int/memory2/MESI_1_e2_162_e7_1545.lus,Safe,Safe,0.037000,0.047000,1.270270,0.010000,loss
compare_single_p_907_with_base_x3,compare_single_p_907_resume,base,desc_l2l1,FMCAD08/Int/memory2/MESI_i3_e1_447_e2_1098.lus,Unsafe,Unsafe,0.013000,0.013000,1.000000,0.000000,tie
compare_single_p_907_with_base_x3,compare_single_p_907_resume,base,desc_l2l1,FMCAD08/Int/memory2/SYNAPSE_5_e1_811.lus,Unsafe,Unsafe,0.028000,0.029000,1.035714,0.001000,loss
compare_single_p_907_with_base_x3,compare_single_p_907_resume,base,desc_l2l1,FMCAD08/Int/memory2/SYNAPSE_123_e7_837_e2_1394.lus,Unsafe,Unsafe,0.014000,0.014000,1.000000,0.000000,tie
compare_single_p_907_with_base_x3,compare_single_p_907_resume,base,desc_l2l1,FMCAD08/Int/memory2/SYNAPSE_123_e8_953_e1_1128.lus,Unsafe,Unsafe,0.015000,0.014000,0.933333,-0.001000,win
compare_single_p_907_with_base_x3,compare_single_p_907_resume,base,desc_l2l1,FMCAD08/Int/memory2/ILLINOIS_2_e2_2367_e3_1601.lus,Unsafe,Unsafe,0.018000,0.018000,1.000000,0.000000,tie
compare_single_p_907_with_base_x3,compare_single_p_907_resume,base,desc_l2l1,FMCAD08/Int/memory2/MOESI_1_e2_982_e7_492.lus,Safe,Safe,0.052000,0.052000,1.000000,0.000000,tie
compare_single_p_907_with_base_x3,compare_single_p_907_resume,base,desc_l2l1,FMCAD08/Int/memory2/MOESI_2_e3_929.lus,Safe,Safe,0.038000,0.038000,1.000000,0.000000,tie
compare_single_p_907_with_base_x3,compare_single_p_907_resume,base,desc_l2l1,FMCAD08/Int/memory2/MESI_i4_e8_1381_e4_313.lus,Unsafe,Unsafe,0.134000,0.135000,1.007463,0.001000,loss
compare_single_p_907_with_base_x3,compare_single_p_907_resume,base,desc_l2l1,FMCAD08/Int/memory2/MOESI_2_e1_1753_e1_1510.lus,Unsafe,Unsafe,0.015000,0.015000,1.000000,0.000000,tie
compare_single_p_907_with_base_x3,compare_single_p_907_resume,base,desc_l2l1,FMCAD08/Int/memory2/MESI_i1_e3_2145.lus,Unsafe,Unsafe,0.015000,0.015000,1.000000,0.000000,tie
compare_single_p_907_with_base_x3,compare_single_p_907_resume,base,desc_l2l1,FMCAD08/Int/memory2/MESI_all_e4_1147_e7_497.lus,Safe,Safe,0.062000,0.113000,1.822581,0.051000,loss
compare_single_p_907_with_base_x3,compare_single_p_907_resume,base,desc_l2l1,FMCAD08/Int/memory2/MOESI_2_e7_2607.lus,Unsafe,Unsafe,0.015000,0.015000,1.000000,0.000000,tie
compare_single_p_907_with_base_x3,compare_single_p_907_resume,base,desc_l2l1,FMCAD08/Int/memory2/SYNAPSE_2_e8_1118_e2_237.lus,Unsafe,Unsafe,0.013000,0.013000,1.000000,0.000000,tie
compare_single_p_907_with_base_x3,compare_single_p_907_resume,base,desc_l2l1,FMCAD08/Int/memory2/MESI_i1_e3_2145_e5_2391.lus,Unsafe,Unsafe,0.014000,0.014000,1.000000,0.000000,tie
compare_single_p_907_with_base_x3,compare_single_p_907_resume,base,desc_l2l1,FMCAD08/Int/memory2/MOESI_2_e3_929_e6_2707.lus,Safe,Safe,0.037000,0.039000,1.054054,0.002000,loss
compare_single_p_907_with_base_x3,compare_single_p_907_resume,base,desc_l2l1,FMCAD08/Int/memory2/SYNAPSE_4.lus,Safe,Safe,0.036000,0.035000,0.972222,-0.001000,win
compare_single_p_907_with_base_x3,compare_single_p_907_resume,base,desc_l2l1,FMCAD08/Int/memory2/MESI_3_e2_819_e7_1665.lus,Unsafe,Unsafe,0.020000,0.019000,0.950000,-0.001000,win
compare_single_p_907_with_base_x3,compare_single_p_907_resume,base,desc_l2l1,FMCAD08/Int/memory2/SYNAPSE_3_e8_1329_e3_421.lus,Unsafe,Unsafe,0.040000,0.040000,1.000000,0.000000,tie
compare_single_p_907_with_base_x3,compare_single_p_907_resume,base,desc_l2l1,FMCAD08/Int/memory2/SYNAPSE_123_e7_856.lus,Safe,Safe,0.056000,0.057000,1.017857,0.001000,loss
compare_single_p_907_with_base_x3,compare_single_p_907_resume,base,desc_l2l1,FMCAD08/Int/memory2/ILLINOIS_2_e1_834_e2_3395.lus,Safe,Safe,0.048000,0.049000,1.020833,0.001000,loss
compare_single_p_907_with_base_x3,compare_single_p_907_resume,base,desc_l2l1,FMCAD08/Int/memory2/MESI_i1_e3_2145_e2_2228.lus,Unsafe,Unsafe,0.014000,0.015000,1.071429,0.001000,loss
compare_single_p_907_with_base_x3,compare_single_p_907_resume,base,desc_l2l1,FMCAD08/Int/memory2/ILLINOIS_4.lus,Safe,Safe,0.047000,0.048000,1.021277,0.001000,loss
compare_single_p_907_with_base_x3,compare_single_p_907_resume,base,desc_l2l1,FMCAD08/Int/memory2/MESI_i1_e3_2145_e3_977.lus,Unsafe,Unsafe,0.014000,0.014000,1.000000,0.000000,tie
compare_single_p_907_with_base_x3,compare_single_p_907_resume,base,desc_l2l1,FMCAD08/Int/memory2/ILLINOIS_3_e3_2581.lus,Unsafe,Unsafe,0.019000,0.019000,1.000000,0.000000,tie
compare_single_p_907_with_base_x3,compare_single_p_907_resume,base,desc_l2l1,FMCAD08/Int/memory2/MESI_4_e7_1140_e7_433.lus,Safe,Safe,0.099000,0.084000,0.848485,-0.015000,win
compare_single_p_907_with_base_x3,compare_single_p_907_resume,base,desc_l2l1,FMCAD08/Int/memory2/MESI_all.lus,Safe,Safe,0.123000,0.122000,0.991870,-0.001000,win
compare_single_p_907_with_base_x3,compare_single_p_907_resume,base,desc_l2l1,FMCAD08/Int/memory2/SYNAPSE_2_e8_1118_e1_667.lus,Unsafe,Unsafe,0.013000,0.013000,1.000000,0.000000,tie
compare_single_p_907_with_base_x3,compare_single_p_907_resume,base,desc_l2l1,FMCAD08/Int/memory2/MOESI_2_e7_2910_e1_1021.lus,Unsafe,Unsafe,0.015000,0.016000,1.066667,0.001000,loss
compare_single_p_907_with_base_x3,compare_single_p_907_resume,base,desc_l2l1,FMCAD08/Int/memory2/SYNAPSE_123_e3_302_e1_1141.lus,Unsafe,Unsafe,0.030000,0.030000,1.000000,0.000000,tie
compare_single_p_907_with_base_x3,compare_single_p_907_resume,base,desc_l2l1,FMCAD08/Int/memory2/SYNAPSE_all_e7_907.lus,Safe,Safe,0.065000,0.064000,0.984615,-0.001000,win
compare_single_p_907_with_base_x3,compare_single_p_907_resume,base,desc_l2l1,FMCAD08/Int/memory2/SYNAPSE_123_e8_953_e3_271.lus,Unsafe,Unsafe,0.073000,0.090000,1.232877,0.017000,loss
compare_single_p_907_with_base_x3,compare_single_p_907_resume,base,desc_l2l1,FMCAD08/Int/memory2/SYNAPSE_2_e8_656.lus,Safe,Safe,0.033000,0.031000,0.939394,-0.002000,win
compare_single_p_907_with_base_x3,compare_single_p_907_resume,base,desc_l2l1,FMCAD08/Int/memory2/SYNAPSE_3_e1_1416_e2_753.lus,Unsafe,Unsafe,0.014000,0.015000,1.071429,0.001000,loss
compare_single_p_907_with_base_x3,compare_single_p_907_resume,base,desc_l2l1,FMCAD08/Int/memory2/SYNAPSE_3_e7_425.lus,Safe,Safe,0.035000,0.035000,1.000000,0.000000,tie
compare_single_p_907_with_base_x3,compare_single_p_907_resume,base,desc_l2l1,FMCAD08/Int/memory2/ILLINOIS_2.lus,Safe,Safe,0.047000,0.048000,1.021277,0.001000,loss
compare_single_p_907_with_base_x3,compare_single_p_907_resume,base,desc_l2l1,FMCAD08/Int/memory2/ILLINOIS_5_e7_692_e7_2865.lus,Safe,Safe,0.050000,0.048000,0.960000,-0.002000,win
compare_single_p_907_with_base_x3,compare_single_p_907_resume,base,desc_l2l1,FMCAD08/Int/memory2/MOESI_2_e3_929_e3_2294.lus,Unsafe,Unsafe,0.043000,0.044000,1.023256,0.001000,loss
compare_single_p_907_with_base_x3,compare_single_p_907_resume,base,desc_l2l1,FMCAD08/Int/memory2/MOESI_2_e3_929_e4_578.lus,Safe,Safe,0.038000,0.038000,1.000000,0.000000,tie
compare_single_p_907_with_base_x3,compare_single_p_907_resume,base,desc_l2l1,FMCAD08/Int/memory2/SYNAPSE_2.lus,Safe,Safe,0.032000,0.031000,0.968750,-0.001000,win
compare_single_p_907_with_base_x3,compare_single_p_907_resume,base,desc_l2l1,FMCAD08/Int/memory2/MESI_i2.lus,Unsafe,Unsafe,0.027000,0.027000,1.000000,0.000000,tie
compare_single_p_907_with_base_x3,compare_single_p_907_resume,base,desc_l2l1,FMCAD08/Int/memory2/MESI_i1_e4_1986_e1_1519.lus,Unsafe,Unsafe,0.041000,0.040000,0.975610,-0.001000,win
compare_single_p_907_with_base_x3,compare_single_p_907_resume,base,desc_l2l1,FMCAD08/Int/memory2/ILLINOIS_2_e2_2367_e7_2728.lus,Unsafe,Unsafe,0.019000,0.019000,1.000000,0.000000,tie
compare_single_p_907_with_base_x3,compare_single_p_907_resume,base,desc_l2l1,FMCAD08/Int/memory2/MOESI_2_e8_926_e8_2138.lus,Safe,Safe,0.038000,0.038000,1.000000,0.000000,tie
compare_single_p_907_with_base_x3,compare_single_p_907_resume,base,desc_l2l1,FMCAD08/Int/memory2/SYNAPSE_5_e1_811_e1_823.lus,Unsafe,Unsafe,0.026000,0.028000,1.076923,0.002000,loss
compare_single_p_907_with_base_x3,compare_single_p_907_resume,base,desc_l2l1,FMCAD08/Int/memory2/ILLINOIS_r4a.lus,Safe,Safe,0.777000,0.892000,1.148005,0.115000,loss
compare_single_p_907_with_base_x3,compare_single_p_907_resume,base,desc_l2l1,FMCAD08/Int/memory2/ILLINOIS_4_e7_2651_e7_2847.lus,Safe,Safe,0.059000,0.061000,1.033898,0.002000,loss
compare_single_p_907_with_base_x3,compare_single_p_907_resume,base,desc_l2l1,FMCAD08/Int/memory2/ILLINOIS_2_e1_834_e7_3738.lus,Unsafe,Unsafe,0.018000,0.019000,1.055556,0.001000,loss
compare_single_p_907_with_base_x3,compare_single_p_907_resume,base,desc_l2l1,FMCAD08/Int/memory2/SYNAPSE_2_e8_1118_e8_1177.lus,Safe,Safe,0.030000,0.031000,1.033333,0.001000,loss
compare_single_p_907_with_base_x3,compare_single_p_907_resume,base,desc_l2l1,FMCAD08/Int/memory2/MESI_i1_e3_2145_e8_2325.lus,Unsafe,Unsafe,0.014000,0.014000,1.000000,0.000000,tie
compare_single_p_907_with_base_x3,compare_single_p_907_resume,base,desc_l2l1,FMCAD08/Int/memory2/ILLINOIS_5.lus,Safe,Safe,0.046000,0.048000,1.043478,0.002000,loss
compare_single_p_907_with_base_x3,compare_single_p_907_resume,base,desc_l2l1,FMCAD08/Int/memory2/ILLINOIS_2_e1_834_e3_2931.lus,Unsafe,Unsafe,0.018000,0.018000,1.000000,0.000000,tie
compare_single_p_907_with_base_x3,compare_single_p_907_resume,base,desc_l2l1,FMCAD08/Int/memory2/ILLINOIS_3_e3_2581_e2_2545.lus,Unsafe,Unsafe,0.017000,0.016000,0.941176,-0.001000,win
compare_single_p_907_with_base_x3,compare_single_p_907_resume,base,desc_l2l1,FMCAD08/Int/memory2/SYNAPSE_6_e2_1439_e1_954.lus,Safe,Safe,0.120000,0.113000,0.941667,-0.007000,win
compare_single_p_907_with_base_x3,compare_single_p_907_resume,base,desc_l2l1,FMCAD08/Int/memory2/SYNAPSE_all_e8_251_e3_1472.lus,Unsafe,Unsafe,0.082000,0.051000,0.621951,-0.031000,win
compare_single_p_907_with_base_x3,compare_single_p_907_resume,base,desc_l2l1,FMCAD08/Int/memory2/MOESI_2_e8_926_e7_961.lus,Unsafe,Unsafe,0.015000,0.016000,1.066667,0.001000,loss
compare_single_p_907_with_base_x3,compare_single_p_907_resume,base,desc_l2l1,FMCAD08/Int/memory2/MOESI_2_e3_929_e8_1167.lus,Safe,Safe,0.037000,0.037000,1.000000,0.000000,tie
compare_single_p_907_with_base_x3,compare_single_p_907_resume,base,desc_l2l1,FMCAD08/Int/memory2/MESI_3_e2_819_e5_2554.lus,Unsafe,Unsafe,0.032000,0.039000,1.218750,0.007000,loss
compare_single_p_907_with_base_x3,compare_single_p_907_resume,base,desc_l2l1,FMCAD08/Int/memory2/SYNAPSE_2_e1_1239.lus,Unsafe,Unsafe,0.013000,0.013000,1.000000,0.000000,tie
compare_single_p_907_with_base_x3,compare_single_p_907_resume,base,desc_l2l1,FMCAD08/Int/memory2/MOESI_2_e3_929_e5_1826.lus,Safe,Safe,0.038000,0.037000,0.973684,-0.001000,win
compare_single_p_907_with_base_x3,compare_single_p_907_resume,base,desc_l2l1,FMCAD08/Int/memory2/SYNAPSE_i1.lus,Unsafe,Unsafe,0.013000,0.014000,1.076923,0.001000,loss
compare_single_p_907_with_base_x3,compare_single_p_907_resume,base,desc_l2l1,FMCAD08/Int/memory2/SYNAPSE_3_e1_1416.lus,Unsafe,Unsafe,0.014000,0.014000,1.000000,0.000000,tie
compare_single_p_907_with_base_x3,compare_single_p_907_resume,base,desc_l2l1,FMCAD08/Int/memory2/MESI_i1_e2_2656.lus,Unsafe,Unsafe,0.014000,0.015000,1.071429,0.001000,loss
compare_single_p_907_with_base_x3,compare_single_p_907_resume,base,desc_l2l1,FMCAD08/Int/memory2/MESI_i1_e3_2145_e4_1717.lus,Unsafe,Unsafe,0.013000,0.015000,1.153846,0.002000,loss
compare_single_p_907_with_base_x3,compare_single_p_907_resume,base,desc_l2l1,FMCAD08/Int/memory2/MESI_3_e3_2669.lus,Safe,Safe,0.507000,0.731000,1.441815,0.224000,loss
compare_single_p_907_with_base_x3,compare_single_p_907_resume,base,desc_l2l1,FMCAD08/Int/memory2/ILLINOIS_3_e3_2581_e4_958.lus,Unsafe,Unsafe,0.017000,0.017000,1.000000,0.000000,tie
compare_single_p_907_with_base_x3,compare_single_p_907_resume,base,desc_l2l1,FMCAD08/Int/memory2/MOESI_2_e3_929_e7_619.lus,Unsafe,Unsafe,0.015000,0.016000,1.066667,0.001000,loss
compare_single_p_907_with_base_x3,compare_single_p_907_resume,base,desc_l2l1,FMCAD08/Int/memory2/MESI_i1_e3_2145_e7_1847.lus,Unsafe,Unsafe,0.016000,0.014000,0.875000,-0.002000,win
compare_single_p_907_with_base_x3,compare_single_p_907_resume,base,desc_l2l1,FMCAD08/Int/memory2/SYNAPSE_123_e8_953_e8_941.lus,Safe,Safe,0.060000,0.059000,0.983333,-0.001000,win
compare_single_p_907_with_base_x3,compare_single_p_907_resume,base,desc_l2l1,FMCAD08/Int/memory2/SYNAPSE_5_e1_811_e2_1026.lus,Unsafe,Unsafe,0.028000,0.027000,0.964286,-0.001000,win
compare_single_p_907_with_base_x3,compare_single_p_907_resume,base,desc_l2l1,FMCAD08/Int/memory2/ILLINOIS_2_e2_876.lus,Unsafe,Unsafe,0.018000,0.018000,1.000000,0.000000,tie
compare_single_p_907_with_base_x3,compare_single_p_907_resume,base,desc_l2l1,FMCAD08/Int/memory2/ILLINOIS_2_e1_834_e1_1895.lus,Unsafe,Unsafe,0.018000,0.018000,1.000000,0.000000,tie
compare_single_p_907_with_base_x3,compare_single_p_907_resume,base,desc_l2l1,FMCAD08/Int/memory2/MESI_i3_e1_447.lus,Unsafe,Unsafe,0.069000,0.070000,1.014493,0.001000,loss
compare_single_p_907_with_base_x3,compare_single_p_907_resume,base,desc_l2l1,FMCAD08/Int/memory2/MESI_3_e2_819_e1_1145.lus,Safe,Safe,0.576000,0.779000,1.352431,0.203000,loss
compare_single_p_907_with_base_x3,compare_single_p_907_resume,base,desc_l2l1,FMCAD08/Int/memory2/MESI_3.lus,Safe,Safe,0.591000,0.771000,1.304569,0.180000,loss
compare_single_p_907_with_base_x3,compare_single_p_907_resume,base,desc_l2l1,FMCAD08/Int/memory2/MESI_i1_e3_2145_e1_2667.lus,Unsafe,Unsafe,0.014000,0.013000,0.928571,-0.001000,win
compare_single_p_907_with_base_x3,compare_single_p_907_resume,base,desc_l2l1,FMCAD08/Int/memory2/ILLINOIS_a1.lus,Safe,Safe,0.560000,0.562000,1.003571,0.002000,loss
compare_single_p_907_with_base_x3,compare_single_p_907_resume,base,desc_l2l1,FMCAD08/Int/memory2/MOESI_2_e8_926_e1_1065.lus,Safe,Safe,0.038000,0.038000,1.000000,0.000000,tie
compare_single_p_907_with_base_x3,compare_single_p_907_resume,base,desc_l2l1,FMCAD08/Int/memory2/MESI_i4_e6_2175.lus,Safe,Safe,0.673000,0.988000,1.468053,0.315000,loss
compare_single_p_907_with_base_x3,compare_single_p_907_resume,base,desc_l2l1,FMCAD08/Int/memory2/SYNAPSE_3_e1_1416_e7_193.lus,Unsafe,Unsafe,0.014000,0.014000,1.000000,0.000000,tie
compare_single_p_907_with_base_x3,compare_single_p_907_resume,base,desc_l2l1,FMCAD08/Int/memory2/SYNAPSE_all_e8_251.lus,Safe,Safe,0.107000,0.074000,0.691589,-0.033000,win
compare_single_p_907_with_base_x3,compare_single_p_907_resume,base,desc_l2l1,FMCAD08/Int/memory2/MOESI_2_e1_1753.lus,Safe,Safe,0.038000,0.056000,1.473684,0.018000,loss
compare_single_p_907_with_base_x3,compare_single_p_907_resume,base,desc_l2l1,FMCAD08/Int/memory2/MESI_3_e2_819_e6_1459.lus,Safe,Safe,0.817000,0.944000,1.155447,0.127000,loss
compare_single_p_907_with_base_x3,compare_single_p_907_resume,base,desc_l2l1,FMCAD08/Int/memory2/MOESI_2_e8_101.lus,Safe,Safe,0.039000,0.037000,0.948718,-0.002000,win
compare_single_p_907_with_base_x3,compare_single_p_907_resume,base,desc_l2l1,FMCAD08/Int/memory2/MOESI_2_e7_2910_e7_1804.lus,Unsafe,Unsafe,0.016000,0.016000,1.000000,0.000000,tie
compare_single_p_907_with_base_x3,compare_single_p_907_resume,base,desc_l2l1,FMCAD08/Int/memory2/SYNAPSE_5.lus,Timeout,Timeout,,,,,unsolved_both
compare_single_p_907_with_base_x3,compare_single_p_907_resume,base,desc_l2l1,FMCAD08/Int/memory2/MOESI_2_e1_1753_e3_2021.lus,Unsafe,Unsafe,0.044000,0.044000,1.000000,0.000000,tie
compare_single_p_907_with_base_x3,compare_single_p_907_resume,base,desc_l2l1,FMCAD08/Int/memory2/SYNAPSE_all_e3_1864_e7_251.lus,Unsafe,Unsafe,0.044000,0.045000,1.022727,0.001000,loss
compare_single_p_907_with_base_x3,compare_single_p_907_resume,base,desc_l2l1,FMCAD08/Int/memory2/SYNAPSE_6_e8_1147_e2_1326.lus,Safe,Safe,0.063000,0.061000,0.968254,-0.002000,win
compare_single_p_907_with_base_x3,compare_single_p_907_resume,base,desc_l2l1,FMCAD08/Int/memory2/ILLINOIS_3_e3_2581_e1_1130.lus,Unsafe,Unsafe,0.016000,0.016000,1.000000,0.000000,tie
compare_single_p_907_with_base_x3,compare_single_p_907_resume,base,desc_l2l1,FMCAD08/Int/memory2/SYNAPSE_6_e3_1666_e5_1558.lus,Safe,Safe,0.107000,0.114000,1.065421,0.007000,loss
compare_single_p_907_with_base_x3,compare_single_p_907_resume,base,desc_l2l1,FMCAD08/Int/memory2/ILLINOIS_2_e2_2367_e2_1561.lus,Unsafe,Unsafe,0.018000,0.018000,1.000000,0.000000,tie
compare_single_p_907_with_base_x3,compare_single_p_907_resume,base,desc_l2l1,FMCAD08/Int/memory2/MOESI_all.lus,Safe,Safe,0.068000,0.067000,0.985294,-0.001000,win
compare_single_p_907_with_base_x3,compare_single_p_907_resume,base,desc_l2l1,FMCAD08/Int/memory2/SYNAPSE_all_e8_251_e1_1852.lus,Unsafe,Unsafe,0.014000,0.015000,1.071429,0.001000,loss
compare_single_p_907_with_base_x3,compare_single_p_907_resume,base,desc_l2l1,FMCAD08/Int/memory2/ILLINOIS_3_e3_2581_e3_979.lus,Unsafe,Unsafe,0.019000,0.019000,1.000000,0.000000,tie
compare_single_p_907_with_base_x3,compare_single_p_907_resume,base,desc_l2l1,FMCAD08/Int/memory2/SYNAPSE_3_e1_1416_e3_1191.lus,Unsafe,Unsafe,0.014000,0.014000,1.000000,0.000000,tie
compare_single_p_907_with_base_x3,compare_single_p_907_resume,base,desc_l2l1,FMCAD08/Int/memory2/SYNAPSE_all_e3_1750.lus,Unsafe,Unsafe,0.060000,0.134000,2.233333,0.074000,loss
compare_single_p_907_with_base_x3,compare_single_p_907_resume,base,desc_l2l1,FMCAD08/Int/memory2/SYNAPSE_3_e8_1329_e8_320.lus,Safe,Safe,0.034000,0.036000,1.058824,0.002000,loss
compare_single_p_907_with_base_x3,compare_single_p_907_resume,base,desc_l2l1,FMCAD08/Int/memory2/MOESI_all_e3_2032_e3_2788.lus,Unsafe,Unsafe,0.033000,0.034000,1.030303,0.001000,loss
compare_single_p_907_with_base_x3,compare_single_p_907_resume,base,desc_l2l1,FMCAD08/Int/memory2/ILLINOIS_all.lus,Safe,Safe,0.120000,0.121000,1.008333,0.001000,loss
compare_single_p_907_with_base_x3,compare_single_p_907_resume,base,desc_l2l1,FMCAD08/Int/memory2/MESI_i1_e2_1758_e8_12.lus,Unsafe,Unsafe,0.014000,0.014000,1.000000,0.000000,tie
compare_single_p_907_with_base_x3,compare_single_p_907_resume,base,desc_l2l1,FMCAD08/Int/memory2/MESI_i4_e4_1689.lus,Unsafe,Unsafe,0.102000,0.206000,2.019608,0.104000,loss
compare_single_p_907_with_base_x3,compare_single_p_907_resume,base,desc_l2l1,FMCAD08/Int/memory2/SYNAPSE_123_e8_953_e7_1465.lus,Safe,Safe,0.057000,0.068000,1.192982,0.011000,loss
compare_single_p_907_with_base_x3,compare_single_p_907_resume,base,desc_l2l1,FMCAD08/Int/memory2/MESI_4.lus,Safe,Safe,0.088000,0.070000,0.795455,-0.018000,win
compare_single_p_907_with_base_x3,compare_single_p_907_resume,base,desc_l2l1,FMCAD08/Int/memory2/SYNAPSE_2_e1_1239_e1_1331.lus,Unsafe,Unsafe,0.013000,0.014000,1.076923,0.001000,loss
compare_single_p_907_with_base_x3,compare_single_p_907_resume,base,desc_l2l1,FMCAD08/Int/memory2/MOESI_2_e1_1753_e2_615.lus,Unsafe,Unsafe,0.015000,0.015000,1.000000,0.000000,tie
compare_single_p_907_with_base_x3,compare_single_p_907_resume,base,desc_l2l1,FMCAD08/Int/memory2/MESI_2.lus,Safe,Safe,0.034000,0.034000,1.000000,0.000000,tie
compare_single_p_907_with_base_x3,compare_single_p_907_resume,base,desc_l2l1,FMCAD08/Int/memory2/SYNAPSE_3_e8_1329_e1_1270.lus,Unsafe,Unsafe,0.014000,0.014000,1.000000,0.000000,tie
compare_single_p_907_with_base_x3,compare_single_p_907_resume,base,desc_l2l1,FMCAD08/Int/memory2/MOESI_2_e2_1599_e3_1658.lus,Unsafe,Unsafe,0.043000,0.046000,1.069767,0.003000,loss
compare_single_p_907_with_base_x3,compare_single_p_907_resume,base,desc_l2l1,FMCAD08/Int/memory2/SYNAPSE_123_e7_837_e3_135.lus,Unsafe,Unsafe,0.049000,0.037000,0.755102,-0.012000,win
compare_single_p_907_with_base_x3,compare_single_p_907_resume,base,desc_l2l1,FMCAD08/Int/memory2/SYNAPSE_3_e7_1444_e7_638.lus,Safe,Safe,0.031000,0.032000,1.032258,0.001000,loss
compare_single_p_907_with_base_x3,compare_single_p_907_resume,base,desc_l2l1,FMCAD08/Int/memory2/SYNAPSE_123_e3_302.lus,Unsafe,Unsafe,0.060000,0.062000,1.033333,0.002000,loss
compare_single_p_907_with_base_x3,compare_single_p_907_resume,base,desc_l2l1,FMCAD08/Int/memory2/SYNAPSE_6.lus,Safe,Safe,0.058000,0.059000,1.017241,0.001000,loss
compare_single_p_907_with_base_x3,compare_single_p_907_resume,base,desc_l2l1,FMCAD08/Int/memory2/ILLINOIS_3_e3_2581_e5_4006.lus,Unsafe,Unsafe,0.017000,0.016000,0.941176,-0.001000,win
compare_single_p_907_with_base_x3,compare_single_p_907_resume,base,desc_l2l1,FMCAD08/Int/memory2/ILLINOIS_2_e2_2367_e1_3182.lus,Safe,Safe,0.047000,0.048000,1.021277,0.001000,loss
compare_single_p_907_with_base_x3,compare_single_p_907_resume,base,desc_l2l1,FMCAD08/Int/memory2/MESI_i3_e1_447_e5_2444.lus,Unsafe,Unsafe,0.013000,0.013000,1.000000,0.000000,tie
compare_single_p_907_with_base_x3,compare_single_p_907_resume,base,desc_l2l1,FMCAD08/Int/memory2/MOESI_2_e2_155.lus,Safe,Safe,0.039000,0.037000,0.948718,-0.002000,win
compare_single_p_907_with_base_x3,compare_single_p_907_resume,base,desc_l2l1,FMCAD08/Int/memory2/SYNAPSE_4_e8_420_e7_572.lus,Safe,Safe,0.033000,0.033000,1.000000,0.000000,tie
compare_single_p_907_with_base_x3,compare_single_p_907_resume,base,desc_l2l1,FMCAD08/Int/memory2/ILLINOIS_1.lus,Safe,Safe,0.050000,0.091000,1.820000,0.041000,loss
compare_single_p_907_with_base_x3,compare_single_p_907_resume,base,desc_l2l1,FMCAD08/Int/memory2/MESI_1.lus,Safe,Safe,0.049000,0.052000,1.061224,0.003000,loss
compare_single_p_907_with_base_x3,compare_single_p_907_resume,base,desc_l2l1,FMCAD08/Int/memory2/SYNAPSE_2_e8_1118_e7_1043.lus,Safe,Safe,0.045000,0.031000,0.688889,-0.014000,win
compare_single_p_907_with_base_x3,compare_single_p_907_resume,base,desc_l2l1,FMCAD08/Int/memory2/MESI_i4.lus,Unsafe,Unsafe,0.097000,0.099000,1.020619,0.002000,loss
compare_single_p_907_with_base_x3,compare_single_p_907_resume,base,desc_l2l1,FMCAD08/Int/memory2/MOESI_1.lus,Safe,Safe,0.038000,0.038000,1.000000,0.000000,tie
compare_single_p_907_with_base_x3,compare_single_p_907_resume,base,desc_l2l1,FMCAD08/Int/memory2/MESI_3_e2_819_e3_2698.lus,Unsafe,Unsafe,0.027000,0.018000,0.666667,-0.009000,win
compare_single_p_907_with_base_x3,compare_single_p_907_resume,base,desc_l2l1,FMCAD08/Int/memory2/SYNAPSE_3_e8_1708.lus,Safe,Safe,0.036000,0.037000,1.027778,0.001000,loss
compare_single_p_907_with_base_x3,compare_single_p_907_resume,base,desc_l2l1,FMCAD08/Int/memory2/SYNAPSE_all_e8_251_e2_1053.lus,Unsafe,Unsafe,0.014000,0.014000,1.000000,0.000000,tie
compare_single_p_907_with_base_x3,compare_single_p_907_resume,base,desc_l2l1,FMCAD08/Int/memory2/SYNAPSE_3_e8_1329_e7_1062.lus,Safe,Safe,0.031000,0.032000,1.032258,0.001000,loss
compare_single_p_907_with_base_x3,compare_single_p_907_resume,base,desc_l2l1,FMCAD08/Int/memory2/SYNAPSE_2_e1_1239_e2_74.lus,Unsafe,Unsafe,0.014000,0.013000,0.928571,-0.001000,win
compare_single_p_907_with_base_x3,compare_single_p_907_resume,base,desc_l2l1,FMCAD08/Int/memory2/SYNAPSE_123_e8_953_e2_458.lus,Unsafe,Unsafe,0.013000,0.032000,2.461538,0.019000,loss
compare_single_p_907_with_base_x3,compare_single_p_907_resume,base,desc_l2l1,FMCAD08/Int/memory2/SYNAPSE_123.lus,Safe,Safe,0.062000,0.063000,1.016129,0.001000,loss
compare_single_p_907_with_base_x3,compare_single_p_907_resume,base,desc_l2l1,FMCAD08/Int/memory2/SYNAPSE_4_e8_420_e8_1525.lus,Safe,Safe,0.050000,0.035000,0.700000,-0.015000,win
compare_single_p_907_with_base_x3,compare_single_p_907_resume,base,desc_l2l1,FMCAD08/Int/memory2/SYNAPSE_2_e3_216.lus,Unsafe,Unsafe,0.034000,0.029000,0.852941,-0.005000,win
compare_single_p_907_with_base_x3,compare_single_p_907_resume,base,desc_l2l1,FMCAD08/Int/memory2/MESI_3_e2_819_e8_1896.lus,Unsafe,Unsafe,0.023000,0.019000,0.826087,-0.004000,win
compare_single_p_907_with_base_x3,compare_single_p_907_resume,base,desc_l2l1,FMCAD08/Int/memory2/SYNAPSE_3_e3_1041.lus,Unsafe,Unsafe,0.038000,0.042000,1.105263,0.004000,loss
compare_single_p_907_with_base_x3,compare_single_p_907_resume,base,desc_l2l1,FMCAD08/Int/memory2/SYNAPSE_3_e8_1329_e2_236.lus,Unsafe,Unsafe,0.014000,0.014000,1.000000,0.000000,tie
compare_single_p_907_with_base_x3,compare_single_p_907_resume,base,desc_l2l1,FMCAD08/Int/memory2/MOESI_2_e2_1599_e8_1334.lus,Safe,Safe,0.037000,0.037000,1.000000,0.000000,tie
compare_single_p_907_with_base_x3,compare_single_p_907_resume,base,desc_l2l1,FMCAD08/Int/memory2/MESI_i1.lus,Unsafe,Unsafe,0.014000,0.014000,1.000000,0.000000,tie
compare_single_p_907_with_base_x3,compare_single_p_907_resume,base,desc_l2l1,FMCAD08/Int/memory2/ILLINOIS_3_e3_2581_e7_3447.lus,Unsafe,Unsafe,0.020000,0.019000,0.950000,-0.001000,win
compare_single_p_907_with_base_x3,compare_single_p_907_resume,base,desc_l2l1,FMCAD08/Int/memory2/MESI_i3_e1_447_e3_1180.lus,Safe,Safe,0.047000,0.081000,1.723404,0.034000,loss
compare_single_p_907_with_base_x3,compare_single_p_907_resume,base,desc_l2l1,FMCAD08/Int/memory2/MESI_i3_e1_447_e1_1292.lus,Safe,Safe,0.154000,0.148000,0.961039,-0.006000,win
compare_single_p_907_with_base_x3,compare_single_p_907_resume,base,desc_l2l1,FMCAD08/Int/memory2/MESI_i3.lus,Unsafe,Unsafe,0.035000,0.013000,0.371429,-0.022000,win
compare_single_p_907_with_base_x3,compare_single_p_907_resume,base,desc_l2l1,FMCAD08/Int/memory2/SYNAPSE_3_e1_1416_e1_1675.lus,Unsafe,Unsafe,0.014000,0.014000,1.000000,0.000000,tie
compare_single_p_907_with_base_x3,compare_single_p_907_resume,base,desc_l2l1,FMCAD08/Int/memory2/SYNAPSE_3.lus,Safe,Safe,0.036000,0.038000,1.055556,0.002000,loss
compare_single_p_907_with_base_x3,compare_single_p_907_resume,base,desc_l2l1,FMCAD08/Int/memory2/MESI_i4_e7_1017_e6_1132.lus,Safe,Safe,1.007000,1.956000,1.942403,0.949000,loss
compare_single_p_907_with_base_x3,compare_single_p_907_resume,base,desc_l2l1,FMCAD08/Int/memory2/SYNAPSE_123_e7_837_e7_1262.lus,Safe,Safe,0.057000,0.058000,1.017544,0.001000,loss
compare_single_p_907_with_base_x3,compare_single_p_907_resume,base,desc_l2l1,FMCAD08/Int/memory2/SYNAPSE_123_e8_953.lus,Safe,Safe,0.061000,0.060000,0.983607,-0.001000,win
compare_single_p_907_with_base_x3,compare_single_p_907_resume,base,desc_l2l1,FMCAD08/Int/memory2/SYNAPSE_6_e7_938_e2_1012.lus,Safe,Safe,0.053000,0.056000,1.056604,0.003000,loss
compare_single_p_907_with_base_x3,compare_single_p_907_resume,base,desc_l2l1,FMCAD08/Int/memory2/SYNAPSE_all_e3_1864_e3_495.lus,Unsafe,Unsafe,0.082000,0.092000,1.121951,0.010000,loss
compare_single_p_907_with_base_x3,compare_single_p_907_resume,base,desc_l2l1,FMCAD08/Int/memory2/MESI_i3_e1_447_e7_2194.lus,Unsafe,Unsafe,0.210000,0.071000,0.338095,-0.139000,win
compare_single_p_907_with_base_x3,compare_single_p_907_resume,base,desc_l2l1,FMCAD08/Int/memory2/MESI_i1_e4_1986.lus,Unsafe,Unsafe,0.013000,0.016000,1.230769,0.003000,loss
compare_single_p_907_with_base_x3,compare_single_p_907_resume,base,desc_l2l1,FMCAD08/Int/memory2/SYNAPSE_2_e8_1118_e3_1216.lus,Unsafe,Unsafe,0.034000,0.034000,1.000000,0.000000,tie
compare_single_p_907_with_base_x3,compare_single_p_907_resume,base,desc_l2l1,FMCAD08/Int/memory2/MOESI_1_e3_1884_e7_1875.lus,Safe,Safe,0.055000,0.054000,0.981818,-0.001000,win
compare_single_p_907_with_base_x3,compare_single_p_907_resume,base,desc_l2l1,FMCAD08/Int/memory2/SYNAPSE_1.lus,Safe,Safe,0.033000,0.033000,1.000000,0.000000,tie
compare_single_p_907_with_base_x3,compare_single_p_907_resume,base,desc_l2l1,FMCAD08/Int/memory2/MESI_3_e2_819.lus,Unsafe,Unsafe,0.019000,0.019000,1.000000,0.000000,tie
compare_single_p_907_with_base_x3,compare_single_p_907_resume,base,desc_l2l1,FMCAD08/Int/memory2/MOESI_2_e2_1599_e2_1815.lus,Unsafe,Unsafe,0.015000,0.015000,1.000000,0.000000,tie
compare_single_p_907_with_base_x3,compare_single_p_907_resume,base,desc_l2l1,FMCAD08/Int/memory2/MESI_i3_e1_447_e6_2281.lus,Safe,Safe,0.168000,0.170000,1.011905,0.002000,loss
compare_single_p_907_with_base_x3,compare_single_p_907_resume,base,desc_l2l1,FMCAD08/Int/memory2/MESI_3_e2_819_e4_1595.lus,Safe,Safe,0.567000,0.757000,1.335097,0.190000,loss
compare_single_p_907_with_base_x3,compare_single_p_907_resume,base,desc_l2l1,FMCAD08/Int/memory2/SYNAPSE_all_e7_907_e7_1363.lus,Safe,Safe,0.060000,0.060000,1.000000,0.000000,tie
compare_single_p_907_with_base_x3,compare_single_p_907_resume,base,desc_l2l1,FMCAD08/Int/memory2/MOESI_2_e2_1599_e1_2383.lus,Unsafe,Unsafe,0.015000,0.015000,1.000000,0.000000,tie
compare_single_p_907_with_base_x3,compare_single_p_907_resume,base,desc_l2l1,FMCAD08/Int/memory2/SYNAPSE_all_e3_1864_e5_1637.lus,Unsafe,Unsafe,0.014000,0.014000,1.000000,0.000000,tie
compare_single_p_907_with_base_x3,compare_single_p_907_resume,base,desc_l2l1,FMCAD08/Int/memory2/SYNAPSE_123_e2_1653.lus,Unsafe,Unsafe,0.022000,0.015000,0.681818,-0.007000,win
compare_single_p_907_with_base_x3,compare_single_p_907_resume,base,desc_l2l1,FMCAD08/Int/memory2/ILLINOIS_3.lus,Safe,Safe,0.059000,0.057000,0.966102,-0.002000,win
compare_single_p_907_with_base_x3,compare_single_p_907_resume,base,desc_l2l1,FMCAD08/Int/memory2/MOESI_2_e3_929_e1_2319.lus,Unsafe,Unsafe,0.014000,0.015000,1.071429,0.001000,loss
compare_single_p_907_with_base_x3,compare_single_p_907_resume,base,desc_l2l1,FMCAD08/Int/memory2/MESI_3_e2_819_e2_562.lus,Unsafe,Unsafe,0.041000,0.019000,0.463415,-0.022000,win
compare_single_p_907_with_base_x3,compare_single_p_907_resume,base,desc_l2l1,FMCAD08/Int/memory2/SYNAPSE_all_e3_1864_e4_34.lus,Unsafe,Unsafe,0.014000,0.024000,1.714286,0.010000,loss
compare_single_p_907_with_base_x3,compare_single_p_907_resume,base,desc_l2l1,FMCAD08/Int/large/microwave37.lus,Unsafe,Unsafe,8.550000,5.314000,0.621520,-3.236000,win
compare_single_p_907_with_base_x3,compare_single_p_907_resume,base,desc_l2l1,FMCAD08/Int/large/steam_boiler_no_arr2.lus,Safe,Safe,0.111000,0.138000,1.243243,0.027000,loss
compare_single_p_907_with_base_x3,compare_single_p_907_resume,base,desc_l2l1,FMCAD08/Int/large/microwave03.lus,Safe,Safe,0.048000,0.048000,1.000000,0.000000,tie
compare_single_p_907_with_base_x3,compare_single_p_907_resume,base,desc_l2l1,FMCAD08/Int/large/microwave01.lus,Safe,Safe,0.538000,0.840000,1.561338,0.302000,loss
compare_single_p_907_with_base_x3,compare_single_p_907_resume,base,desc_l2l1,FMCAD08/Int/large/microwave13.lus,Timeout,Timeout,,,,,unsolved_both
compare_single_p_907_with_base_x3,compare_single_p_907_resume,base,desc_l2l1,FMCAD08/Int/large/microwave12.lus,Unsafe,Unsafe,0.439000,0.440000,1.002278,0.001000,loss
compare_single_p_907_with_base_x3,compare_single_p_907_resume,base,desc_l2l1,FMCAD08/Int/large/microwave31.lus,Unsafe,Timeout,12.020000,69.919000,,,regressed
compare_single_p_907_with_base_x3,compare_single_p_907_resume,base,desc_l2l1,FMCAD08/Int/large/microwave26.lus,Timeout,Timeout,,,,,unsolved_both
compare_single_p_907_with_base_x3,compare_single_p_907_resume,base,desc_l2l1,FMCAD08/Int/large/microwave14.lus,Unsafe,Unsafe,1.361000,0.865000,0.635562,-0.496000,win
compare_single_p_907_with_base_x3,compare_single_p_907_resume,base,desc_l2l1,FMCAD08/Int/large/microwave32.lus,Unsafe,Timeout,6.142000,5.126000,,,regressed
compare_single_p_907_with_base_x3,compare_single_p_907_resume,base,desc_l2l1,FMCAD08/Int/large/microwave27.lus,Timeout,Timeout,,,,,unsolved_both
compare_single_p_907_with_base_x3,compare_single_p_907_resume,base,desc_l2l1,FMCAD08/Int/large/microwave16.lus,Safe,Safe,0.064000,0.049000,0.765625,-0.015000,win
compare_single_p_907_with_base_x3,compare_single_p_907_resume,base,desc_l2l1,FMCAD08/Int/large/microwave40.lus,Unsafe,Unsafe,0.054000,0.054000,1.000000,0.000000,tie
compare_single_p_907_with_base_x3,compare_single_p_907_resume,base,desc_l2l1,FMCAD08/Int/large/steam_boiler_no_arr2_e1_17214_e5_18600.lus,Safe,Safe,0.111000,0.139000,1.252252,0.028000,loss
compare_single_p_907_with_base_x3,compare_single_p_907_resume,base,desc_l2l1,FMCAD08/Int/large/microwave28.lus,Unsafe,Unsafe,0.816000,0.603000,0.738971,-0.213000,win
compare_single_p_907_with_base_x3,compare_single_p_907_resume,base,desc_l2l1,FMCAD08/Int/large/microwave07.lus,Timeout,Timeout,,,,,unsolved_both
compare_single_p_907_with_base_x3,compare_single_p_907_resume,base,desc_l2l1,FMCAD08/Int/large/microwave29.lus,Safe,Timeout,20.911000,1.499000,,,regressed
compare_single_p_907_with_base_x3,compare_single_p_907_resume,base,desc_l2l1,FMCAD08/Int/large/microwave25.lus,Unsafe,Unsafe,0.052000,0.054000,1.038462,0.002000,loss
compare_single_p_907_with_base_x3,compare_single_p_907_resume,base,desc_l2l1,FMCAD08/Int/large/microwave22.lus,Timeout,Timeout,,,,,unsolved_both
compare_single_p_907_with_base_x3,compare_single_p_907_resume,base,desc_l2l1,FMCAD08/Int/large/microwave11.lus,Timeout,Timeout,,,,,unsolved_both
compare_single_p_907_with_base_x3,compare_single_p_907_resume,base,desc_l2l1,FMCAD08/Int/large/microwave06.lus,Timeout,Timeout,,,,,unsolved_both
compare_single_p_907_with_base_x3,compare_single_p_907_resume,base,desc_l2l1,FMCAD08/Int/large/microwave15.lus,Safe,Safe,0.048000,0.048000,1.000000,0.000000,tie
compare_single_p_907_with_base_x3,compare_single_p_907_resume,base,desc_l2l1,FMCAD08/Int/large/microwave20.lus,Unsafe,Unsafe,0.053000,0.052000,0.981132,-0.001000,win
compare_single_p_907_with_base_x3,compare_single_p_907_resume,base,desc_l2l1,FMCAD08/Int/large/microwave19.lus,Safe,Timeout,1.840000,36.865000,,,regressed
compare_single_p_907_with_base_x3,compare_single_p_907_resume,base,desc_l2l1,FMCAD08/Int/large/steam_boiler_no_arr2_e3_514_e4_11150.lus,Safe,Safe,0.112000,0.135000,1.205357,0.023000,loss
compare_single_p_907_with_base_x3,compare_single_p_907_resume,base,desc_l2l1,FMCAD08/Int/large/microwave02.lus,Safe,Safe,0.046000,0.047000,1.021739,0.001000,loss
compare_single_p_907_with_base_x3,compare_single_p_907_resume,base,desc_l2l1,FMCAD08/Int/large/microwave17.lus,Safe,Safe,2.447000,3.604000,1.472824,1.157000,loss
compare_single_p_907_with_base_x3,compare_single_p_907_resume,base,desc_l2l1,FMCAD08/Int/large/microwave33.lus,Unsafe,Timeout,10.318000,24.006000,,,regressed
compare_single_p_907_with_base_x3,compare_single_p_907_resume,base,desc_l2l1,FMCAD08/Int/large/microwave30.lus,Timeout,Safe,49.496000,23.534000,,,newly_solved
compare_single_p_907_with_base_x3,compare_single_p_907_resume,base,desc_l2l1,FMCAD08/Int/large/microwave35.lus,Unsafe,Unsafe,29.069000,149.020000,5.126423,119.951000,loss
compare_single_p_907_with_base_x3,compare_single_p_907_resume,base,desc_l2l1,FMCAD08/Int/large/steam_boiler_no_arr1.lus,Safe,Safe,0.271000,0.249000,0.918819,-0.022000,win
compare_single_p_907_with_base_x3,compare_single_p_907_resume,base,desc_l2l1,FMCAD08/Int/large/microwave24.lus,Safe,Safe,5.325000,3.610000,0.677934,-1.715000,win
compare_single_p_907_with_base_x3,compare_single_p_907_resume,base,desc_l2l1,FMCAD08/Int/large/microwave09.lus,Timeout,Timeout,,,,,unsolved_both
compare_single_p_907_with_base_x3,compare_single_p_907_resume,base,desc_l2l1,FMCAD08/Int/large/microwave05.lus,Timeout,Timeout,302.280000,1.549000,,,unsolved_both
compare_single_p_907_with_base_x3,compare_single_p_907_resume,base,desc_l2l1,FMCAD08/Int/large/microwave39.lus,Unsafe,Unsafe,78.798000,5.483000,0.069583,-73.315000,win
compare_single_p_907_with_base_x3,compare_single_p_907_resume,base,desc_l2l1,FMCAD08/Int/large/steam_boiler_no_arr2_e7_12307.lus,Safe,Safe,0.113000,0.140000,1.238938,0.027000,loss
compare_single_p_907_with_base_x3,compare_single_p_907_resume,base,desc_l2l1,FMCAD08/Int/large/microwave36.lus,Unsafe,Unsafe,4.536000,15.917000,3.509039,11.381000,loss
compare_single_p_907_with_base_x3,compare_single_p_907_resume,base,desc_l2l1,FMCAD08/Int/large/microwave38.lus,Unsafe,Timeout,12.187000,6.640000,,,regressed
compare_single_p_907_with_base_x3,compare_single_p_907_resume,base,desc_l2l1,FMCAD08/Int/large/microwave23.lus,Unsafe,Unsafe,0.839000,0.878000,1.046484,0.039000,loss
compare_single_p_907_with_base_x3,compare_single_p_907_resume,base,desc_l2l1,FMCAD08/Int/large/microwave04.lus,Safe,Safe,0.082000,0.056000,0.682927,-0.026000,win
compare_single_p_907_with_base_x3,compare_single_p_907_resume,base,desc_l2l1,FMCAD08/Int/large/microwave18.lus,Unsafe,Unsafe,0.795000,0.816000,1.026415,0.021000,loss
compare_single_p_907_with_base_x3,compare_single_p_907_resume,base,desc_l2l1,FMCAD08/Int/large/steam_boiler_no_arr2_e6_3003_e4_15091.lus,Safe,Safe,0.110000,0.137000,1.245455,0.027000,loss
compare_single_p_907_with_base_x3,compare_single_p_907_resume,base,desc_l2l1,FMCAD08/Int/large/steam_boiler_no_arr2_e8_21449_e5_18210.lus,Safe,Safe,0.219000,0.190000,0.867580,-0.029000,win
compare_single_p_907_with_base_x3,compare_single_p_907_resume,base,desc_l2l1,FMCAD08/Int/large/microwave21.lus,Timeout,Timeout,,,,,unsolved_both
compare_single_p_907_with_base_x3,compare_single_p_907_resume,base,desc_l2l1,FMCAD08/Int/large/steam_boiler_no_arr1_e4_23904_e4_2384.lus,Safe,Safe,0.333000,0.326000,0.978979,-0.007000,win
compare_single_p_907_with_base_x3,compare_single_p_907_resume,base,desc_l2l1,FMCAD08/Int/large/microwave10.lus,Timeout,Timeout,,,,,unsolved_both
compare_single_p_907_with_base_x3,compare_single_p_907_resume,base,desc_l2l1,FMCAD08/Int/large/microwave34.lus,Timeout,Timeout,302.270000,302.280000,,,unsolved_both
compare_single_p_907_with_base_x3,compare_single_p_907_resume,base,desc_l2l1,FMCAD08/Int/large/microwave08.lus,Timeout,Timeout,,,,,unsolved_both
compare_single_p_907_with_base_x3,compare_single_p_907_resume,base,desc_l2l1,FMCAD08/Real_Int/large/ccp21.lus,Unsafe,Unsafe,59.469000,56.271000,0.946224,-3.198000,win
compare_single_p_907_with_base_x3,compare_single_p_907_resume,base,desc_l2l1,FMCAD08/Real_Int/large/ccp16.lus,Safe,Safe,0.021000,0.022000,1.047619,0.001000,loss
compare_single_p_907_with_base_x3,compare_single_p_907_resume,base,desc_l2l1,FMCAD08/Real_Int/large/cruise_controller_14.lus,Safe,Safe,0.752000,0.736000,0.978723,-0.016000,win
compare_single_p_907_with_base_x3,compare_single_p_907_resume,base,desc_l2l1,FMCAD08/Real_Int/large/cruise_controller_20.lus,Timeout,Timeout,2.012000,1.207000,,,unsolved_both
compare_single_p_907_with_base_x3,compare_single_p_907_resume,base,desc_l2l1,FMCAD08/Real_Int/large/ccp08.lus,Safe,Safe,2.565000,1.937000,0.755166,-0.628000,win
compare_single_p_907_with_base_x3,compare_single_p_907_resume,base,desc_l2l1,FMCAD08/Real_Int/large/cruise_controller_05.lus,Safe,Safe,0.049000,0.048000,0.979592,-0.001000,win
compare_single_p_907_with_base_x3,compare_single_p_907_resume,base,desc_l2l1,FMCAD08/Real_Int/large/cruise_controller_19.lus,Safe,Safe,9.553000,7.376000,0.772113,-2.177000,win
compare_single_p_907_with_base_x3,compare_single_p_907_resume,base,desc_l2l1,FMCAD08/Real_Int/large/ccp10.lus,Unsafe,Unsafe,9.198000,29.339000,3.189715,20.141000,loss
compare_single_p_907_with_base_x3,compare_single_p_907_resume,base,desc_l2l1,FMCAD08/Real_Int/large/cruise_controller_18.lus,Safe,Safe,8.134000,8.285000,1.018564,0.151000,loss
compare_single_p_907_with_base_x3,compare_single_p_907_resume,base,desc_l2l1,FMCAD08/Real_Int/large/cruise_controller_08.lus,Timeout,Timeout,,,,,unsolved_both
compare_single_p_907_with_base_x3,compare_single_p_907_resume,base,desc_l2l1,FMCAD08/Real_Int/large/ccp02.lus,Safe,Safe,7.173000,4.872000,0.679214,-2.301000,win
compare_single_p_907_with_base_x3,compare_single_p_907_resume,base,desc_l2l1,FMCAD08/Real_Int/large/cruise_controller_06.lus,Safe,Safe,0.055000,0.055000,1.000000,0.000000,tie
compare_single_p_907_with_base_x3,compare_single_p_907_resume,base,desc_l2l1,FMCAD08/Real_Int/large/ccp12.lus,Unsafe,Unsafe,72.240000,61.886000,0.856672,-10.354000,win
compare_single_p_907_with_base_x3,compare_single_p_907_resume,base,desc_l2l1,FMCAD08/Real_Int/large/cruise_controller_03.lus,Safe,Safe,1.560000,1.513000,0.969872,-0.047000,win
compare_single_p_907_with_base_x3,compare_single_p_907_resume,base,desc_l2l1,FMCAD08/Real_Int/large/cruise_controller_23.lus,Timeout,Timeout,,,,,unsolved_both
compare_single_p_907_with_base_x3,compare_single_p_907_resume,base,desc_l2l1,FMCAD08/Real_Int/large/ccp18.lus,Safe,Safe,6.032000,1.958000,0.324602,-4.074000,win
compare_single_p_907_with_base_x3,compare_single_p_907_resume,base,desc_l2l1,FMCAD08/Real_Int/large/ccp04.lus,Safe,Safe,1.315000,0.696000,0.529278,-0.619000,win
compare_single_p_907_with_base_x3,compare_single_p_907_resume,base,desc_l2l1,FMCAD08/Real_Int/large/cruise_controller_07.lus,Safe,Safe,0.054000,0.053000,0.981481,-0.001000,win
compare_single_p_907_with_base_x3,compare_single_p_907_resume,base,desc_l2l1,FMCAD08/Real_Int/large/cruise_controller_17.lus,Unsafe,Unsafe,22.609000,27.412000,1.212438,4.803000,loss
compare_single_p_907_with_base_x3,compare_single_p_907_resume,base,desc_l2l1,FMCAD08/Real_Int/large/ccp19.lus,Safe,Safe,0.044000,0.046000,1.045455,0.002000,loss
compare_single_p_907_with_base_x3,compare_single_p_907_resume,base,desc_l2l1,FMCAD08/Real_Int/large/cruise_controller_09.lus,Unsafe,Unsafe,7.138000,7.447000,1.043289,0.309000,loss
compare_single_p_907_with_base_x3,compare_single_p_907_resume,base,desc_l2l1,FMCAD08/Real_Int/large/ccp23.lus,Timeout,Timeout,117.957000,26.648000,,,unsolved_both
compare_single_p_907_with_base_x3,compare_single_p_907_resume,base,desc_l2l1,FMCAD08/Real_Int/large/cruise_controller_21.lus,Unsafe,Unsafe,0.054000,0.054000,1.000000,0.000000,tie
compare_single_p_907_with_base_x3,compare_single_p_907_resume,base,desc_l2l1,FMCAD08/Real_Int/large/ccp17.lus,Safe,Safe,18.113000,23.660000,1.306244,5.547000,loss
compare_single_p_907_with_base_x3,compare_single_p_907_resume,base,desc_l2l1,FMCAD08/Real_Int/large/ccp01.lus,Safe,Safe,8.241000,5.382000,0.653076,-2.859000,win
compare_single_p_907_with_base_x3,compare_single_p_907_resume,base,desc_l2l1,FMCAD08/Real_Int/large/ccp05.lus,Safe,Safe,0.036000,0.038000,1.055556,0.002000,loss
compare_single_p_907_with_base_x3,compare_single_p_907_resume,base,desc_l2l1,FMCAD08/Real_Int/large/ccp14.lus,Unsafe,Unsafe,62.199000,49.705000,0.799129,-12.494000,win
compare_single_p_907_with_base_x3,compare_single_p_907_resume,base,desc_l2l1,FMCAD08/Real_Int/large/cruise_controller_24.lus,Safe,Safe,1.111000,0.956000,0.860486,-0.155000,win
compare_single_p_907_with_base_x3,compare_single_p_907_resume,base,desc_l2l1,FMCAD08/Real_Int/large/ccp20.lus,Safe,Safe,14.313000,17.914000,1.251589,3.601000,loss
compare_single_p_907_with_base_x3,compare_single_p_907_resume,base,desc_l2l1,FMCAD08/Real_Int/large/cruise_controller_02.lus,Safe,Safe,1.654000,1.585000,0.958283,-0.069000,win
compare_single_p_907_with_base_x3,compare_single_p_907_resume,base,desc_l2l1,FMCAD08/Real_Int/large/ccp07.lus,Safe,Safe,0.048000,0.050000,1.041667,0.002000,loss
compare_single_p_907_with_base_x3,compare_single_p_907_resume,base,desc_l2l1,FMCAD08/Real_Int/large/ccp22.lus,Timeout,Timeout,,,,,unsolved_both
compare_single_p_907_with_base_x3,compare_single_p_907_resume,base,desc_l2l1,FMCAD08/Real_Int/large/ccp11.lus,Timeout,Timeout,,,,,unsolved_both
compare_single_p_907_with_base_x3,compare_single_p_907_resume,base,desc_l2l1,FMCAD08/Real_Int/large/cruise_controller_15.lus,Unsafe,Unsafe,13.593000,19.951000,1.467741,6.358000,loss
compare_single_p_907_with_base_x3,compare_single_p_907_resume,base,desc_l2l1,FMCAD08/Real_Int/large/ccp13.lus,Timeout,Timeout,,,,,unsolved_both
compare_single_p_907_with_base_x3,compare_single_p_907_resume,base,desc_l2l1,FMCAD08/Real_Int/large/ccp09.lus,Safe,Safe,0.045000,0.046000,1.022222,0.001000,loss
compare_single_p_907_with_base_x3,compare_single_p_907_resume,base,desc_l2l1,FMCAD08/Real_Int/large/cruise_controller_04.lus,Safe,Safe,0.380000,0.392000,1.031579,0.012000,loss
compare_single_p_907_with_base_x3,compare_single_p_907_resume,base,desc_l2l1,FMCAD08/Real_Int/large/ccp03.lus,Safe,Safe,6.643000,4.527000,0.681469,-2.116000,win
compare_single_p_907_with_base_x3,compare_single_p_907_resume,base,desc_l2l1,FMCAD08/Real_Int/large/cruise_controller_11.lus,Safe,Safe,0.057000,0.058000,1.017544,0.001000,loss
compare_single_p_907_with_base_x3,compare_single_p_907_resume,base,desc_l2l1,FMCAD08/Real_Int/large/cruise_controller_13.lus,Safe,Safe,0.054000,0.054000,1.000000,0.000000,tie
compare_single_p_907_with_base_x3,compare_single_p_907_resume,base,desc_l2l1,FMCAD08/Real_Int/large/ccp06.lus,Safe,Safe,0.044000,0.045000,1.022727,0.001000,loss
compare_single_p_907_with_base_x3,compare_single_p_907_resume,base,desc_l2l1,FMCAD08/Real_Int/large/cruise_controller_10.lus,Safe,Safe,12.152000,12.151000,0.999918,-0.001000,win
compare_single_p_907_with_base_x3,compare_single_p_907_resume,base,desc_l2l1,FMCAD08/Real_Int/large/ccp15.lus,Safe,Safe,0.048000,0.046000,0.958333,-0.002000,win
compare_single_p_907_with_base_x3,compare_single_p_907_resume,base,desc_l2l1,FMCAD08/Real_Int/large/ccp24.lus,Timeout,Timeout,,,,,unsolved_both
compare_single_p_907_with_base_x3,compare_single_p_907_resume,base,desc_l2l1,FMCAD08/Real_Int/large/cruise_controller_16.lus,Timeout,Unsafe,77.320000,222.012000,,,newly_solved
compare_single_p_907_with_base_x3,compare_single_p_907_resume,base,desc_l2l1,FMCAD08/Real_Int/large/cruise_controller_12.lus,Safe,Safe,0.667000,0.805000,1.206897,0.138000,loss
compare_single_p_907_with_base_x3,compare_single_p_907_resume,base,desc_l2l1,FMCAD08/Real_Int/large/cruise_controller_22.lus,Unsafe,Unsafe,22.428000,16.450000,0.733458,-5.978000,win
compare_single_p_907_with_base_x3,compare_single_p_907_resume,base,desc_l2l1,FMCAD08/Real_Int/large/cruise_controller_01.lus,Safe,Safe,3.722000,3.712000,0.997313,-0.010000,win
compare_single_p_907_with_base_x3,compare_single_p_907_resume,base,desc_l2l1,FMCAD08/Real_Int32/large/ccp21.lus,Unsafe,Unsafe,103.698000,83.289000,0.803188,-20.409000,win
compare_single_p_907_with_base_x3,compare_single_p_907_resume,base,desc_l2l1,FMCAD08/Real_Int32/large/ccp16.lus,Safe,Safe,0.017000,0.018000,1.058824,0.001000,loss
compare_single_p_907_with_base_x3,compare_single_p_907_resume,base,desc_l2l1,FMCAD08/Real_Int32/large/cruise_controller_14.lus,Safe,Safe,0.620000,2.335000,3.766129,1.715000,loss
compare_single_p_907_with_base_x3,compare_single_p_907_resume,base,desc_l2l1,FMCAD08/Real_Int32/large/cruise_controller_20.lus,Unsafe,Timeout,32.713000,0.942000,,,regressed
compare_single_p_907_with_base_x3,compare_single_p_907_resume,base,desc_l2l1,FMCAD08/Real_Int32/large/ccp08.lus,Safe,Safe,3.619000,3.509000,0.969605,-0.110000,win
compare_single_p_907_with_base_x3,compare_single_p_907_resume,base,desc_l2l1,FMCAD08/Real_Int32/large/cruise_controller_05.lus,Safe,Safe,0.039000,0.047000,1.205128,0.008000,loss
compare_single_p_907_with_base_x3,compare_single_p_907_resume,base,desc_l2l1,FMCAD08/Real_Int32/large/cruise_controller_19.lus,Safe,Safe,17.442000,9.649000,0.553205,-7.793000,win
compare_single_p_907_with_base_x3,compare_single_p_907_resume,base,desc_l2l1,FMCAD08/Real_Int32/large/ccp10.lus,Timeout,Timeout,,,,,unsolved_both
compare_single_p_907_with_base_x3,compare_single_p_907_resume,base,desc_l2l1,FMCAD08/Real_Int32/large/cruise_controller_18.lus,Safe,Safe,18.325000,11.832000,0.645675,-6.493000,win
compare_single_p_907_with_base_x3,compare_single_p_907_resume,base,desc_l2l1,FMCAD08/Real_Int32/large/cruise_controller_08.lus,Timeout,Timeout,,,,,unsolved_both
compare_single_p_907_with_base_x3,compare_single_p_907_resume,base,desc_l2l1,FMCAD08/Real_Int32/large/ccp02.lus,Safe,Safe,17.379000,16.810000,0.967259,-0.569000,win
compare_single_p_907_with_base_x3,compare_single_p_907_resume,base,desc_l2l1,FMCAD08/Real_Int32/large/cruise_controller_06.lus,Safe,Safe,0.051000,0.074000,1.450980,0.023000,loss
compare_single_p_907_with_base_x3,compare_single_p_907_resume,base,desc_l2l1,FMCAD08/Real_Int32/large/ccp12.lus,Timeout,Timeout,302.270000,300.220000,,,unsolved_both
compare_single_p_907_with_base_x3,compare_single_p_907_resume,base,desc_l2l1,FMCAD08/Real_Int32/large/cruise_controller_03.lus,Safe,Safe,4.319000,2.827000,0.654550,-1.492000,win
compare_single_p_907_with_base_x3,compare_single_p_907_resume,base,desc_l2l1,FMCAD08/Real_Int32/large/cruise_controller_23.lus,Timeout,Timeout,,,,,unsolved_both
compare_single_p_907_with_base_x3,compare_single_p_907_resume,base,desc_l2l1,FMCAD08/Real_Int32/large/ccp18.lus,Safe,Safe,10.041000,4.380000,0.436212,-5.661000,win
compare_single_p_907_with_base_x3,compare_single_p_907_resume,base,desc_l2l1,FMCAD08/Real_Int32/large/ccp04.lus,Safe,Safe,1.871000,1.868000,0.998397,-0.003000,win
compare_single_p_907_with_base_x3,compare_single_p_907_resume,base,desc_l2l1,FMCAD08/Real_Int32/large/cruise_controller_07.lus,Safe,Safe,0.048000,0.049000,1.020833,0.001000,loss
compare_single_p_907_with_base_x3,compare_single_p_907_resume,base,desc_l2l1,FMCAD08/Real_Int32/large/cruise_controller_17.lus,Unsafe,Unsafe,34.562000,21.465000,0.621058,-13.097000,win
compare_single_p_907_with_base_x3,compare_single_p_907_resume,base,desc_l2l1,FMCAD08/Real_Int32/large/ccp19.lus,Safe,Safe,0.054000,0.054000,1.000000,0.000000,tie
compare_single_p_907_with_base_x3,compare_single_p_907_resume,base,desc_l2l1,FMCAD08/Real_Int32/large/cruise_controller_09.lus,Timeout,Timeout,,,,,unsolved_both
compare_single_p_907_with_base_x3,compare_single_p_907_resume,base,desc_l2l1,FMCAD08/Real_Int32/large/ccp23.lus,Timeout,Timeout,142.827000,54.788000,,,unsolved_both
compare_single_p_907_with_base_x3,compare_single_p_907_resume,base,desc_l2l1,FMCAD08/Real_Int32/large/cruise_controller_21.lus,Unsafe,Unsafe,0.028000,0.027000,0.964286,-0.001000,win
compare_single_p_907_with_base_x3,compare_single_p_907_resume,base,desc_l2l1,FMCAD08/Real_Int32/large/ccp17.lus,Safe,Safe,9.062000,7.519000,0.829729,-1.543000,win
compare_single_p_907_with_base_x3,compare_single_p_907_resume,base,desc_l2l1,FMCAD08/Real_Int32/large/ccp01.lus,Safe,Safe,13.685000,8.859000,0.647351,-4.826000,win
compare_single_p_907_with_base_x3,compare_single_p_907_resume,base,desc_l2l1,FMCAD08/Real_Int32/large/ccp05.lus,Safe,Safe,0.045000,0.049000,1.088889,0.004000,loss
compare_single_p_907_with_base_x3,compare_single_p_907_resume,base,desc_l2l1,FMCAD08/Real_Int32/large/ccp14.lus,Unsafe,Unsafe,57.541000,100.972000,1.754784,43.431000,loss
compare_single_p_907_with_base_x3,compare_single_p_907_resume,base,desc_l2l1,FMCAD08/Real_Int32/large/cruise_controller_24.lus,Safe,Safe,3.156000,1.547000,0.490177,-1.609000,win
compare_single_p_907_with_base_x3,compare_single_p_907_resume,base,desc_l2l1,FMCAD08/Real_Int32/large/ccp20.lus,Timeout,Timeout,302.290000,5.623000,,,unsolved_both
compare_single_p_907_with_base_x3,compare_single_p_907_resume,base,desc_l2l1,FMCAD08/Real_Int32/large/cruise_controller_02.lus,Safe,Safe,6.372000,3.014000,0.473007,-3.358000,win
compare_single_p_907_with_base_x3,compare_single_p_907_resume,base,desc_l2l1,FMCAD08/Real_Int32/large/ccp07.lus,Safe,Safe,0.052000,0.054000,1.038462,0.002000,loss
compare_single_p_907_with_base_x3,compare_single_p_907_resume,base,desc_l2l1,FMCAD08/Real_Int32/large/ccp22.lus,Timeout,Timeout,,,,,unsolved_both
compare_single_p_907_with_base_x3,compare_single_p_907_resume,base,desc_l2l1,FMCAD08/Real_Int32/large/ccp11.lus,Timeout,Timeout,,,,,unsolved_both
compare_single_p_907_with_base_x3,compare_single_p_907_resume,base,desc_l2l1,FMCAD08/Real_Int32/large/cruise_controller_15.lus,Unsafe,Unsafe,35.550000,16.528000,0.464923,-19.022000,win
compare_single_p_907_with_base_x3,compare_single_p_907_resume,base,desc_l2l1,FMCAD08/Real_Int32/large/ccp13.lus,Timeout,Timeout,,,,,unsolved_both
compare_single_p_907_with_base_x3,compare_single_p_907_resume,base,desc_l2l1,FMCAD08/Real_Int32/large/ccp09.lus,Safe,Safe,0.051000,0.054000,1.058824,0.003000,loss
compare_single_p_907_with_base_x3,compare_single_p_907_resume,base,desc_l2l1,FMCAD08/Real_Int32/large/cruise_controller_04.lus,Safe,Safe,0.710000,0.696000,0.980282,-0.014000,win
compare_single_p_907_with_base_x3,compare_single_p_907_resume,base,desc_l2l1,FMCAD08/Real_Int32/large/ccp03.lus,Safe,Safe,8.746000,4.294000,0.490967,-4.452000,win
compare_single_p_907_with_base_x3,compare_single_p_907_resume,base,desc_l2l1,FMCAD08/Real_Int32/large/cruise_controller_11.lus,Safe,Safe,0.051000,0.049000,0.960784,-0.002000,win
compare_single_p_907_with_base_x3,compare_single_p_907_resume,base,desc_l2l1,FMCAD08/Real_Int32/large/cruise_controller_13.lus,Safe,Safe,0.045000,0.072000,1.600000,0.027000,loss
compare_single_p_907_with_base_x3,compare_single_p_907_resume,base,desc_l2l1,FMCAD08/Real_Int32/large/ccp06.lus,Safe,Safe,0.052000,0.051000,0.980769,-0.001000,win
compare_single_p_907_with_base_x3,compare_single_p_907_resume,base,desc_l2l1,FMCAD08/Real_Int32/large/cruise_controller_10.lus,Safe,Safe,19.923000,16.116000,0.808914,-3.807000,win
compare_single_p_907_with_base_x3,compare_single_p_907_resume,base,desc_l2l1,FMCAD08/Real_Int32/large/ccp15.lus,Safe,Safe,0.053000,0.053000,1.000000,0.000000,tie
compare_single_p_907_with_base_x3,compare_single_p_907_resume,base,desc_l2l1,FMCAD08/Real_Int32/large/ccp24.lus,Timeout,Timeout,,,,,unsolved_both
compare_single_p_907_with_base_x3,compare_single_p_907_resume,base,desc_l2l1,FMCAD08/Real_Int32/large/cruise_controller_16.lus,Timeout,Timeout,,,,,unsolved_both
compare_single_p_907_with_base_x3,compare_single_p_907_resume,base,desc_l2l1,FMCAD08/Real_Int32/large/cruise_controller_12.lus,Safe,Safe,0.834000,1.198000,1.436451,0.364000,loss
compare_single_p_907_with_base_x3,compare_single_p_907_resume,base,desc_l2l1,FMCAD08/Real_Int32/large/cruise_controller_22.lus,Unsafe,Unsafe,40.868000,39.165000,0.958329,-1.703000,win
compare_single_p_907_with_base_x3,compare_single_p_907_resume,base,desc_l2l1,FMCAD08/Real_Int32/large/cruise_controller_01.lus,Safe,Safe,3.398000,3.367000,0.990877,-0.031000,win
compare_single_p_907_with_base_x3,compare_single_p_907_resume,base,pic3,FMCAD08/Bool/misc/stalmark_e8_64_e7_80.lus,Unsafe,Unsafe,0.104000,0.017000,0.163462,-0.087000,win
compare_single_p_907_with_base_x3,compare_single_p_907_resume,base,pic3,FMCAD08/Bool/misc/stalmark_e7_27.lus,Safe,Safe,0.102000,0.108000,1.058824,0.006000,loss
compare_single_p_907_with_base_x3,compare_single_p_907_resume,base,pic3,FMCAD08/Bool/misc/switch.lus,Error,Error,0.110000,0.110000,,,unsolved_both
compare_single_p_907_with_base_x3,compare_single_p_907_resume,base,pic3,FMCAD08/Bool/misc/switch2.lus,Error,Error,0.110000,0.110000,,,unsolved_both
compare_single_p_907_with_base_x3,compare_single_p_907_resume,base,pic3,FMCAD08/Bool/misc/stalmark_e8_64_e8_207.lus,Unsafe,Unsafe,0.007000,0.006000,0.857143,-0.001000,win
compare_single_p_907_with_base_x3,compare_single_p_907_resume,base,pic3,FMCAD08/Bool/misc/_6counter2.lus,Unsafe,Unsafe,0.105000,0.108000,1.028571,0.003000,loss
compare_single_p_907_with_base_x3,compare_single_p_907_resume,base,pic3,FMCAD08/Bool/misc/stalmark_e7_27_e7_31.lus,Safe,Safe,0.102000,0.104000,1.019608,0.002000,loss
compare_single_p_907_with_base_x3,compare_single_p_907_resume,base,pic3,FMCAD08/Bool/misc/_6counter.lus,Unsafe,Unsafe,0.363000,0.381000,1.049587,0.018000,loss
compare_single_p_907_with_base_x3,compare_single_p_907_resume,base,pic3,FMCAD08/Bool/misc/stalmark_e8_48.lus,Unsafe,Unsafe,0.008000,0.007000,0.875000,-0.001000,win
compare_single_p_907_with_base_x3,compare_single_p_907_resume,base,pic3,FMCAD08/Bool/misc/stalmark.lus,Safe,Safe,0.086000,0.088000,1.023256,0.002000,loss
compare_single_p_907_with_base_x3,compare_single_p_907_resume,base,pic3,FMCAD08/Bool/misc/stalmark_e7_76.lus,Safe,Safe,0.102000,0.108000,1.058824,0.006000,loss
compare_single_p_907_with_base_x3,compare_single_p_907_resume,base,pic3,FMCAD08/Bool/simulation/ums_e8_1032.lus,Safe,Safe,0.112000,0.114000,1.017857,0.002000,loss
compare_single_p_907_with_base_x3,compare_single_p_907_resume,base,pic3,FMCAD08/Bool/simulation/production_cell_e7_207_e7_41.lus,Unsafe,Unsafe,0.016000,0.016000,1.000000,0.000000,tie
compare_single_p_907_with_base_x3,compare_single_p_907_resume,base,pic3,FMCAD08/Bool/simulation/tramway.lus,Safe,Safe,0.589000,0.358000,0.607810,-0.231000,win
compare_single_p_907_with_base_x3,compare_single_p_907_resume,base,pic3,FMCAD08/Bool/simulation/ums_e7_1700.lus,Unsafe,Unsafe,0.290000,0.296000,1.020690,0.006000,loss
compare_single_p_907_with_base_x3,compare_single_p_907_resume,base,pic3,FMCAD08/Bool/simulation/production_cell_e7_21.lus,Unsafe,Unsafe,0.016000,0.016000,1.000000,0.000000,tie
compare_single_p_907_with_base_x3,compare_single_p_907_resume,base,pic3,FMCAD08/Bool/simulation/production_cell_e7_207_e8_241.lus,Safe,Safe,0.076000,0.079000,1.039474,0.003000,loss
compare_single_p_907_with_base_x3,compare_single_p_907_resume,base,pic3,FMCAD08/Bool/simulation/tramway_e7_1834_e8_3192.lus,Safe,Safe,0.588000,0.385000,0.654762,-0.203000,win
compare_single_p_907_with_base_x3,compare_single_p_907_resume,base,pic3,FMCAD08/Bool/simulation/production_cell_e8_6.lus,Safe,Safe,0.077000,0.079000,1.025974,0.002000,loss
compare_single_p_907_with_base_x3,compare_single_p_907_resume,base,pic3,FMCAD08/Bool/simulation/tramway_e7_1834_e7_2363.lus,Safe,Safe,0.092000,0.094000,1.021739,0.002000,loss
compare_single_p_907_with_base_x3,compare_single_p_907_resume,base,pic3,FMCAD08/Bool/simulation/ums.lus,Safe,Safe,0.089000,0.092000,1.033708,0.003000,loss
compare_single_p_907_with_base_x3,compare_single_p_907_resume,base,pic3,FMCAD08/Bool/simulation/production_cell.lus,Safe,Safe,0.078000,0.079000,1.012821,0.001000,loss
compare_single_p_907_with_base_x3,compare_single_p_907_resume,base,pic3,FMCAD08/Bool/simulation/tramway_e7_1834.lus,Safe,Safe,0.074000,0.078000,1.054054,0.004000,loss
compare_single_p_907_with_base_x3,compare_single_p_907_resume,base,pic3,FMCAD08/Bool/simulation/production_cell_e8_6_e7_651.lus,Unsafe,Unsafe,0.016000,0.015000,0.937500,-0.001000,win
compare_single_p_907_with_base_x3,compare_single_p_907_resume,base,pic3,FMCAD08/Bool/simulation/production_cell_e8_6_e8_427.lus,Unsafe,Unsafe,0.075000,0.075000,1.000000,0.000000,tie
compare_single_p_907_with_base_x3,compare_single_p_907_resume,base,pic3,FMCAD08/Int/protocol/swimmingpool_4_e7_2197.lus,Unsafe,Unsafe,0.272000,0.185000,0.680147,-0.087000,win
compare_single_p_907_with_base_x3,compare_single_p_907_resume,base,pic3,FMCAD08/Int/protocol/rtp_9.lus,Safe,Safe,0.058000,0.058000,1.000000,0.000000,tie
compare_single_p_907_with_base_x3,compare_single_p_907_resume,base,pic3,FMCAD08/Int/protocol/rtp_6.lus,Safe,Safe,0.079000,0.083000,1.050633,0.004000,loss
compare_single_p_907_with_base_x3,compare_single_p_907_resume,base,pic3,FMCAD08/Int/protocol/swimmingpool_6.lus,Unsafe,Unsafe,0.582000,0.308000,0.529210,-0.274000,win
compare_single_p_907_with_base_x3,compare_single_p_907_resume,base,pic3,FMCAD08/Int/protocol/rtp_7.lus,Safe,Safe,0.056000,0.055000,0.982143,-0.001000,win
compare_single_p_907_with_base_x3,compare_single_p_907_resume,base,pic3,FMCAD08/Int/protocol/swimmingpool_6_e7_399.lus,Unsafe,Unsafe,1.138000,0.335000,0.294376,-0.803000,win
compare_single_p_907_with_base_x3,compare_single_p_907_resume,base,pic3,FMCAD08/Int/protocol/rtp_4.lus,Safe,Safe,0.080000,0.091000,1.137500,0.011000,loss
compare_single_p_907_with_base_x3,compare_single_p_907_resume,base,pic3,FMCAD08/Int/protocol/swimmingpool_1_e7_1621.lus,Unsafe,Unsafe,0.202000,0.210000,1.039604,0.008000,loss
compare_single_p_907_with_base_x3,compare_single_p_907_resume,base,pic3,FMCAD08/Int/protocol/rtp_8.lus,Safe,Safe,0.056000,0.057000,1.017857,0.001000,loss
compare_single_p_907_with_base_x3,compare_single_p_907_resume,base,pic3,FMCAD08/Int/protocol/swimmingpool_4.lus,Unsafe,Unsafe,0.129000,0.136000,1.054264,0.007000,loss
compare_single_p_907_with_base_x3,compare_single_p_907_resume,base,pic3,FMCAD08/Int/protocol/peterson_all.lus,Safe,Safe,0.286000,0.211000,0.737762,-0.075000,win
compare_single_p_907_with_base_x3,compare_single_p_907_resume,base,pic3,FMCAD08/Int/protocol/peterson_3.lus,Safe,Safe,0.098000,0.099000,1.010204,0.001000,loss
compare_single_p_907_with_base_x3,compare_single_p_907_resume,base,pic3,FMCAD08/Int/protocol/swimmingpool_3.lus,Unsafe,Unsafe,0.091000,0.086000,0.945055,-0.005000,win
compare_single_p_907_with_base_x3,compare_single_p_907_resume,base,pic3,FMCAD08/Int/protocol/swimmingpool_1.lus,Unsafe,Unsafe,0.949000,0.976000,1.028451,0.027000,loss
compare_single_p_907_with_base_x3,compare_single_p_907_resume,base,pic3,FMCAD08/Int/protocol/swimmingpool_2.lus,Unsafe,Unsafe,0.018000,0.018000,1.000000,0.000000,tie
compare_single_p_907_with_base_x3,compare_single_p_907_resume,base,pic3,FMCAD08/Int/protocol/rtp_all.lus,Safe,Safe,0.389000,0.397000,1.020566,0.008000,loss
compare_single_p_907_with_base_x3,compare_single_p_907_resume,base,pic3,FMCAD08/Int/protocol/readwrit.lus,Safe,Safe,0.055000,0.055000,1.000000,0.000000,tie
compare_single_p_907_with_base_x3,compare_single_p_907_resume,base,pic3,FMCAD08/Int/protocol/rtp_1.lus,Safe,Safe,0.076000,0.076000,1.000000,0.000000,tie
compare_single_p_907_with_base_x3,compare_single_p_907_resume,base,pic3,FMCAD08/Int/protocol/rtp_2.lus,Safe,Safe,0.101000,0.100000,0.990099,-0.001000,win
compare_single_p_907_with_base_x3,compare_single_p_907_resume,base,pic3,FMCAD08/Int/protocol/rtp_5.lus,Safe,Safe,0.058000,0.058000,1.000000,0.000000,tie
compare_single_p_907_with_base_x3,compare_single_p_907_resume,base,pic3,FMCAD08/Int/protocol/rtp_3.lus,Safe,Safe,0.076000,0.078000,1.026316,0.002000,loss
compare_single_p_907_with_base_x3,compare_single_p_907_resume,base,pic3,FMCAD08/Int/protocol/peterson_2.lus,Safe,Safe,0.067000,0.066000,0.985075,-0.001000,win
compare_single_p_907_with_base_x3,compare_single_p_907_resume,base,pic3,FMCAD08/Int/protocol/peterson_1_e7_4234.lus,Safe,Safe,0.076000,0.073000,0.960526,-0.003000,win
compare_single_p_907_with_base_x3,compare_single_p_907_resume,base,pic3,FMCAD08/Int/protocol/peterson_1.lus,Safe,Safe,0.072000,0.072000,1.000000,0.000000,tie
compare_single_p_907_with_base_x3,compare_single_p_907_resume,base,pic3,FMCAD08/Int/protocol/peterson_4.lus,Safe,Safe,0.112000,0.072000,0.642857,-0.040000,win
compare_single_p_907_with_base_x3,compare_single_p_907_resume,base,pic3,FMCAD08/Int/protocol/swimmingpool_8.lus,Unsafe,Unsafe,0.369000,0.382000,1.035230,0.013000,loss
compare_single_p_907_with_base_x3,compare_single_p_907_resume,base,pic3,FMCAD08/Int/protocol/rtp_10_e7_106_e7_2564.lus,Safe,Safe,0.092000,0.092000,1.000000,0.000000,tie
compare_single_p_907_with_base_x3,compare_single_p_907_resume,base,pic3,FMCAD08/Int/protocol/rtp_5_e7_3972.lus,Safe,Safe,0.068000,0.068000,1.000000,0.000000,tie
compare_single_p_907_with_base_x3,compare_single_p_907_resume,base,pic3,FMCAD08/Int/protocol/swimmingpool_6_e7_10_e7_341.lus,Unsafe,Unsafe,0.357000,0.370000,1.036415,0.013000,loss
compare_single_p_907_with_base_x3,compare_single_p_907_resume,base,pic3,FMCAD08/Int/protocol/swimmingpool_7.lus,Unsafe,Unsafe,0.949000,0.313000,0.329821,-0.636000,win
compare_single_p_907_with_base_x3,compare_single_p_907_resume,base,pic3,FMCAD08/Int/protocol/rtp_all_e7_2500.lus,Safe,Safe,0.584000,0.597000,1.022260,0.013000,loss
compare_single_p_907_with_base_x3,compare_single_p_907_resume,base,pic3,FMCAD08/Int/protocol/swimmingpool_9.lus,Unsafe,Unsafe,0.714000,0.797000,1.116246,0.083000,loss
compare_single_p_907_with_base_x3,compare_single_p_907_resume,base,pic3,FMCAD08/Int/protocol/rtp_10.lus,Safe,Safe,0.054000,0.056000,1.037037,0.002000,loss
compare_single_p_907_with_base_x3,compare_single_p_907_resume,base,pic3,FMCAD08/Int/protocol/rtp_vt.lus,Safe,Safe,77.316000,27.288000,0.352941,-50.028000,win
compare_single_p_907_with_base_x3,compare_single_p_907_resume,base,pic3,FMCAD08/Int/protocol/swimmingpool_5.lus,Unsafe,Unsafe,0.189000,0.157000,0.830688,-0.032000,win
compare_single_p_907_with_base_x3,compare_single_p_907_resume,base,pic3,FMCAD08/Int/protocol/peterson_vt.lus,Unsafe,Unsafe,0.412000,0.406000,0.985437,-0.006000,win
compare_single_p_907_with_base_x3,compare_single_p_907_resume,base,pic3,FMCAD08/Int/misc/ticket3i_2.lus,Safe,Safe,0.068000,0.067000,0.985294,-0.001000,win
compare_single_p_907_with_base_x3,compare_single_p_907_resume,base,pic3,FMCAD08/Int/misc/durationThm_3_e3_442_e5_260.lus,Safe,Safe,0.036000,0.036000,1.000000,0.000000,tie
compare_single_p_907_with_base_x3,compare_single_p_907_resume,base,pic3,FMCAD08/Int/misc/ticket3i_7_e7_3176.lus,Safe,Safe,0.145000,0.150000,1.034483,0.005000,loss
compare_single_p_907_with_base_x3,compare_single_p_907_resume,base,pic3,FMCAD08/Int/misc/durationThm_1_e7_217_e3_132.lus,Safe,Safe,0.054000,0.055000,1.018519,0.001000,loss
compare_single_p_907_with_base_x3,compare_single_p_907_resume,base,pic3,FMCAD08/Int/misc/durationThm_2_e7_145_e8_73.lus,Timeout,Timeout,,,,,unsolved_both
compare_single_p_907_with_base_x3,compare_single_p_907_resume,base,pic3,FMCAD08/Int/misc/durationThm_2_e7_145_e1_343.lus,Unsafe,Unsafe,0.013000,0.012000,0.923077,-0.001000,win
compare_single_p_907_with_base_x3,compare_single_p_907_resume,base,pic3,FMCAD08/Int/misc/_6counters.lus,Unsafe,Unsafe,6.824000,7.158000,1.048945,0.334000,loss
compare_single_p_907_with_base_x3,compare_single_p_907_resume,base,pic3,FMCAD08/Int/misc/ticket3i_7_e7_3176_e1_2924.lus,Safe,Safe,0.165000,0.168000,1.018182,0.003000,loss
compare_single_p_907_with_base_x3,compare_single_p_907_resume,base,pic3,FMCAD08/Int/misc/durationThm_1_e2_3.lus,Safe,Safe,0.035000,0.037000,1.057143,0.002000,loss
compare_single_p_907_with_base_x3,compare_single_p_907_resume,base,pic3,FMCAD08/Int/misc/durationThm_2_e7_145_e3_222.lus,Safe,Safe,0.067000,0.064000,0.955224,-0.003000,win
compare_single_p_907_with_base_x3,compare_single_p_907_resume,base,pic3,FMCAD08/Int/misc/durationThm_3_e7_334_e2_62.lus,Safe,Safe,0.076000,0.055000,0.723684,-0.021000,win
compare_single_p_907_with_base_x3,compare_single_p_907_resume,base,pic3,FMCAD08/Int/misc/ticket3i_1.lus,Safe,Safe,0.085000,0.079000,0.929412,-0.006000,win
compare_single_p_907_with_base_x3,compare_single_p_907_resume,base,pic3,FMCAD08/Int/misc/durationThm_3.lus,Timeout,Timeout,,,,,unsolved_both
compare_single_p_907_with_base_x3,compare_single_p_907_resume,base,pic3,FMCAD08/Int/misc/traffic_e7_46_e7_171.lus,Unsafe,Unsafe,0.013000,0.008000,0.615385,-0.005000,win
compare_single_p_907_with_base_x3,compare_single_p_907_resume,base,pic3,FMCAD08/Int/misc/durationThm_2_e7_149.lus,Unsafe,Unsafe,0.013000,0.012000,0.923077,-0.001000,win
compare_single_p_907_with_base_x3,compare_single_p_907_resume,base,pic3,FMCAD08/Int/misc/durationThm_3_e7_334_e3_42.lus,Safe,Safe,0.053000,0.056000,1.056604,0.003000,loss
compare_single_p_907_with_base_x3,compare_single_p_907_resume,base,pic3,FMCAD08/Int/misc/ticket3i_7_e3_59_e7_2122.lus,Safe,Safe,0.158000,0.155000,0.981013,-0.003000,win
compare_single_p_907_with_base_x3,compare_single_p_907_resume,base,pic3,FMCAD08/Int/misc/ex8_e7_74.lus,Unsafe,Unsafe,0.025000,0.025000,1.000000,0.000000,tie
compare_single_p_907_with_base_x3,compare_single_p_907_resume,base,pic3,FMCAD08/Int/misc/ex8_e7_74_e7_740.lus,Unsafe,Unsafe,0.026000,0.025000,0.961538,-0.001000,win
compare_single_p_907_with_base_x3,compare_single_p_907_resume,base,pic3,FMCAD08/Int/misc/ticket3i_3_e7_99.lus,Unsafe,Unsafe,0.020000,0.019000,0.950000,-0.001000,win
compare_single_p_907_with_base_x3,compare_single_p_907_resume,base,pic3,FMCAD08/Int/misc/ticket3i_3_e7_1312_e8_1916.lus,Safe,Safe,0.046000,0.050000,1.086957,0.004000,loss
compare_single_p_907_with_base_x3,compare_single_p_907_resume,base,pic3,FMCAD08/Int/misc/ex8_e8_220_e7_249.lus,Unsafe,Unsafe,0.025000,0.025000,1.000000,0.000000,tie
compare_single_p_907_with_base_x3,compare_single_p_907_resume,base,pic3,FMCAD08/Int/misc/two_counters_e1_268.lus,Unsafe,Unsafe,0.010000,0.010000,1.000000,0.000000,tie
compare_single_p_907_with_base_x3,compare_single_p_907_resume,base,pic3,FMCAD08/Int/misc/durationThm_2.lus,Timeout,Timeout,,,,,unsolved_both
compare_single_p_907_with_base_x3,compare_single_p_907_resume,base,pic3,FMCAD08/Int/misc/durationThm_3_e1_36.lus,Unsafe,Unsafe,0.026000,0.025000,0.961538,-0.001000,win
compare_single_p_907_with_base_x3,compare_single_p_907_resume,base,pic3,FMCAD08/Int/misc/ticket3i_all_e8_505_e7_2450.lus,Safe,Safe,0.196000,0.171000,0.872449,-0.025000,win
compare_single_p_907_with_base_x3,compare_single_p_907_resume,base,pic3,FMCAD08/Int/misc/durationThm_1_e1_350.lus,Unsafe,Unsafe,0.012000,0.011000,0.916667,-0.001000,win
compare_single_p_907_with_base_x3,compare_single_p_907_resume,base,pic3,FMCAD08/Int/misc/ticket3i_3_e8_1703_e8_2560.lus,Safe,Safe,0.048000,0.049000,1.020833,0.001000,loss
compare_single_p_907_with_base_x3,compare_single_p_907_resume,base,pic3,FMCAD08/Int/misc/durationThm_1_e3_389.lus,Safe,Safe,0.035000,0.035000,1.000000,0.000000,tie
compare_single_p_907_with_base_x3,compare_single_p_907_resume,base,pic3,FMCAD08/Int/misc/durationThm_3_e3_442_e4_165.lus,Safe,Safe,0.034000,0.034000,1.000000,0.000000,tie
compare_single_p_907_with_base_x3,compare_single_p_907_resume,base,pic3,FMCAD08/Int/misc/durationThm_1_e7_217_e7_31.lus,Unsafe,Unsafe,0.012000,0.012000,1.000000,0.000000,tie
compare_single_p_907_with_base_x3,compare_single_p_907_resume,base,pic3,FMCAD08/Int/misc/durationThm_1.lus,Timeout,Timeout,,,,,unsolved_both
compare_single_p_907_with_base_x3,compare_single_p_907_resume,base,pic3,FMCAD08/Int/misc/ticket3i_all_e7_591.lus,Safe,Safe,0.149000,0.148000,0.993289,-0.001000,win
compare_single_p_907_with_base_x3,compare_single_p_907_resume,base,pic3,FMCAD08/Int/misc/durationThm_2_e1_301.lus,Timeout,Timeout,,,,,unsolved_both
compare_single_p_907_with_base_x3,compare_single_p_907_resume,base,pic3,FMCAD08/Int/misc/two_counters_e3_325.lus,Unsafe,Unsafe,0.027000,0.027000,1.000000,0.000000,tie
compare_single_p_907_with_base_x3,compare_single_p_907_resume,base,pic3,FMCAD08/Int/misc/durationThm_3_e7_334.lus,Timeout,Unsafe,0.077000,0.125000,,,newly_solved
compare_single_p_907_with_base_x3,compare_single_p_907_resume,base,pic3,FMCAD08/Int/misc/_6counters_e8_371_e1_448.lus,Timeout,Timeout,,,,,unsolved_both
compare_single_p_907_with_base_x3,compare_single_p_907_resume,base,pic3,FMCAD08/Int/misc/ticket3i_3_e8_1703_e7_3491.lus,Unsafe,Unsafe,0.021000,0.020000,0.952381,-0.001000,win
compare_single_p_907_with_base_x3,compare_single_p_907_resume,base,pic3,FMCAD08/Int/misc/ticket3i_1_e7_1669.lus,Safe,Safe,0.086000,0.087000,1.011628,0.001000,loss
compare_single_p_907_with_base_x3,compare_single_p_907_resume,base,pic3,FMCAD08/Int/misc/durationThm_1_e7_217.lus,Unsafe,Unsafe,0.042000,0.044000,1.047619,0.002000,loss
compare_single_p_907_with_base_x3,compare_single_p_907_resume,base,pic3,FMCAD08/Int/misc/traffic.lus,Safe,Safe,0.038000,0.039000,1.026316,0.001000,loss
compare_single_p_907_with_base_x3,compare_single_p_907_resume,base,pic3,FMCAD08/Int/misc/two_counters_e2_3.lus,Unsafe,Unsafe,0.021000,0.021000,1.000000,0.000000,tie
compare_single_p_907_with_base_x3,compare_single_p_907_resume,base,pic3,FMCAD08/Int/misc/ticket3i_7_e1_2192_e1_1852.lus,Safe,Safe,0.203000,0.207000,1.019704,0.004000,loss
compare_single_p_907_with_base_x3,compare_single_p_907_resume,base,pic3,FMCAD08/Int/misc/_6counters_e3_140_e8_149.lus,Timeout,Timeout,,,,,unsolved_both
compare_single_p_907_with_base_x3,compare_single_p_907_resume,base,pic3,FMCAD08/Int/misc/ticket3i_7_e2_2724_e7_524.lus,Safe,Safe,0.151000,0.154000,1.019868,0.003000,loss
compare_single_p_907_with_base_x3,compare_single_p_907_resume,base,pic3,FMCAD08/Int/misc/durationThm_2_e7_145_e2_169.lus,Safe,Safe,0.060000,0.063000,1.050000,0.003000,loss
compare_single_p_907_with_base_x3,compare_single_p_907_resume,base,pic3,FMCAD08/Int/misc/durationThm_2_e7_145_e7_154.lus,Unsafe,Unsafe,0.012000,0.012000,1.000000,0.000000,tie
compare_single_p_907_with_base_x3,compare_single_p_907_resume,base,pic3,FMCAD08/Int/misc/_6counters_e8_371_e7_304.lus,Unsafe,Unsafe,1.254000,0.148000,0.118022,-1.106000,win
compare_single_p_907_with_base_x3,compare_single_p_907_resume,base,pic3,FMCAD08/Int/misc/durationThm_2_e3_329_e4_1.lus,Safe,Safe,0.043000,0.044000,1.023256,0.001000,loss
compare_single_p_907_with_base_x3,compare_single_p_907_resume,base,pic3,FMCAD08/Int/misc/_6countern.lus,Unsafe,Unsafe,0.006000,0.006000,1.000000,0.000000,tie
compare_single_p_907_with_base_x3,compare_single_p_907_resume,base,pic3,FMCAD08/Int/misc/durationThm_3_e7_334_e7_118.lus,Unsafe,Unsafe,0.010000,0.010000,1.000000,0.000000,tie
compare_single_p_907_with_base_x3,compare_single_p_907_resume,base,pic3,FMCAD08/Int/misc/ticket3i_3_e8_1703.lus,Safe,Safe,0.068000,0.067000,0.985294,-0.001000,win
compare_single_p_907_with_base_x3,compare_single_p_907_resume,base,pic3,FMCAD08/Int/misc/ticket3i_4.lus,Safe,Safe,0.063000,0.065000,1.031746,0.002000,loss
compare_single_p_907_with_base_x3,compare_single_p_907_resume,base,pic3,FMCAD08/Int/misc/ticket3i_3_e7_1312_e7_1495.lus,Unsafe,Unsafe,0.025000,0.020000,0.800000,-0.005000,win
compare_single_p_907_with_base_x3,compare_single_p_907_resume,base,pic3,FMCAD08/Int/misc/durationThm_1_e7_217_e1_89.lus,Unsafe,Unsafe,0.013000,0.012000,0.923077,-0.001000,win
compare_single_p_907_with_base_x3,compare_single_p_907_resume,base,pic3,FMCAD08/Int/misc/durationThm_3_e7_334_e1_431.lus,Unsafe,Unsafe,0.025000,0.025000,1.000000,0.000000,tie
compare_single_p_907_with_base_x3,compare_single_p_907_resume,base,pic3,FMCAD08/Int/misc/ex8.lus,Unsafe,Unsafe,0.026000,0.025000,0.961538,-0.001000,win
compare_single_p_907_with_base_x3,compare_single_p_907_resume,base,pic3,FMCAD08/Int/misc/_6counters_e8_371_e2_80.lus,Safe,Safe,0.020000,0.019000,0.950000,-0.001000,win
compare_single_p_907_with_base_x3,compare_single_p_907_resume,base,pic3,FMCAD08/Int/misc/two_counters.lus,Safe,Safe,1.149000,0.574000,0.499565,-0.575000,win
compare_single_p_907_with_base_x3,compare_single_p_907_resume,base,pic3,FMCAD08/Int/misc/durationThm_3_e3_207.lus,Safe,Safe,0.036000,0.043000,1.194444,0.007000,loss
compare_single_p_907_with_base_x3,compare_single_p_907_resume,base,pic3,FMCAD08/Int/misc/ticket3i_3.lus,Safe,Safe,0.045000,0.049000,1.088889,0.004000,loss
compare_single_p_907_with_base_x3,compare_single_p_907_resume,base,pic3,FMCAD08/Int/misc/durationThm_2_e3_329_e5_124.lus,Safe,Safe,0.043000,0.044000,1.023256,0.001000,loss
compare_single_p_907_with_base_x3,compare_single_p_907_resume,base,pic3,FMCAD08/Int/misc/_6counters_e8_371_e3_224.lus,Timeout,Timeout,,,,,unsolved_both
compare_single_p_907_with_base_x3,compare_single_p_907_resume,base,pic3,FMCAD08/Int/misc/ex8_e7_74_e8_302.lus,Unsafe,Unsafe,0.025000,0.025000,1.000000,0.000000,tie
compare_single_p_907_with_base_x3,compare_single_p_907_resume,base,pic3,FMCAD08/Int/misc/ticket3i_all_e3_557_e7_3464.lus,Safe,Safe,0.126000,0.131000,1.039683,0.005000,loss
compare_single_p_907_with_base_x3,compare_single_p_907_resume,base,pic3,FMCAD08/Int/misc/ticket3i_5_e7_3307.lus,Safe,Safe,0.070000,0.071000,1.014286,0.001000,loss
compare_single_p_907_with_base_x3,compare_single_p_907_resume,base,pic3,FMCAD08/Int/misc/two_counters_e7_222.lus,Unsafe,Unsafe,0.010000,0.009000,0.900000,-0.001000,win
compare_single_p_907_with_base_x3,compare_single_p_907_resume,base,pic3,FMCAD08/Int/misc/traffic_e7_46.lus,Unsafe,Unsafe,0.009000,0.008000,0.888889,-0.001000,win
compare_single_p_907_with_base_x3,compare_single_p_907_resume,base,pic3,FMCAD08/Int/misc/twisted_counters.lus,Safe,Safe,2.017000,3.713000,1.840853,1.696000,loss
compare_single_p_907_with_base_x3,compare_single_p_907_resume,base,pic3,FMCAD08/Int/misc/durationThm_1_e3_389_e5_5.lus,Safe,Safe,0.036000,0.036000,1.000000,0.000000,tie
compare_single_p_907_with_base_x3,compare_single_p_907_resume,base,pic3,FMCAD08/Int/misc/durationThm_2_e2_63.lus,Safe,Safe,0.052000,0.053000,1.019231,0.001000,loss
compare_single_p_907_with_base_x3,compare_single_p_907_resume,base,pic3,FMCAD08/Int/misc/durationThm_2_e3_99.lus,Safe,Safe,0.043000,0.043000,1.000000,0.000000,tie
compare_single_p_907_with_base_x3,compare_single_p_907_resume,base,pic3,FMCAD08/Int/misc/ticket3i_all_e2_1117_e7_553.lus,Safe,Safe,0.147000,0.153000,1.040816,0.006000,loss
compare_single_p_907_with_base_x3,compare_single_p_907_resume,base,pic3,FMCAD08/Int/misc/ticket3i_7.lus,Safe,Safe,0.140000,0.140000,1.000000,0.000000,tie
compare_single_p_907_with_base_x3,compare_single_p_907_resume,base,pic3,FMCAD08/Int/misc/ticket3i_4_e7_1775_e7_3320.lus,Safe,Safe,0.061000,0.060000,0.983607,-0.001000,win
compare_single_p_907_with_base_x3,compare_single_p_907_resume,base,pic3,FMCAD08/Int/misc/durationThm_1_e3_389_e4_294.lus,Safe,Safe,0.033000,0.034000,1.030303,0.001000,loss
compare_single_p_907_with_base_x3,compare_single_p_907_resume,base,pic3,FMCAD08/Int/misc/ticket3i_all.lus,Safe,Safe,0.138000,0.138000,1.000000,0.000000,tie
compare_single_p_907_with_base_x3,compare_single_p_907_resume,base,pic3,FMCAD08/Int/misc/durationThm_1_e7_217_e2_352.lus,Safe,Safe,0.055000,0.056000,1.018182,0.001000,loss
compare_single_p_907_with_base_x3,compare_single_p_907_resume,base,pic3,FMCAD08/Int/misc/ticket3i_7_e8_2126_e7_78.lus,Safe,Safe,0.148000,0.152000,1.027027,0.004000,loss
compare_single_p_907_with_base_x3,compare_single_p_907_resume,base,pic3,FMCAD08/Int/misc/ticket3i_all_e1_2706_e7_1776.lus,Safe,Safe,0.147000,0.150000,1.020408,0.003000,loss
compare_single_p_907_with_base_x3,compare_single_p_907_resume,base,pic3,FMCAD08/Int/misc/durationThm_3_e2_63.lus,Safe,Safe,0.034000,0.034000,1.000000,0.000000,tie
compare_single_p_907_with_base_x3,compare_single_p_907_resume,base,pic3,FMCAD08/Int/misc/ticket3i_5.lus,Safe,Safe,0.062000,0.065000,1.048387,0.003000,loss
compare_single_p_907_with_base_x3,compare_single_p_907_resume,base,pic3,FMCAD08/Int/misc/ticket3i_6_e7_1096_e7_2688.lus,Safe,Safe,0.066000,0.066000,1.000000,0.000000,tie
compare_single_p_907_with_base_x3,compare_single_p_907_resume,base,pic3,FMCAD08/Int/misc/ex8_e8_220.lus,Unsafe,Unsafe,0.026000,0.035000,1.346154,0.009000,loss
compare_single_p_907_with_base_x3,compare_single_p_907_resume,base,pic3,FMCAD08/Int/misc/ex3.lus,Safe,Safe,0.110000,0.115000,1.045455,0.005000,loss
compare_single_p_907_with_base_x3,compare_single_p_907_resume,base,pic3,FMCAD08/Int/misc/ticket3i_6.lus,Safe,Safe,0.067000,0.071000,1.059701,0.004000,loss
compare_single_p_907_with_base_x3,compare_single_p_907_resume,base,pic3,FMCAD08/Int/memory1/DRAGON_2_e7_25_e8_3171.lus,Safe,Safe,0.063000,0.063000,1.000000,0.000000,tie
compare_single_p_907_with_base_x3,compare_single_p_907_resume,base,pic3,FMCAD08/Int/memory1/DRAGON_10_e1_3587_e7_872.lus,Unsafe,Unsafe,0.023000,0.022000,0.956522,-0.001000,win
compare_single_p_907_with_base_x3,compare_single_p_907_resume,base,pic3,FMCAD08/Int/memory1/FIREFLY_luke_1b_e2_3049.lus,Unsafe,Unsafe,0.056000,0.059000,1.053571,0.003000,loss
compare_single_p_907_with_base_x3,compare_single_p_907_resume,base,pic3,FMCAD08/Int/memory1/FIREFLY_luke_1a_e2_284_e1_2924.lus,Timeout,Timeout,,,,,unsolved_both
compare_single_p_907_with_base_x3,compare_single_p_907_resume,base,pic3,FMCAD08/Int/memory1/DRAGON_4_e7_2329.lus,Unsafe,Unsafe,0.089000,0.086000,0.966292,-0.003000,win
compare_single_p_907_with_base_x3,compare_single_p_907_resume,base,pic3,FMCAD08/Int/memory1/FIREFLY_luke_1b_e3_671_e5_1637.lus,Unsafe,Unsafe,0.054000,0.056000,1.037037,0.002000,loss
compare_single_p_907_with_base_x3,compare_single_p_907_resume,base,pic3,FMCAD08/Int/memory1/FIREFLY_all_e3_1600_e7_1607.lus,Unsafe,Unsafe,0.020000,0.020000,1.000000,0.000000,tie
compare_single_p_907_with_base_x3,compare_single_p_907_resume,base,pic3,FMCAD08/Int/memory1/FIREFLY_3_e2_2236_e3_2657.lus,Unsafe,Unsafe,0.057000,0.059000,1.035088,0.002000,loss
compare_single_p_907_with_base_x3,compare_single_p_907_resume,base,pic3,FMCAD08/Int/memory1/FIREFLY_all_e7_1909.lus,Unsafe,Unsafe,0.024000,0.021000,0.875000,-0.003000,win
compare_single_p_907_with_base_x3,compare_single_p_907_resume,base,pic3,FMCAD08/Int/memory1/DRAGON_all2_e8_5504_e1_4719.lus,Unsafe,Unsafe,0.027000,0.028000,1.037037,0.001000,loss
compare_single_p_907_with_base_x3,compare_single_p_907_resume,base,pic3,FMCAD08/Int/memory1/DRAGON_3_e3_5422_e2_3135.lus,Safe,Safe,0.070000,0.072000,1.028571,0.002000,loss
compare_single_p_907_with_base_x3,compare_single_p_907_resume,base,pic3,FMCAD08/Int/memory1/DRAGON_all_e2_6104_e2_3308.lus,Safe,Safe,0.183000,0.188000,1.027322,0.005000,loss
compare_single_p_907_with_base_x3,compare_single_p_907_resume,base,pic3,FMCAD08/Int/memory1/DRAGON_10_e1_998.lus,Safe,Safe,0.088000,0.090000,1.022727,0.002000,loss
compare_single_p_907_with_base_x3,compare_single_p_907_resume,base,pic3,FMCAD08/Int/memory1/FIREFLY_a3_e1_3233.lus,Unsafe,Unsafe,0.064000,0.064000,1.000000,0.000000,tie
compare_single_p_907_with_base_x3,compare_single_p_907_resume,base,pic3,FMCAD08/Int/memory1/DRAGON_all2_e7_5406_e7_6697.lus,Unsafe,Unsafe,0.027000,0.028000,1.037037,0.001000,loss
compare_single_p_907_with_base_x3,compare_single_p_907_resume,base,pic3,FMCAD08/Int/memory1/DRAGON_8_e3_786.lus,Timeout,Timeout,293.429000,282.732000,,,unsolved_both
compare_single_p_907_with_base_x3,compare_single_p_907_resume,base,pic3,FMCAD08/Int/memory1/FIREFLY_u1.lus,Safe,Safe,1.304000,0.814000,0.624233,-0.490000,win
compare_single_p_907_with_base_x3,compare_single_p_907_resume,base,pic3,FMCAD08/Int/memory1/DRAGON_all_e3_4821_e4_1791.lus,Safe,Safe,0.179000,0.182000,1.016760,0.003000,loss
compare_single_p_907_with_base_x3,compare_single_p_907_resume,base,pic3,FMCAD08/Int/memory1/FIREFLY_3.lus,Safe,Safe,0.045000,0.045000,1.000000,0.000000,tie
compare_single_p_907_with_base_x3,compare_single_p_907_resume,base,pic3,FMCAD08/Int/memory1/DRAGON_4_e1_4312.lus,Safe,Safe,2.914000,5.860000,2.010981,2.946000,loss
compare_single_p_907_with_base_x3,compare_single_p_907_resume,base,pic3,FMCAD08/Int/memory1/FIREFLY_2.lus,Safe,Safe,0.051000,0.055000,1.078431,0.004000,loss
compare_single_p_907_with_base_x3,compare_single_p_907_resume,base,pic3,FMCAD08/Int/memory1/DRAGON_all_e1_4022_e1_1759.lus,Safe,Safe,0.154000,0.154000,1.000000,0.000000,tie
compare_single_p_907_with_base_x3,compare_single_p_907_resume,base,pic3,FMCAD08/Int/memory1/FIREFLY_luke_rt_e3_1549.lus,Unsafe,Unsafe,0.061000,0.062000,1.016393,0.001000,loss
compare_single_p_907_with_base_x3,compare_single_p_907_resume,base,pic3,FMCAD08/Int/memory1/FIREFLY_a3_e2_2086_e3_2542.lus,Safe,Safe,0.111000,0.110000,0.990991,-0.001000,win
compare_single_p_907_with_base_x3,compare_single_p_907_resume,base,pic3,FMCAD08/Int/memory1/DRAGON_4.lus,Safe,Safe,3.073000,3.993000,1.299382,0.920000,loss
compare_single_p_907_with_base_x3,compare_single_p_907_resume,base,pic3,FMCAD08/Int/memory1/FIREFLY_5_e2_2884_e1_2678.lus,Safe,Safe,0.060000,0.062000,1.033333,0.002000,loss
compare_single_p_907_with_base_x3,compare_single_p_907_resume,base,pic3,FMCAD08/Int/memory1/DRAGON_all_e2_6104_e3_2607.lus,Safe,Safe,0.181000,0.185000,1.022099,0.004000,loss
compare_single_p_907_with_base_x3,compare_single_p_907_resume,base,pic3,FMCAD08/Int/memory1/DRAGON_10_e2_402.lus,Safe,Safe,0.089000,0.086000,0.966292,-0.003000,win
compare_single_p_907_with_base_x3,compare_single_p_907_resume,base,pic3,FMCAD08/Int/memory1/FIREFLY_all_e2_2924_e7_3371.lus,Unsafe,Unsafe,0.021000,0.020000,0.952381,-0.001000,win
compare_single_p_907_with_base_x3,compare_single_p_907_resume,base,pic3,FMCAD08/Int/memory1/FIREFLY_luke_1b_e3_671_e3_941.lus,Unsafe,Unsafe,0.044000,0.046000,1.045455,0.002000,loss
compare_single_p_907_with_base_x3,compare_single_p_907_resume,base,pic3,FMCAD08/Int/memory1/FIREFLY_11_e1_3457.lus,Timeout,Timeout,,,,,unsolved_both
compare_single_p_907_with_base_x3,compare_single_p_907_resume,base,pic3,FMCAD08/Int/memory1/DRAGON_2_e7_25_e2_5340.lus,Unsafe,Unsafe,0.024000,0.024000,1.000000,0.000000,tie
compare_single_p_907_with_base_x3,compare_single_p_907_resume,base,pic3,FMCAD08/Int/memory1/FIREFLY_8_e2_1711_e7_1962.lus,Unsafe,Unsafe,0.019000,0.018000,0.947368,-0.001000,win
compare_single_p_907_with_base_x3,compare_single_p_907_resume,base,pic3,FMCAD08/Int/memory1/DRAGON_2_e7_25_e7_4469.lus,Unsafe,Unsafe,0.024000,0.024000,1.000000,0.000000,tie
compare_single_p_907_with_base_x3,compare_single_p_907_resume,base,pic3,FMCAD08/Int/memory1/DRAGON_7.lus,Safe,Safe,0.120000,0.117000,0.975000,-0.003000,win
compare_single_p_907_with_base_x3,compare_single_p_907_resume,base,pic3,FMCAD08/Int/memory1/DRAGON_all2_e3_4612_e1_6463.lus,Timeout,Timeout,,,,,unsolved_both
compare_single_p_907_with_base_x3,compare_single_p_907_resume,base,pic3,FMCAD08/Int/memory1/DRAGON_3_e1_4783.lus,Safe,Safe,0.070000,0.070000,1.000000,0.000000,tie
compare_single_p_907_with_base_x3,compare_single_p_907_resume,base,pic3,FMCAD08/Int/memory1/FIREFLY_rt.lus,Safe,Safe,0.517000,0.539000,1.042553,0.022000,loss
compare_single_p_907_with_base_x3,compare_single_p_907_resume,base,pic3,FMCAD08/Int/memory1/DRAGON_3_e1_4783_e3_511.lus,Safe,Safe,0.069000,0.070000,1.014493,0.001000,loss
compare_single_p_907_with_base_x3,compare_single_p_907_resume,base,pic3,FMCAD08/Int/memory1/DRAGON_10_e7_3861_e7_2180.lus,Unsafe,Unsafe,0.024000,0.022000,0.916667,-0.002000,win
compare_single_p_907_with_base_x3,compare_single_p_907_resume,base,pic3,FMCAD08/Int/memory1/DRAGON_13_e7_2336_e1_541.lus,Unsafe,Unsafe,0.024000,0.024000,1.000000,0.000000,tie
compare_single_p_907_with_base_x3,compare_single_p_907_resume,base,pic3,FMCAD08/Int/memory1/DRAGON_5_e7_2017_e1_5832.lus,Unsafe,Unsafe,0.092000,0.092000,1.000000,0.000000,tie
compare_single_p_907_with_base_x3,compare_single_p_907_resume,base,pic3,FMCAD08/Int/memory1/DRAGON_all_e2_6104_e1_6205.lus,Safe,Safe,0.154000,0.156000,1.012987,0.002000,loss
compare_single_p_907_with_base_x3,compare_single_p_907_resume,base,pic3,FMCAD08/Int/memory1/DRAGON_all_e2_6104.lus,Safe,Safe,0.181000,0.181000,1.000000,0.000000,tie
compare_single_p_907_with_base_x3,compare_single_p_907_resume,base,pic3,FMCAD08/Int/memory1/FIREFLY_luke_2_e2_1375_e1_418.lus,Safe,Safe,0.732000,0.543000,0.741803,-0.189000,win
compare_single_p_907_with_base_x3,compare_single_p_907_resume,base,pic3,FMCAD08/Int/memory1/DRAGON_9_e7_1843_e7_2225.lus,Safe,Safe,0.063000,0.069000,1.095238,0.006000,loss
compare_single_p_907_with_base_x3,compare_single_p_907_resume,base,pic3,FMCAD08/Int/memory1/DRAGON_4_e2_2799_e3_1915.lus,Safe,Safe,4.584000,3.957000,0.863220,-0.627000,win
compare_single_p_907_with_base_x3,compare_single_p_907_resume,base,pic3,FMCAD08/Int/memory1/DRAGON_2_e1_2316.lus,Safe,Safe,0.062000,0.062000,1.000000,0.000000,tie
compare_single_p_907_with_base_x3,compare_single_p_907_resume,base,pic3,FMCAD08/Int/memory1/DRAGON_3_e2_5343_e1_988.lus,Safe,Safe,0.073000,0.076000,1.041096,0.003000,loss
compare_single_p_907_with_base_x3,compare_single_p_907_resume,base,pic3,FMCAD08/Int/memory1/FIREFLY_luke_3.lus,Safe,Safe,1.912000,1.704000,0.891213,-0.208000,win
compare_single_p_907_with_base_x3,compare_single_p_907_resume,base,pic3,FMCAD08/Int/memory1/DRAGON_all_e7_1941_e2_6086.lus,Unsafe,Unsafe,0.024000,0.024000,1.000000,0.000000,tie
compare_single_p_907_with_base_x3,compare_single_p_907_resume,base,pic3,FMCAD08/Int/memory1/DRAGON_14_e7_3162.lus,Unsafe,Unsafe,0.581000,0.620000,1.067126,0.039000,loss
compare_single_p_907_with_base_x3,compare_single_p_907_resume,base,pic3,FMCAD08/Int/memory1/FIREFLY_10.lus,Safe,Safe,0.061000,0.062000,1.016393,0.001000,loss
compare_single_p_907_with_base_x3,compare_single_p_907_resume,base,pic3,FMCAD08/Int/memory1/FIREFLY_9.lus,Safe,Safe,0.046000,0.047000,1.021739,0.001000,loss
compare_single_p_907_with_base_x3,compare_single_p_907_resume,base,pic3,FMCAD08/Int/memory1/FIREFLY_luke_1b_e1_1139_e2_2893.lus,Safe,Safe,0.045000,0.047000,1.044444,0.002000,loss
compare_single_p_907_with_base_x3,compare_single_p_907_resume,base,pic3,FMCAD08/Int/memory1/DRAGON_all2_e7_5406_e1_6690.lus,Unsafe,Unsafe,0.028000,0.028000,1.000000,0.000000,tie
compare_single_p_907_with_base_x3,compare_single_p_907_resume,base,pic3,FMCAD08/Int/memory1/DRAGON_9.lus,Safe,Safe,0.060000,0.060000,1.000000,0.000000,tie
compare_single_p_907_with_base_x3,compare_single_p_907_resume,base,pic3,FMCAD08/Int/memory1/FIREFLY_luke_rt_e1_913.lus,Unsafe,Unsafe,0.063000,0.064000,1.015873,0.001000,loss
compare_single_p_907_with_base_x3,compare_single_p_907_resume,base,pic3,FMCAD08/Int/memory1/FIREFLY_luke_rt.lus,Safe,Safe,0.071000,0.055000,0.774648,-0.016000,win
compare_single_p_907_with_base_x3,compare_single_p_907_resume,base,pic3,FMCAD08/Int/memory1/FIREFLY_1_e1_1092_e3_389.lus,Unsafe,Unsafe,0.055000,0.053000,0.963636,-0.002000,win
compare_single_p_907_with_base_x3,compare_single_p_907_resume,base,pic3,FMCAD08/Int/memory1/FIREFLY_luke_1b_e3_671_e6_1974.lus,Safe,Safe,0.075000,0.045000,0.600000,-0.030000,win
compare_single_p_907_with_base_x3,compare_single_p_907_resume,base,pic3,FMCAD08/Int/memory1/DRAGON_all_e3_4821_e1_1318.lus,Safe,Safe,0.177000,0.179000,1.011299,0.002000,loss
compare_single_p_907_with_base_x3,compare_single_p_907_resume,base,pic3,FMCAD08/Int/memory1/FIREFLY_luke_rt_e1_913_e1_1993.lus,Unsafe,Unsafe,0.060000,0.070000,1.166667,0.010000,loss
compare_single_p_907_with_base_x3,compare_single_p_907_resume,base,pic3,FMCAD08/Int/memory1/DRAGON_3_e1_4783_e2_158.lus,Safe,Safe,0.072000,0.071000,0.986111,-0.001000,win
compare_single_p_907_with_base_x3,compare_single_p_907_resume,base,pic3,FMCAD08/Int/memory1/FIREFLY_11.lus,Timeout,Timeout,,,,,unsolved_both
compare_single_p_907_with_base_x3,compare_single_p_907_resume,base,pic3,FMCAD08/Int/memory1/DRAGON_5_e7_2017.lus,Unsafe,Unsafe,0.089000,0.089000,1.000000,0.000000,tie
compare_single_p_907_with_base_x3,compare_single_p_907_resume,base,pic3,FMCAD08/Int/memory1/DRAGON_3_e1_4783_e7_4070.lus,Unsafe,Unsafe,0.024000,0.024000,1.000000,0.000000,tie
compare_single_p_907_with_base_x3,compare_single_p_907_resume,base,pic3,FMCAD08/Int/memory1/DRAGON_1_e1_14612_e2_2653_e7_4370.lus,Safe,Safe,0.095000,0.093000,0.978947,-0.002000,win
compare_single_p_907_with_base_x3,compare_single_p_907_resume,base,pic3,FMCAD08/Int/memory1/DRAGON_14_e1_5710.lus,Timeout,Timeout,,,,,unsolved_both
compare_single_p_907_with_base_x3,compare_single_p_907_resume,base,pic3,FMCAD08/Int/memory1/DRAGON_all_e3_4821_e2_1089.lus,Safe,Safe,0.177000,0.154000,0.870056,-0.023000,win
compare_single_p_907_with_base_x3,compare_single_p_907_resume,base,pic3,FMCAD08/Int/memory1/FIREFLY_a3_e1_3233_e1_3123.lus,Unsafe,Unsafe,0.063000,0.068000,1.079365,0.005000,loss
compare_single_p_907_with_base_x3,compare_single_p_907_resume,base,pic3,FMCAD08/Int/memory1/DRAGON_4_e7_2329_e7_3856.lus,Unsafe,Unsafe,0.201000,0.137000,0.681592,-0.064000,win
compare_single_p_907_with_base_x3,compare_single_p_907_resume,base,pic3,FMCAD08/Int/memory1/FIREFLY_all_e1_1207_e1_1201.lus,Unsafe,Unsafe,0.163000,0.153000,0.938650,-0.010000,win
compare_single_p_907_with_base_x3,compare_single_p_907_resume,base,pic3,FMCAD08/Int/memory1/DRAGON_4_e2_2799.lus,Safe,Safe,3.401000,3.590000,1.055572,0.189000,loss
compare_single_p_907_with_base_x3,compare_single_p_907_resume,base,pic3,FMCAD08/Int/memory1/FIREFLY_8.lus,Safe,Safe,0.046000,0.047000,1.021739,0.001000,loss
compare_single_p_907_with_base_x3,compare_single_p_907_resume,base,pic3,FMCAD08/Int/memory1/FIREFLY_all_e3_1600_e1_667.lus,Unsafe,Unsafe,0.064000,0.064000,1.000000,0.000000,tie
compare_single_p_907_with_base_x3,compare_single_p_907_resume,base,pic3,FMCAD08/Int/memory1/DRAGON_10_e2_2785_e3_1744.lus,Safe,Safe,0.063000,0.061000,0.968254,-0.002000,win
compare_single_p_907_with_base_x3,compare_single_p_907_resume,base,pic3,FMCAD08/Int/memory1/DRAGON_5_e7_2017_e7_2326.lus,Unsafe,Unsafe,0.154000,0.123000,0.798701,-0.031000,win
compare_single_p_907_with_base_x3,compare_single_p_907_resume,base,pic3,FMCAD08/Int/memory1/FIREFLY_luke_2_e7_1826_e8_126.lus,Safe,Safe,0.447000,0.490000,1.096197,0.043000,loss
compare_single_p_907_with_base_x3,compare_single_p_907_resume,base,pic3,FMCAD08/Int/memory1/FIREFLY_a3.lus,Safe,Safe,0.107000,0.109000,1.018692,0.002000,loss
compare_single_p_907_with_base_x3,compare_single_p_907_resume,base,pic3,FMCAD08/Int/memory1/DRAGON_12_e2_1618_e1_6030.lus,Safe,Safe,3.128000,3.575000,1.142903,0.447000,loss
compare_single_p_907_with_base_x3,compare_single_p_907_resume,base,pic3,FMCAD08/Int/memory1/DRAGON_12_e2_1618.lus,Safe,Safe,1.955000,1.474000,0.753964,-0.481000,win
compare_single_p_907_with_base_x3,compare_single_p_907_resume,base,pic3,FMCAD08/Int/memory1/DRAGON_7_e2_2872_e3_2640.lus,Safe,Safe,0.119000,0.120000,1.008403,0.001000,loss
compare_single_p_907_with_base_x3,compare_single_p_907_resume,base,pic3,FMCAD08/Int/memory1/DRAGON_9_e7_1843_e2_1145.lus,Safe,Safe,0.094000,0.095000,1.010638,0.001000,loss
compare_single_p_907_with_base_x3,compare_single_p_907_resume,base,pic3,FMCAD08/Int/memory1/DRAGON_8_e7_3752.lus,Safe,Safe,1.096000,0.521000,0.475365,-0.575000,win
compare_single_p_907_with_base_x3,compare_single_p_907_resume,base,pic3,FMCAD08/Int/memory1/DRAGON_12_e2_1618_e3_2012.lus,Safe,Safe,1.305000,1.083000,0.829885,-0.222000,win
compare_single_p_907_with_base_x3,compare_single_p_907_resume,base,pic3,FMCAD08/Int/memory1/DRAGON_14_e7_3162_e7_3528.lus,Unsafe,Unsafe,0.729000,0.665000,0.912209,-0.064000,win
compare_single_p_907_with_base_x3,compare_single_p_907_resume,base,pic3,FMCAD08/Int/memory1/DRAGON_11_e2_5396_e3_282.lus,Timeout,Timeout,,,,,unsolved_both
compare_single_p_907_with_base_x3,compare_single_p_907_resume,base,pic3,FMCAD08/Int/memory1/DRAGON_1.lus,Safe,Safe,0.088000,0.095000,1.079545,0.007000,loss
compare_single_p_907_with_base_x3,compare_single_p_907_resume,base,pic3,FMCAD08/Int/memory1/DRAGON_8_e3_786_e7_4541.lus,Safe,Safe,2.942000,0.913000,0.310333,-2.029000,win
compare_single_p_907_with_base_x3,compare_single_p_907_resume,base,pic3,FMCAD08/Int/memory1/DRAGON_5_e7_2017_e2_664.lus,Unsafe,Unsafe,0.091000,0.093000,1.021978,0.002000,loss
compare_single_p_907_with_base_x3,compare_single_p_907_resume,base,pic3,FMCAD08/Int/memory1/FIREFLY_10_e7_919_e2_3192.lus,Safe,Safe,0.046000,0.050000,1.086957,0.004000,loss
compare_single_p_907_with_base_x3,compare_single_p_907_resume,base,pic3,FMCAD08/Int/memory1/FIREFLY_luke_1b_e3_671_e1_725.lus,Unsafe,Unsafe,0.044000,0.049000,1.113636,0.005000,loss
compare_single_p_907_with_base_x3,compare_single_p_907_resume,base,pic3,FMCAD08/Int/memory1/FIREFLY_8_e2_1711.lus,Safe,Safe,0.045000,0.044000,0.977778,-0.001000,win
compare_single_p_907_with_base_x3,compare_single_p_907_resume,base,pic3,FMCAD08/Int/memory1/DRAGON_2_e2_4481.lus,Safe,Safe,0.062000,0.062000,1.000000,0.000000,tie
compare_single_p_907_with_base_x3,compare_single_p_907_resume,base,pic3,FMCAD08/Int/memory1/DRAGON_11_e3_382_e1_505.lus,Timeout,Timeout,,,,,unsolved_both
compare_single_p_907_with_base_x3,compare_single_p_907_resume,base,pic3,FMCAD08/Int/memory1/FIREFLY_1_e1_1092_e1_1486.lus,Unsafe,Unsafe,0.053000,0.054000,1.018868,0.001000,loss
compare_single_p_907_with_base_x3,compare_single_p_907_resume,base,pic3,FMCAD08/Int/memory1/DRAGON_all_e1_4037.lus,Safe,Safe,0.158000,0.160000,1.012658,0.002000,loss
compare_single_p_907_with_base_x3,compare_single_p_907_resume,base,pic3,FMCAD08/Int/memory1/FIREFLY_luke_rt_e1_913_e7_1403.lus,Unsafe,Unsafe,0.019000,0.018000,0.947368,-0.001000,win
compare_single_p_907_with_base_x3,compare_single_p_907_resume,base,pic3,FMCAD08/Int/memory1/DRAGON_3_e3_5422_e1_2288.lus,Safe,Safe,0.072000,0.070000,0.972222,-0.002000,win
compare_single_p_907_with_base_x3,compare_single_p_907_resume,base,pic3,FMCAD08/Int/memory1/DRAGON_11_e2_1678_e1_3565.lus,Timeout,Timeout,,,,,unsolved_both
compare_single_p_907_with_base_x3,compare_single_p_907_resume,base,pic3,FMCAD08/Int/memory1/FIREFLY_luke_1b_e2_3049_e3_2697.lus,Unsafe,Unsafe,0.042000,0.043000,1.023810,0.001000,loss
compare_single_p_907_with_base_x3,compare_single_p_907_resume,base,pic3,FMCAD08/Int/memory1/FIREFLY_luke_1b_e3_671_e2_2131.lus,Unsafe,Unsafe,0.055000,0.056000,1.018182,0.001000,loss
compare_single_p_907_with_base_x3,compare_single_p_907_resume,base,pic3,FMCAD08/Int/memory1/FIREFLY_a3_e1_3233_e7_906.lus,Unsafe,Unsafe,0.020000,0.020000,1.000000,0.000000,tie
compare_single_p_907_with_base_x3,compare_single_p_907_resume,base,pic3,FMCAD08/Int/memory1/FIREFLY_luke_rt_e2_3460_e2_2670.lus,Unsafe,Unsafe,0.061000,0.065000,1.065574,0.004000,loss
compare_single_p_907_with_base_x3,compare_single_p_907_resume,base,pic3,FMCAD08/Int/memory1/DRAGON_all_e1_4022_e2_267.lus,Safe,Safe,0.181000,0.181000,1.000000,0.000000,tie
compare_single_p_907_with_base_x3,compare_single_p_907_resume,base,pic3,FMCAD08/Int/memory1/FIREFLY_a3_e2_2086_e7_2614.lus,Unsafe,Unsafe,0.021000,0.019000,0.904762,-0.002000,win
compare_single_p_907_with_base_x3,compare_single_p_907_resume,base,pic3,FMCAD08/Int/memory1/DRAGON_all2_e3_4612_e2_5774.lus,Timeout,Timeout,,,,,unsolved_both
compare_single_p_907_with_base_x3,compare_single_p_907_resume,base,pic3,FMCAD08/Int/memory1/FIREFLY_3_e2_2236_e7_3681.lus,Safe,Safe,0.065000,0.065000,1.000000,0.000000,tie
compare_single_p_907_with_base_x3,compare_single_p_907_resume,base,pic3,FMCAD08/Int/memory1/DRAGON_2_e7_25_e3_829.lus,Unsafe,Unsafe,0.037000,0.023000,0.621622,-0.014000,win
compare_single_p_907_with_base_x3,compare_single_p_907_resume,base,pic3,FMCAD08/Int/memory1/FIREFLY_4.lus,Safe,Safe,0.050000,0.049000,0.980000,-0.001000,win
compare_single_p_907_with_base_x3,compare_single_p_907_resume,base,pic3,FMCAD08/Int/memory1/FIREFLY_1_e1_1092_e2_1853.lus,Safe,Safe,0.044000,0.043000,0.977273,-0.001000,win
compare_single_p_907_with_base_x3,compare_single_p_907_resume,base,pic3,FMCAD08/Int/memory1/FIREFLY_4_e3_3511_e1_2375.lus,Unsafe,Unsafe,0.761000,0.212000,0.278581,-0.549000,win
compare_single_p_907_with_base_x3,compare_single_p_907_resume,base,pic3,FMCAD08/Int/memory1/DRAGON_2_e7_25_e1_154.lus,Unsafe,Unsafe,0.025000,0.023000,0.920000,-0.002000,win
compare_single_p_907_with_base_x3,compare_single_p_907_resume,base,pic3,FMCAD08/Int/memory1/DRAGON_1_e1_14612_e1_268_e7_501.lus,Safe,Safe,0.098000,0.096000,0.979592,-0.002000,win
compare_single_p_907_with_base_x3,compare_single_p_907_resume,base,pic3,FMCAD08/Int/memory1/DRAGON_all.lus,Safe,Safe,0.232000,0.182000,0.784483,-0.050000,win
compare_single_p_907_with_base_x3,compare_single_p_907_resume,base,pic3,FMCAD08/Int/memory1/FIREFLY_luke_1b_e3_671.lus,Unsafe,Unsafe,0.043000,0.046000,1.069767,0.003000,loss
compare_single_p_907_with_base_x3,compare_single_p_907_resume,base,pic3,FMCAD08/Int/memory1/FIREFLY_all_e3_1600_e5_84.lus,Unsafe,Unsafe,0.059000,0.062000,1.050847,0.003000,loss
compare_single_p_907_with_base_x3,compare_single_p_907_resume,base,pic3,FMCAD08/Int/memory1/FIREFLY_luke_rt_e1_913_e2_3353.lus,Safe,Safe,0.053000,0.052000,0.981132,-0.001000,win
compare_single_p_907_with_base_x3,compare_single_p_907_resume,base,pic3,FMCAD08/Int/memory1/FIREFLY_a3_e2_2952.lus,Safe,Safe,0.108000,0.112000,1.037037,0.004000,loss
compare_single_p_907_with_base_x3,compare_single_p_907_resume,base,pic3,FMCAD08/Int/memory1/DRAGON_1_e1_3184_e7_1888.lus,Safe,Safe,0.062000,0.062000,1.000000,0.000000,tie
compare_single_p_907_with_base_x3,compare_single_p_907_resume,base,pic3,FMCAD08/Int/memory1/FIREFLY_luke_1a_e2_284_e3_3091.lus,Timeout,Timeout,,,,,unsolved_both
compare_single_p_907_with_base_x3,compare_single_p_907_resume,base,pic3,FMCAD08/Int/memory1/FIREFLY_7.lus,Safe,Safe,35.227000,29.384000,0.834133,-5.843000,win
compare_single_p_907_with_base_x3,compare_single_p_907_resume,base,pic3,FMCAD08/Int/memory1/FIREFLY_all_e3_3496.lus,Unsafe,Unsafe,0.163000,0.102000,0.625767,-0.061000,win
compare_single_p_907_with_base_x3,compare_single_p_907_resume,base,pic3,FMCAD08/Int/memory1/DRAGON_14_e3_1259_e1_5798.lus,Timeout,Timeout,,,,,unsolved_both
compare_single_p_907_with_base_x3,compare_single_p_907_resume,base,pic3,FMCAD08/Int/memory1/FIREFLY_luke_1b_e7_2574.lus,Unsafe,Unsafe,0.019000,0.018000,0.947368,-0.001000,win
compare_single_p_907_with_base_x3,compare_single_p_907_resume,base,pic3,FMCAD08/Int/memory1/FIREFLY_5_e2_2884_e3_1882.lus,Safe,Safe,0.046000,0.046000,1.000000,0.000000,tie
compare_single_p_907_with_base_x3,compare_single_p_907_resume,base,pic3,FMCAD08/Int/memory1/DRAGON_3.lus,Safe,Safe,0.108000,0.071000,0.657407,-0.037000,win
compare_single_p_907_with_base_x3,compare_single_p_907_resume,base,pic3,FMCAD08/Int/memory1/FIREFLY_11_e3_2076_e1_1270.lus,Timeout,Timeout,,,,,unsolved_both
compare_single_p_907_with_base_x3,compare_single_p_907_resume,base,pic3,FMCAD08/Int/memory1/DRAGON_4_e2_2799_e1_1303.lus,Safe,Safe,3.283000,3.627000,1.104782,0.344000,loss
compare_single_p_907_with_base_x3,compare_single_p_907_resume,base,pic3,FMCAD08/Int/memory1/DRAGON_1_e3_11891_e7_4569_e4_4881.lus,Safe,Safe,0.065000,0.064000,0.984615,-0.001000,win
compare_single_p_907_with_base_x3,compare_single_p_907_resume,base,pic3,FMCAD08/Int/memory1/DRAGON_14.lus,Timeout,Timeout,,,,,unsolved_both
compare_single_p_907_with_base_x3,compare_single_p_907_resume,base,pic3,FMCAD08/Int/memory1/FIREFLY_3_e2_2236_e2_1058.lus,Safe,Safe,0.063000,0.063000,1.000000,0.000000,tie
compare_single_p_907_with_base_x3,compare_single_p_907_resume,base,pic3,FMCAD08/Int/memory1/FIREFLY_5_e2_2884_e7_3594.lus,Safe,Safe,0.046000,0.049000,1.065217,0.003000,loss
compare_single_p_907_with_base_x3,compare_single_p_907_resume,base,pic3,FMCAD08/Int/memory1/DRAGON_2_e2_3183_e2_3580.lus,Safe,Safe,0.062000,0.063000,1.016129,0.001000,loss
compare_single_p_907_with_base_x3,compare_single_p_907_resume,base,pic3,FMCAD08/Int/memory1/DRAGON_13_e7_2336_e7_685.lus,Unsafe,Unsafe,0.024000,0.025000,1.041667,0.001000,loss
compare_single_p_907_with_base_x3,compare_single_p_907_resume,base,pic3,FMCAD08/Int/memory1/DRAGON_2_e7_25.lus,Unsafe,Unsafe,0.024000,0.023000,0.958333,-0.001000,win
compare_single_p_907_with_base_x3,compare_single_p_907_resume,base,pic3,FMCAD08/Int/memory1/DRAGON_11_e1_2450_e7_5791.lus,Unsafe,Unsafe,0.025000,0.024000,0.960000,-0.001000,win
compare_single_p_907_with_base_x3,compare_single_p_907_resume,base,pic3,FMCAD08/Int/memory1/FIREFLY_4_e3_3511_e2_1923.lus,Safe,Safe,0.123000,0.125000,1.016260,0.002000,loss
compare_single_p_907_with_base_x3,compare_single_p_907_resume,base,pic3,FMCAD08/Int/memory1/FIREFLY_2_e3_151_e3_1540.lus,Unsafe,Unsafe,0.061000,0.063000,1.032787,0.002000,loss
compare_single_p_907_with_base_x3,compare_single_p_907_resume,base,pic3,FMCAD08/Int/memory1/FIREFLY_luke_5.lus,Timeout,Timeout,,,,,unsolved_both
compare_single_p_907_with_base_x3,compare_single_p_907_resume,base,pic3,FMCAD08/Int/memory1/DRAGON_all2_e3_4612_e4_3719.lus,Timeout,Timeout,,,,,unsolved_both
compare_single_p_907_with_base_x3,compare_single_p_907_resume,base,pic3,FMCAD08/Int/memory1/DRAGON_all2_e8_4626.lus,Unsafe,Unsafe,0.027000,0.027000,1.000000,0.000000,tie
compare_single_p_907_with_base_x3,compare_single_p_907_resume,base,pic3,FMCAD08/Int/memory1/FIREFLY_luke_1b_e7_3191_e1_1303.lus,Unsafe,Unsafe,0.022000,0.019000,0.863636,-0.003000,win
compare_single_p_907_with_base_x3,compare_single_p_907_resume,base,pic3,FMCAD08/Int/memory1/FIREFLY_luke_1b.lus,Safe,Safe,0.046000,0.050000,1.086957,0.004000,loss
compare_single_p_907_with_base_x3,compare_single_p_907_resume,base,pic3,FMCAD08/Int/memory1/DRAGON_2.lus,Safe,Safe,0.061000,0.063000,1.032787,0.002000,loss
compare_single_p_907_with_base_x3,compare_single_p_907_resume,base,pic3,FMCAD08/Int/memory1/DRAGON_all2_e7_5406.lus,Unsafe,Unsafe,0.029000,0.028000,0.965517,-0.001000,win
compare_single_p_907_with_base_x3,compare_single_p_907_resume,base,pic3,FMCAD08/Int/memory1/FIREFLY_a3_e3_314_e4_897.lus,Unsafe,Unsafe,1.037000,0.866000,0.835101,-0.171000,win
compare_single_p_907_with_base_x3,compare_single_p_907_resume,base,pic3,FMCAD08/Int/memory1/FIREFLY_all_e2_3678.lus,Unsafe,Unsafe,0.060000,0.060000,1.000000,0.000000,tie
compare_single_p_907_with_base_x3,compare_single_p_907_resume,base,pic3,FMCAD08/Int/memory1/DRAGON_4_e2_2799_e2_2251.lus,Safe,Safe,4.970000,2.238000,0.450302,-2.732000,win
compare_single_p_907_with_base_x3,compare_single_p_907_resume,base,pic3,FMCAD08/Int/memory1/FIREFLY_6.lus,Safe,Safe,0.440000,0.467000,1.061364,0.027000,loss
compare_single_p_907_with_base_x3,compare_single_p_907_resume,base,pic3,FMCAD08/Int/memory1/FIREFLY_all.lus,Safe,Safe,0.225000,0.232000,1.031111,0.007000,loss
compare_single_p_907_with_base_x3,compare_single_p_907_resume,base,pic3,FMCAD08/Int/memory1/DRAGON_9_e7_1843.lus,Safe,Safe,0.097000,0.096000,0.989691,-0.001000,win
compare_single_p_907_with_base_x3,compare_single_p_907_resume,base,pic3,FMCAD08/Int/memory1/DRAGON_8.lus,Safe,Safe,289.526000,0.992000,0.003426,-288.534000,win
compare_single_p_907_with_base_x3,compare_single_p_907_resume,base,pic3,FMCAD08/Int/memory1/DRAGON_10_e7_3861_e2_1020.lus,Unsafe,Unsafe,0.024000,0.023000,0.958333,-0.001000,win
compare_single_p_907_with_base_x3,compare_single_p_907_resume,base,pic3,FMCAD08/Int/memory1/FIREFLY_6_e2_3302.lus,Safe,Safe,0.520000,0.553000,1.063462,0.033000,loss
compare_single_p_907_with_base_x3,compare_single_p_907_resume,base,pic3,FMCAD08/Int/memory1/DRAGON_3_e1_4783_e1_3755.lus,Safe,Safe,0.071000,0.070000,0.985915,-0.001000,win
compare_single_p_907_with_base_x3,compare_single_p_907_resume,base,pic3,FMCAD08/Int/memory1/FIREFLY_all_e2_2924_e2_1767.lus,Unsafe,Unsafe,0.123000,0.103000,0.837398,-0.020000,win
compare_single_p_907_with_base_x3,compare_single_p_907_resume,base,pic3,FMCAD08/Int/memory1/DRAGON_all_e7_4065.lus,Unsafe,Unsafe,0.024000,0.024000,1.000000,0.000000,tie
compare_single_p_907_with_base_x3,compare_single_p_907_resume,base,pic3,FMCAD08/Int/memory1/FIREFLY_luke_1a_e2_284_e7_998.lus,Unsafe,Unsafe,0.130000,0.139000,1.069231,0.009000,loss
compare_single_p_907_with_base_x3,compare_single_p_907_resume,base,pic3,FMCAD08/Int/memory1/DRAGON_10_e3_3429.lus,Safe,Safe,0.060000,0.061000,1.016667,0.001000,loss
compare_single_p_907_with_base_x3,compare_single_p_907_resume,base,pic3,FMCAD08/Int/memory1/FIREFLY_luke_1b_e7_3191_e2_1864.lus,Unsafe,Unsafe,0.020000,0.020000,1.000000,0.000000,tie
compare_single_p_907_with_base_x3,compare_single_p_907_resume,base,pic3,FMCAD08/Int/memory1/DRAGON_13_e3_1418_e3_2761.lus,Timeout,Safe,0.205000,3.620000,,,newly_solved
compare_single_p_907_with_base_x3,compare_single_p_907_resume,base,pic3,FMCAD08/Int/memory1/DRAGON_10_e1_3587_e3_2749.lus,Safe,Safe,0.086000,0.117000,1.360465,0.031000,loss
compare_single_p_907_with_base_x3,compare_single_p_907_resume,base,pic3,FMCAD08/Int/memory1/FIREFLY_a3_e1_3233_e2_2392.lus,Safe,Safe,0.111000,0.108000,0.972973,-0.003000,win
compare_single_p_907_with_base_x3,compare_single_p_907_resume,base,pic3,FMCAD08/Int/memory1/DRAGON_10_e3_144_e7_523.lus,Unsafe,Unsafe,0.022000,0.023000,1.045455,0.001000,loss
compare_single_p_907_with_base_x3,compare_single_p_907_resume,base,pic3,FMCAD08/Int/memory1/DRAGON_14_e3_5120.lus,Timeout,Timeout,,,,,unsolved_both
compare_single_p_907_with_base_x3,compare_single_p_907_resume,base,pic3,FMCAD08/Int/memory1/DRAGON_6.lus,Safe,Safe,0.060000,0.063000,1.050000,0.003000,loss
compare_single_p_907_with_base_x3,compare_single_p_907_resume,base,pic3,FMCAD08/Int/memory1/FIREFLY_luke_1b_e7_3191_e7_2146.lus,Unsafe,Unsafe,0.051000,0.020000,0.392157,-0.031000,win
compare_single_p_907_with_base_x3,compare_single_p_907_resume,base,pic3,FMCAD08/Int/memory1/FIREFLY_luke_3_e1_2217_e3_1200.lus,Safe,Safe,2.115000,0.827000,0.391017,-1.288000,win
compare_single_p_907_with_base_x3,compare_single_p_907_resume,base,pic3,FMCAD08/Int/memory1/FIREFLY_luke_rt_e2_3460_e7_471.lus,Unsafe,Unsafe,0.020000,0.019000,0.950000,-0.001000,win
compare_single_p_907_with_base_x3,compare_single_p_907_resume,base,pic3,FMCAD08/Int/memory1/DRAGON_11_e1_2450_e3_2330.lus,Timeout,Timeout,,,,,unsolved_both
compare_single_p_907_with_base_x3,compare_single_p_907_resume,base,pic3,FMCAD08/Int/memory1/DRAGON_5.lus,Safe,Safe,0.457000,0.473000,1.035011,0.016000,loss
compare_single_p_907_with_base_x3,compare_single_p_907_resume,base,pic3,FMCAD08/Int/memory1/FIREFLY_8_e2_1711_e2_2673.lus,Safe,Safe,0.045000,0.045000,1.000000,0.000000,tie
compare_single_p_907_with_base_x3,compare_single_p_907_resume,base,pic3,FMCAD08/Int/memory1/DRAGON_all2.lus,Timeout,Timeout,,,,,unsolved_both
compare_single_p_907_with_base_x3,compare_single_p_907_resume,base,pic3,FMCAD08/Int/memory1/DRAGON_11_e3_382_e4_4421.lus,Timeout,Timeout,,,,,unsolved_both
compare_single_p_907_with_base_x3,compare_single_p_907_resume,base,pic3,FMCAD08/Int/memory1/FIREFLY_all_e1_3406.lus,Unsafe,Unsafe,0.099000,0.104000,1.050505,0.005000,loss
compare_single_p_907_with_base_x3,compare_single_p_907_resume,base,pic3,FMCAD08/Int/memory1/DRAGON_6_e7_5046_e7_3623.lus,Safe,Safe,0.063000,0.061000,0.968254,-0.002000,win
compare_single_p_907_with_base_x3,compare_single_p_907_resume,base,pic3,FMCAD08/Int/memory1/FIREFLY_luke_1b_e1_1139_e1_1565.lus,Unsafe,Unsafe,0.043000,0.042000,0.976744,-0.001000,win
compare_single_p_907_with_base_x3,compare_single_p_907_resume,base,pic3,FMCAD08/Int/memory1/FIREFLY_luke_1a_e2_284_e2_2755.lus,Timeout,Timeout,,,,,unsolved_both
compare_single_p_907_with_base_x3,compare_single_p_907_resume,base,pic3,FMCAD08/Int/memory1/FIREFLY_a3_e2_2086_e1_3235.lus,Safe,Safe,0.107000,0.106000,0.990654,-0.001000,win
compare_single_p_907_with_base_x3,compare_single_p_907_resume,base,pic3,FMCAD08/Int/memory1/FIREFLY_luke_rt_e2_3460_e3_1333.lus,Unsafe,Unsafe,0.043000,0.042000,0.976744,-0.001000,win
compare_single_p_907_with_base_x3,compare_single_p_907_resume,base,pic3,FMCAD08/Int/memory1/DRAGON_all_e3_5957.lus,Safe,Safe,0.178000,0.177000,0.994382,-0.001000,win
compare_single_p_907_with_base_x3,compare_single_p_907_resume,base,pic3,FMCAD08/Int/memory1/DRAGON_2_e2_3183_e1_2644.lus,Safe,Safe,0.064000,0.063000,0.984375,-0.001000,win
compare_single_p_907_with_base_x3,compare_single_p_907_resume,base,pic3,FMCAD08/Int/memory1/DRAGON_12.lus,Safe,Safe,2.291000,2.429000,1.060236,0.138000,loss
compare_single_p_907_with_base_x3,compare_single_p_907_resume,base,pic3,FMCAD08/Int/memory1/DRAGON_all2_e7_5406_e2_3084.lus,Unsafe,Unsafe,0.029000,0.029000,1.000000,0.000000,tie
compare_single_p_907_with_base_x3,compare_single_p_907_resume,base,pic3,FMCAD08/Int/memory1/DRAGON_9_e7_1843_e1_5434.lus,Safe,Safe,0.094000,0.091000,0.968085,-0.003000,win
compare_single_p_907_with_base_x3,compare_single_p_907_resume,base,pic3,FMCAD08/Int/memory1/FIREFLY_3_e2_2236.lus,Safe,Safe,0.045000,0.044000,0.977778,-0.001000,win
compare_single_p_907_with_base_x3,compare_single_p_907_resume,base,pic3,FMCAD08/Int/memory1/DRAGON_14_e7_3162_e2_753.lus,Unsafe,Unsafe,1.103000,0.686000,0.621940,-0.417000,win
compare_single_p_907_with_base_x3,compare_single_p_907_resume,base,pic3,FMCAD08/Int/memory1/DRAGON_4_e3_4133.lus,Safe,Safe,3.857000,2.888000,0.748768,-0.969000,win
compare_single_p_907_with_base_x3,compare_single_p_907_resume,base,pic3,FMCAD08/Int/memory1/DRAGON_11_e1_2450_e1_5887.lus,Timeout,Timeout,,,,,unsolved_both
compare_single_p_907_with_base_x3,compare_single_p_907_resume,base,pic3,FMCAD08/Int/memory1/DRAGON_14_e2_3606.lus,Timeout,Timeout,,,,,unsolved_both
compare_single_p_907_with_base_x3,compare_single_p_907_resume,base,pic3,FMCAD08/Int/memory1/FIREFLY_a3_e1_3233_e3_2970.lus,Safe,Safe,0.116000,0.113000,0.974138,-0.003000,win
compare_single_p_907_with_base_x3,compare_single_p_907_resume,base,pic3,FMCAD08/Int/memory1/FIREFLY_a3_e3_314_e2_2812.lus,Safe,Safe,0.189000,0.169000,0.894180,-0.020000,win
compare_single_p_907_with_base_x3,compare_single_p_907_resume,base,pic3,FMCAD08/Int/memory1/DRAGON_all_e3_4821_e5_1536.lus,Safe,Safe,0.157000,0.164000,1.044586,0.007000,loss
compare_single_p_907_with_base_x3,compare_single_p_907_resume,base,pic3,FMCAD08/Int/memory1/FIREFLY_luke_4.lus,Timeout,Timeout,,,,,unsolved_both
compare_single_p_907_with_base_x3,compare_single_p_907_resume,base,pic3,FMCAD08/Int/memory1/DRAGON_11.lus,Timeout,Timeout,,,,,unsolved_both
compare_single_p_907_with_base_x3,compare_single_p_907_resume,base,pic3,FMCAD08/Int/memory1/FIREFLY_all_e1_1207_e2_3220.lus,Safe,Safe,0.264000,0.237000,0.897727,-0.027000,win
compare_single_p_907_with_base_x3,compare_single_p_907_resume,base,pic3,FMCAD08/Int/memory1/FIREFLY_luke_4_e2_325.lus,Timeout,Timeout,,,,,unsolved_both
compare_single_p_907_with_base_x3,compare_single_p_907_resume,base,pic3,FMCAD08/Int/memory1/DRAGON_8_e2_3896_e3_3125.lus,Safe,Safe,6.215000,1.421000,0.228640,-4.794000,win
compare_single_p_907_with_base_x3,compare_single_p_907_resume,base,pic3,FMCAD08/Int/memory1/DRAGON_3_e7_4884.lus,Unsafe,Unsafe,0.024000,0.023000,0.958333,-0.001000,win
compare_single_p_907_with_base_x3,compare_single_p_907_resume,base,pic3,FMCAD08/Int/memory1/FIREFLY_luke_1b_e1_1139_e3_1839.lus,Unsafe,Unsafe,0.055000,0.056000,1.018182,0.001000,loss
compare_single_p_907_with_base_x3,compare_single_p_907_resume,base,pic3,FMCAD08/Int/memory1/FIREFLY_4_e3_3511_e3_422.lus,Safe,Safe,0.125000,0.127000,1.016000,0.002000,loss
compare_single_p_907_with_base_x3,compare_single_p_907_resume,base,pic3,FMCAD08/Int/memory1/FIREFLY_8_e2_1711_e1_1489.lus,Safe,Safe,0.050000,0.044000,0.880000,-0.006000,win
compare_single_p_907_with_base_x3,compare_single_p_907_resume,base,pic3,FMCAD08/Int/memory1/DRAGON_all_e1_4022_e7_2886.lus,Unsafe,Unsafe,0.025000,0.025000,1.000000,0.000000,tie
compare_single_p_907_with_base_x3,compare_single_p_907_resume,base,pic3,FMCAD08/Int/memory1/FIREFLY_all_e3_1600_e4_2415.lus,Unsafe,Unsafe,0.081000,0.089000,1.098765,0.008000,loss
compare_single_p_907_with_base_x3,compare_single_p_907_resume,base,pic3,FMCAD08/Int/memory1/FIREFLY_5.lus,Safe,Safe,0.061000,0.062000,1.016393,0.001000,loss
compare_single_p_907_with_base_x3,compare_single_p_907_resume,base,pic3,FMCAD08/Int/memory1/FIREFLY_1.lus,Safe,Safe,0.043000,0.042000,0.976744,-0.001000,win
compare_single_p_907_with_base_x3,compare_single_p_907_resume,base,pic3,FMCAD08/Int/memory1/FIREFLY_4_e3_3511_e7_3568.lus,Unsafe,Unsafe,0.019000,0.018000,0.947368,-0.001000,win
compare_single_p_907_with_base_x3,compare_single_p_907_resume,base,pic3,FMCAD08/Int/memory1/FIREFLY_5_e2_2229.lus,Safe,Safe,0.047000,0.046000,0.978723,-0.001000,win
compare_single_p_907_with_base_x3,compare_single_p_907_resume,base,pic3,FMCAD08/Int/memory1/DRAGON_all2_e3_4612_e5_3642.lus,Timeout,Timeout,,,,,unsolved_both
compare_single_p_907_with_base_x3,compare_single_p_907_resume,base,pic3,FMCAD08/Int/memory1/DRAGON_5_e2_3018_e2_936.lus,Safe,Safe,0.468000,0.469000,1.002137,0.001000,loss
compare_single_p_907_with_base_x3,compare_single_p_907_resume,base,pic3,FMCAD08/Int/memory1/FIREFLY_luke_2.lus,Safe,Safe,0.450000,0.466000,1.035556,0.016000,loss
compare_single_p_907_with_base_x3,compare_single_p_907_resume,base,pic3,FMCAD08/Int/memory1/FIREFLY_all_e1_1207_e3_1928.lus,Unsafe,Unsafe,0.076000,0.078000,1.026316,0.002000,loss
compare_single_p_907_with_base_x3,compare_single_p_907_resume,base,pic3,FMCAD08/Int/memory1/FIREFLY_all_e1_1207_e7_156.lus,Unsafe,Unsafe,0.020000,0.020000,1.000000,0.000000,tie
compare_single_p_907_with_base_x3,compare_single_p_907_resume,base,pic3,FMCAD08/Int/memory1/DRAGON_9_e7_1843_e3_5316.lus,Safe,Safe,0.063000,0.063000,1.000000,0.000000,tie
compare_single_p_907_with_base_x3,compare_single_p_907_resume,base,pic3,FMCAD08/Int/memory1/FIREFLY_4_e3_3511_e5_3248.lus,Safe,Safe,0.121000,0.125000,1.033058,0.004000,loss
compare_single_p_907_with_base_x3,compare_single_p_907_resume,base,pic3,FMCAD08/Int/memory1/FIREFLY_1_e1_1092_e7_1119.lus,Unsafe,Unsafe,0.019000,0.019000,1.000000,0.000000,tie
compare_single_p_907_with_base_x3,compare_single_p_907_resume,base,pic3,FMCAD08/Int/memory1/FIREFLY_a3_e2_2086_e2_2689.lus,Safe,Safe,0.111000,0.113000,1.018018,0.002000,loss
compare_single_p_907_with_base_x3,compare_single_p_907_resume,base,pic3,FMCAD08/Int/memory1/DRAGON_14_e7_3162_e1_3998.lus,Unsafe,Unsafe,0.753000,0.460000,0.610890,-0.293000,win
compare_single_p_907_with_base_x3,compare_single_p_907_resume,base,pic3,FMCAD08/Int/memory1/DRAGON_12_e2_1618_e2_138.lus,Safe,Safe,4.760000,2.159000,0.453571,-2.601000,win
compare_single_p_907_with_base_x3,compare_single_p_907_resume,base,pic3,FMCAD08/Int/memory1/DRAGON_12_e1_4640_e7_128.lus,Unsafe,Unsafe,0.024000,0.024000,1.000000,0.000000,tie
compare_single_p_907_with_base_x3,compare_single_p_907_resume,base,pic3,FMCAD08/Int/memory1/DRAGON_all2_e8_5504_e7_579.lus,Unsafe,Unsafe,0.027000,0.027000,1.000000,0.000000,tie
compare_single_p_907_with_base_x3,compare_single_p_907_resume,base,pic3,FMCAD08/Int/memory1/DRAGON_5_e1_1835.lus,Safe,Safe,0.565000,0.517000,0.915044,-0.048000,win
compare_single_p_907_with_base_x3,compare_single_p_907_resume,base,pic3,FMCAD08/Int/memory1/FIREFLY_u1_e7_3318.lus,Unsafe,Unsafe,0.057000,0.059000,1.035088,0.002000,loss
compare_single_p_907_with_base_x3,compare_single_p_907_resume,base,pic3,FMCAD08/Int/memory1/DRAGON_13_e7_2336.lus,Unsafe,Unsafe,0.023000,0.023000,1.000000,0.000000,tie
compare_single_p_907_with_base_x3,compare_single_p_907_resume,base,pic3,FMCAD08/Int/memory1/DRAGON_11_e1_2450_e2_1483.lus,Timeout,Timeout,,,,,unsolved_both
compare_single_p_907_with_base_x3,compare_single_p_907_resume,base,pic3,FMCAD08/Int/memory1/DRAGON_5_e7_2017_e3_1763.lus,Unsafe,Unsafe,0.145000,0.160000,1.103448,0.015000,loss
compare_single_p_907_with_base_x3,compare_single_p_907_resume,base,pic3,FMCAD08/Int/memory1/DRAGON_12_e2_1618_e7_4732.lus,Unsafe,Unsafe,0.024000,0.023000,0.958333,-0.001000,win
compare_single_p_907_with_base_x3,compare_single_p_907_resume,base,pic3,FMCAD08/Int/memory1/FIREFLY_luke_rt_e1_913_e3_2128.lus,Unsafe,Unsafe,0.060000,0.062000,1.033333,0.002000,loss
compare_single_p_907_with_base_x3,compare_single_p_907_resume,base,pic3,FMCAD08/Int/memory1/FIREFLY_4_e3_3511.lus,Safe,Safe,0.075000,0.073000,0.973333,-0.002000,win
compare_single_p_907_with_base_x3,compare_single_p_907_resume,base,pic3,FMCAD08/Int/memory1/DRAGON_2_e2_3183_e3_5972.lus,Safe,Safe,0.061000,0.061000,1.000000,0.000000,tie
compare_single_p_907_with_base_x3,compare_single_p_907_resume,base,pic3,FMCAD08/Int/memory1/DRAGON_11_e1_2450.lus,Timeout,Timeout,,,,,unsolved_both
compare_single_p_907_with_base_x3,compare_single_p_907_resume,base,pic3,FMCAD08/Int/memory1/DRAGON_4_e7_2329_e3_4574.lus,Unsafe,Unsafe,0.061000,0.061000,1.000000,0.000000,tie
compare_single_p_907_with_base_x3,compare_single_p_907_resume,base,pic3,FMCAD08/Int/memory1/FIREFLY_luke_rt_e2_3460_e1_1455.lus,Safe,Safe,0.052000,0.051000,0.980769,-0.001000,win
compare_single_p_907_with_base_x3,compare_single_p_907_resume,base,pic3,FMCAD08/Int/memory1/DRAGON_4_e2_2799_e7_2499.lus,Unsafe,Unsafe,0.196000,0.209000,1.066327,0.013000,loss
compare_single_p_907_with_base_x3,compare_single_p_907_resume,base,pic3,FMCAD08/Int/memory1/DRAGON_13.lus,Safe,Safe,28.277000,10.303000,0.364360,-17.974000,win
compare_single_p_907_with_base_x3,compare_single_p_907_resume,base,pic3,FMCAD08/Int/memory1/FIREFLY_luke_1b_e3_671_e4_147.lus,Unsafe,Unsafe,0.042000,0.042000,1.000000,0.000000,tie
compare_single_p_907_with_base_x3,compare_single_p_907_resume,base,pic3,FMCAD08/Int/memory1/DRAGON_13_e7_2336_e2_1255.lus,Unsafe,Unsafe,0.024000,0.024000,1.000000,0.000000,tie
compare_single_p_907_with_base_x3,compare_single_p_907_resume,base,pic3,FMCAD08/Int/memory1/FIREFLY_luke_rt_e2_3460.lus,Unsafe,Unsafe,0.064000,0.062000,0.968750,-0.002000,win
compare_single_p_907_with_base_x3,compare_single_p_907_resume,base,pic3,FMCAD08/Int/memory1/FIREFLY_9_e7_170_e3_3647.lus,Safe,Safe,0.050000,0.049000,0.980000,-0.001000,win
compare_single_p_907_with_base_x3,compare_single_p_907_resume,base,pic3,FMCAD08/Int/memory1/DRAGON_all2_e3_4612_e8_5861.lus,Unsafe,Unsafe,0.028000,0.027000,0.964286,-0.001000,win
compare_single_p_907_with_base_x3,compare_single_p_907_resume,base,pic3,FMCAD08/Int/memory1/DRAGON_all_e1_4022_e3_3628.lus,Safe,Safe,0.160000,0.163000,1.018750,0.003000,loss
compare_single_p_907_with_base_x3,compare_single_p_907_resume,base,pic3,FMCAD08/Int/memory1/DRAGON_all2_e7_5406_e3_506.lus,Unsafe,Unsafe,0.028000,0.028000,1.000000,0.000000,tie
compare_single_p_907_with_base_x3,compare_single_p_907_resume,base,pic3,FMCAD08/Int/memory1/FIREFLY_all_e2_2924_e1_768.lus,Safe,Safe,0.127000,0.131000,1.031496,0.004000,loss
compare_single_p_907_with_base_x3,compare_single_p_907_resume,base,pic3,FMCAD08/Int/memory1/FIREFLY_8_e2_1711_e3_1753.lus,Safe,Safe,0.044000,0.044000,1.000000,0.000000,tie
compare_single_p_907_with_base_x3,compare_single_p_907_resume,base,pic3,FMCAD08/Int/memory1/DRAGON_1_e2_1997.lus,Safe,Safe,0.088000,0.091000,1.034091,0.003000,loss
compare_single_p_907_with_base_x3,compare_single_p_907_resume,base,pic3,FMCAD08/Int/memory1/FIREFLY_4_e3_3511_e4_1464.lus,Unsafe,Unsafe,0.585000,0.422000,0.721368,-0.163000,win
compare_single_p_907_with_base_x3,compare_single_p_907_resume,base,pic3,FMCAD08/Int/memory1/DRAGON_7_e2_2872_e2_5844.lus,Safe,Safe,0.117000,0.118000,1.008547,0.001000,loss
compare_single_p_907_with_base_x3,compare_single_p_907_resume,base,pic3,FMCAD08/Int/memory1/DRAGON_1_e1_5070.lus,Safe,Safe,0.061000,0.060000,0.983607,-0.001000,win
compare_single_p_907_with_base_x3,compare_single_p_907_resume,base,pic3,FMCAD08/Int/memory1/DRAGON_10_e3_144_e5_2046.lus,Safe,Safe,0.087000,0.097000,1.114943,0.010000,loss
compare_single_p_907_with_base_x3,compare_single_p_907_resume,base,pic3,FMCAD08/Int/memory1/FIREFLY_all_e3_1600_e2_676.lus,Unsafe,Unsafe,0.046000,0.046000,1.000000,0.000000,tie
compare_single_p_907_with_base_x3,compare_single_p_907_resume,base,pic3,FMCAD08/Int/memory1/DRAGON_all2_e2_2073_e8_3691.lus,Unsafe,Unsafe,0.029000,0.028000,0.965517,-0.001000,win
compare_single_p_907_with_base_x3,compare_single_p_907_resume,base,pic3,FMCAD08/Int/memory1/DRAGON_4_e3_1540_e1_5048.lus,Safe,Safe,2.717000,2.927000,1.077291,0.210000,loss
compare_single_p_907_with_base_x3,compare_single_p_907_resume,base,pic3,FMCAD08/Int/memory1/DRAGON_13_e7_2336_e3_3117.lus,Unsafe,Unsafe,0.024000,0.023000,0.958333,-0.001000,win
compare_single_p_907_with_base_x3,compare_single_p_907_resume,base,pic3,FMCAD08/Int/memory1/FIREFLY_a3_e3_314_e1_1979.lus,Unsafe,Unsafe,0.723000,0.831000,1.149378,0.108000,loss
compare_single_p_907_with_base_x3,compare_single_p_907_resume,base,pic3,FMCAD08/Int/memory1/FIREFLY_u1_e2_3403_e2_957.lus,Safe,Safe,5.117000,1.353000,0.264413,-3.764000,win
compare_single_p_907_with_base_x3,compare_single_p_907_resume,base,pic3,FMCAD08/Int/memory1/FIREFLY_luke_1a.lus,Timeout,Timeout,,,,,unsolved_both
compare_single_p_907_with_base_x3,compare_single_p_907_resume,base,pic3,FMCAD08/Int/memory1/FIREFLY_rt_e3_1770_e2_637.lus,Safe,Safe,0.549000,0.570000,1.038251,0.021000,loss
compare_single_p_907_with_base_x3,compare_single_p_907_resume,base,pic3,FMCAD08/Int/memory1/DRAGON_14_e7_3162_e3_4298.lus,Unsafe,Unsafe,0.862000,0.707000,0.820186,-0.155000,win
compare_single_p_907_with_base_x3,compare_single_p_907_resume,base,pic3,FMCAD08/Int/memory1/DRAGON_1_e2_1997_e7_3613_e2_3409.lus,Safe,Safe,0.061000,0.063000,1.032787,0.002000,loss
compare_single_p_907_with_base_x3,compare_single_p_907_resume,base,pic3,FMCAD08/Int/memory1/FIREFLY_luke_1b_e3_671_e7_1882.lus,Unsafe,Unsafe,0.020000,0.019000,0.950000,-0.001000,win
compare_single_p_907_with_base_x3,compare_single_p_907_resume,base,pic3,FMCAD08/Int/memory1/DRAGON_all2_e3_4612_e3_1543.lus,Timeout,Timeout,,,,,unsolved_both
compare_single_p_907_with_base_x3,compare_single_p_907_resume,base,pic3,FMCAD08/Int/memory1/DRAGON_7_e7_3157_e2_2082.lus,Safe,Safe,0.130000,0.127000,0.976923,-0.003000,win
compare_single_p_907_with_base_x3,compare_single_p_907_resume,base,pic3,FMCAD08/Int/memory1/FIREFLY_luke_1b_e1_1691.lus,Unsafe,Unsafe,0.045000,0.043000,0.955556,-0.002000,win
compare_single_p_907_with_base_x3,compare_single_p_907_resume,base,pic3,FMCAD08/Int/memory1/FIREFLY_all_e2_2924_e3_3946.lus,Unsafe,Unsafe,0.096000,0.103000,1.072917,0.007000,loss
compare_single_p_907_with_base_x3,compare_single_p_907_resume,base,pic3,FMCAD08/Int/memory1/FIREFLY_luke_1b_e2_3049_e2_698.lus,Unsafe,Unsafe,0.042000,0.046000,1.095238,0.004000,loss
compare_single_p_907_with_base_x3,compare_single_p_907_resume,base,pic3,FMCAD08/Int/memory1/FIREFLY_5_e2_2884_e2_1492.lus,Safe,Safe,0.063000,0.068000,1.079365,0.005000,loss
compare_single_p_907_with_base_x3,compare_single_p_907_resume,base,pic3,FMCAD08/Int/memory1/FIREFLY_luke_1a_e7_3042_e3_1213.lus,Timeout,Safe,190.424000,12.831000,,,newly_solved
compare_single_p_907_with_base_x3,compare_single_p_907_resume,base,pic3,FMCAD08/Int/memory1/DRAGON_3_e3_3846.lus,Safe,Safe,0.067000,0.067000,1.000000,0.000000,tie
compare_single_p_907_with_base_x3,compare_single_p_907_resume,base,pic3,FMCAD08/Int/memory1/FIREFLY_5_e1_2552_e7_1169.lus,Safe,Safe,0.047000,0.048000,1.021277,0.001000,loss
compare_single_p_907_with_base_x3,compare_single_p_907_resume,base,pic3,FMCAD08/Int/memory1/FIREFLY_3_e2_2236_e1_2305.lus,Safe,Safe,0.046000,0.045000,0.978261,-0.001000,win
compare_single_p_907_with_base_x3,compare_single_p_907_resume,base,pic3,FMCAD08/Int/memory1/FIREFLY_all_e3_1600_e3_2055.lus,Unsafe,Unsafe,0.064000,0.064000,1.000000,0.000000,tie
compare_single_p_907_with_base_x3,compare_single_p_907_resume,base,pic3,FMCAD08/Int/memory1/FIREFLY_luke_1b_e2_3049_e1_946.lus,Safe,Safe,0.045000,0.044000,0.977778,-0.001000,win
compare_single_p_907_with_base_x3,compare_single_p_907_resume,base,pic3,FMCAD08/Int/memory1/FIREFLY_1_e1_1092.lus,Unsafe,Unsafe,0.052000,0.070000,1.346154,0.018000,loss
compare_single_p_907_with_base_x3,compare_single_p_907_resume,base,pic3,FMCAD08/Int/memory1/DRAGON_10.lus,Safe,Safe,0.084000,0.084000,1.000000,0.000000,tie
compare_single_p_907_with_base_x3,compare_single_p_907_resume,base,pic3,FMCAD08/Int/simulation/metros_4_e1_917.lus,Timeout,Timeout,225.396000,52.483000,,,unsolved_both
compare_single_p_907_with_base_x3,compare_single_p_907_resume,base,pic3,FMCAD08/Int/simulation/metros_1_e1_846_e2_1394.lus,Safe,Safe,0.946000,0.804000,0.849894,-0.142000,win
compare_single_p_907_with_base_x3,compare_single_p_907_resume,base,pic3,FMCAD08/Int/simulation/car_4_e7_592_e7_265.lus,Safe,Safe,0.044000,0.043000,0.977273,-0.001000,win
compare_single_p_907_with_base_x3,compare_single_p_907_resume,base,pic3,FMCAD08/Int/simulation/car_all_e8_856.lus,Safe,Safe,0.285000,0.315000,1.105263,0.030000,loss
compare_single_p_907_with_base_x3,compare_single_p_907_resume,base,pic3,FMCAD08/Int/simulation/PRODUCER_CONSUMER_all.lus,Safe,Safe,0.053000,0.052000,0.981132,-0.001000,win
compare_single_p_907_with_base_x3,compare_single_p_907_resume,base,pic3,FMCAD08/Int/simulation/car_4_e3_57_e6_784.lus,Safe,Safe,0.045000,0.045000,1.000000,0.000000,tie
compare_single_p_907_with_base_x3,compare_single_p_907_resume,base,pic3,FMCAD08/Int/simulation/metros_2_e1_190.lus,Safe,Safe,69.065000,27.621000,0.399928,-41.444000,win
compare_single_p_907_with_base_x3,compare_single_p_907_resume,base,pic3,FMCAD08/Int/simulation/metros_4_e3_1025.lus,Timeout,Unsafe,0.832000,72.330000,,,newly_solved
compare_single_p_907_with_base_x3,compare_single_p_907_resume,base,pic3,FMCAD08/Int/simulation/car_3_e8_33_e1_856.lus,Unsafe,Unsafe,0.043000,0.039000,0.906977,-0.004000,win
compare_single_p_907_with_base_x3,compare_single_p_907_resume,base,pic3,FMCAD08/Int/simulation/car_5_e7_244_e2_693.lus,Unsafe,Unsafe,0.474000,0.507000,1.069620,0.033000,loss
compare_single_p_907_with_base_x3,compare_single_p_907_resume,base,pic3,FMCAD08/Int/simulation/metros_4_e2_968_e5_991.lus,Timeout,Unsafe,290.240000,128.625000,,,newly_solved
compare_single_p_907_with_base_x3,compare_single_p_907_resume,base,pic3,FMCAD08/Int/simulation/PRODUCER_CONSUMER_3.lus,Safe,Safe,0.035000,0.036000,1.028571,0.001000,loss
compare_single_p_907_with_base_x3,compare_single_p_907_resume,base,pic3,FMCAD08/Int/simulation/metros_1_e1_846_e1_1317.lus,Safe,Safe,0.471000,0.441000,0.936306,-0.030000,win
compare_single_p_907_with_base_x3,compare_single_p_907_resume,base,pic3,FMCAD08/Int/simulation/car_all_e3_1068_e4_275.lus,Safe,Safe,0.199000,0.207000,1.040201,0.008000,loss
compare_single_p_907_with_base_x3,compare_single_p_907_resume,base,pic3,FMCAD08/Int/simulation/PRODUCER_CONSUMER_vt_e7_1059_e8_1111.lus,Timeout,Timeout,,,,,unsolved_both
compare_single_p_907_with_base_x3,compare_single_p_907_resume,base,pic3,FMCAD08/Int/simulation/metros_4_e1_821_e5_911.lus,Timeout,Timeout,,,,,unsolved_both
compare_single_p_907_with_base_x3,compare_single_p_907_resume,base,pic3,FMCAD08/Int/simulation/car_3_e7_626.lus,Safe,Safe,0.080000,0.081000,1.012500,0.001000,loss
compare_single_p_907_with_base_x3,compare_single_p_907_resume,base,pic3,FMCAD08/Int/simulation/PRODUCER_CONSUMER_vt.lus,Timeout,Timeout,,,,,unsolved_both
compare_single_p_907_with_base_x3,compare_single_p_907_resume,base,pic3,FMCAD08/Int/simulation/metros_4.lus,Timeout,Timeout,,,,,unsolved_both
compare_single_p_907_with_base_x3,compare_single_p_907_resume,base,pic3,FMCAD08/Int/simulation/car_2_e8_491_e7_826.lus,Safe,Safe,0.076000,0.081000,1.065789,0.005000,loss
compare_single_p_907_with_base_x3,compare_single_p_907_resume,base,pic3,FMCAD08/Int/simulation/car_all.lus,Safe,Safe,0.260000,0.280000,1.076923,0.020000,loss
compare_single_p_907_with_base_x3,compare_single_p_907_resume,base,pic3,FMCAD08/Int/simulation/car_all_e8_856_e3_180.lus,Unsafe,Unsafe,0.014000,0.013000,0.928571,-0.001000,win
compare_single_p_907_with_base_x3,compare_single_p_907_resume,base,pic3,FMCAD08/Int/simulation/metros_3.lus,Timeout,Timeout,,,,,unsolved_both
compare_single_p_907_with_base_x3,compare_single_p_907_resume,base,pic3,FMCAD08/Int/simulation/car_5_e2_405_e8_1055.lus,Unsafe,Unsafe,0.518000,0.529000,1.021236,0.011000,loss
compare_single_p_907_with_base_x3,compare_single_p_907_resume,base,pic3,FMCAD08/Int/simulation/metros_1_e8_725_e3_556.lus,Safe,Safe,0.157000,0.154000,0.980892,-0.003000,win
compare_single_p_907_with_base_x3,compare_single_p_907_resume,base,pic3,FMCAD08/Int/simulation/metros_4_e3_1091_e3_522.lus,Safe,Safe,0.383000,0.308000,0.804178,-0.075000,win
compare_single_p_907_with_base_x3,compare_single_p_907_resume,base,pic3,FMCAD08/Int/simulation/metros_2_e2_704_e7_810.lus,Unsafe,Unsafe,2.742000,3.905000,1.424143,1.163000,loss
compare_single_p_907_with_base_x3,compare_single_p_907_resume,base,pic3,FMCAD08/Int/simulation/metros_4_e2_968_e6_236.lus,Unsafe,Unsafe,27.338000,0.042000,0.001536,-27.296000,win
compare_single_p_907_with_base_x3,compare_single_p_907_resume,base,pic3,FMCAD08/Int/simulation/metros_2_e1_1116_e1_556.lus,Unsafe,Unsafe,40.387000,19.760000,0.489266,-20.627000,win
compare_single_p_907_with_base_x3,compare_single_p_907_resume,base,pic3,FMCAD08/Int/simulation/metros_2_e2_704_e1_389.lus,Unsafe,Unsafe,6.114000,4.852000,0.793588,-1.262000,win
compare_single_p_907_with_base_x3,compare_single_p_907_resume,base,pic3,FMCAD08/Int/simulation/car_6_e2_589_e2_506.lus,Unsafe,Unsafe,0.526000,0.583000,1.108365,0.057000,loss
compare_single_p_907_with_base_x3,compare_single_p_907_resume,base,pic3,FMCAD08/Int/simulation/speed_e7_207.lus,Safe,Safe,0.026000,0.024000,0.923077,-0.002000,win
compare_single_p_907_with_base_x3,compare_single_p_907_resume,base,pic3,FMCAD08/Int/simulation/metros_3_e3_1275_e1_1350.lus,Timeout,Unsafe,52.494000,1.272000,,,newly_solved
compare_single_p_907_with_base_x3,compare_single_p_907_resume,base,pic3,FMCAD08/Int/simulation/metros_1_e1_846_e7_397.lus,Safe,Safe,0.997000,0.989000,0.991976,-0.008000,win
compare_single_p_907_with_base_x3,compare_single_p_907_resume,base,pic3,FMCAD08/Int/simulation/metros_2_e2_968.lus,Unsafe,Unsafe,45.466000,0.525000,0.011547,-44.941000,win
compare_single_p_907_with_base_x3,compare_single_p_907_resume,base,pic3,FMCAD08/Int/simulation/cd_e7_621_e7_669.lus,Unsafe,Unsafe,1.279000,0.339000,0.265051,-0.940000,win
compare_single_p_907_with_base_x3,compare_single_p_907_resume,base,pic3,FMCAD08/Int/simulation/car_all_e3_1068_e3_163.lus,Unsafe,Unsafe,0.014000,0.013000,0.928571,-0.001000,win
compare_single_p_907_with_base_x3,compare_single_p_907_resume,base,pic3,FMCAD08/Int/simulation/metros_2_e2_704_e2_13.lus,Safe,Safe,0.812000,0.787000,0.969212,-0.025000,win
compare_single_p_907_with_base_x3,compare_single_p_907_resume,base,pic3,FMCAD08/Int/simulation/metros_4_e5_1150.lus,Timeout,Timeout,,,,,unsolved_both
compare_single_p_907_with_base_x3,compare_single_p_907_resume,base,pic3,FMCAD08/Int/simulation/hysteresis_1.lus,Safe,Safe,0.025000,0.025000,1.000000,0.000000,tie
compare_single_p_907_with_base_x3,compare_single_p_907_resume,base,pic3,FMCAD08/Int/simulation/metros_1_e7_606.lus,Safe,Safe,0.801000,0.834000,1.041199,0.033000,loss
compare_single_p_907_with_base_x3,compare_single_p_907_resume,base,pic3,FMCAD08/Int/simulation/hysteresis_3.lus,Safe,Safe,0.112000,0.119000,1.062500,0.007000,loss
compare_single_p_907_with_base_x3,compare_single_p_907_resume,base,pic3,FMCAD08/Int/simulation/fast_1_e8_751.lus,Safe,Safe,0.187000,0.204000,1.090909,0.017000,loss
compare_single_p_907_with_base_x3,compare_single_p_907_resume,base,pic3,FMCAD08/Int/simulation/metros_3_e3_1275_e7_529.lus,Timeout,Unsafe,0.911000,113.237000,,,newly_solved
compare_single_p_907_with_base_x3,compare_single_p_907_resume,base,pic3,FMCAD08/Int/simulation/PRODUCER_CONSUMER_vt_e3_507.lus,Timeout,Timeout,,,,,unsolved_both
compare_single_p_907_with_base_x3,compare_single_p_907_resume,base,pic3,FMCAD08/Int/simulation/car_3_e2_695.lus,Safe,Safe,0.037000,0.047000,1.270270,0.010000,loss
compare_single_p_907_with_base_x3,compare_single_p_907_resume,base,pic3,FMCAD08/Int/simulation/car_5_e2_405_e2_1083.lus,Unsafe,Unsafe,0.501000,0.544000,1.085828,0.043000,loss
compare_single_p_907_with_base_x3,compare_single_p_907_resume,base,pic3,FMCAD08/Int/simulation/fast_1.lus,Safe,Safe,0.194000,0.205000,1.056701,0.011000,loss
compare_single_p_907_with_base_x3,compare_single_p_907_resume,base,pic3,FMCAD08/Int/simulation/car_6_e2_589_e3_349.lus,Unsafe,Unsafe,0.561000,0.585000,1.042781,0.024000,loss
compare_single_p_907_with_base_x3,compare_single_p_907_resume,base,pic3,FMCAD08/Int/simulation/fast_2.lus,Safe,Safe,0.299000,0.276000,0.923077,-0.023000,win
compare_single_p_907_with_base_x3,compare_single_p_907_resume,base,pic3,FMCAD08/Int/simulation/fast_1_e8_747_e7_692.lus,Unsafe,Unsafe,0.023000,0.024000,1.043478,0.001000,loss
compare_single_p_907_with_base_x3,compare_single_p_907_resume,base,pic3,FMCAD08/Int/simulation/metros_1_e2_627.lus,Safe,Safe,0.753000,0.752000,0.998672,-0.001000,win
compare_single_p_907_with_base_x3,compare_single_p_907_resume,base,pic3,FMCAD08/Int/simulation/metros_2_e2_704_e3_76.lus,Unsafe,Unsafe,1.617000,1.565000,0.967842,-0.052000,win
compare_single_p_907_with_base_x3,compare_single_p_907_resume,base,pic3,FMCAD08/Int/simulation/speed_e8_649.lus,Safe,Safe,0.025000,0.025000,1.000000,0.000000,tie
compare_single_p_907_with_base_x3,compare_single_p_907_resume,base,pic3,FMCAD08/Int/simulation/speed2.lus,Safe,Safe,0.111000,0.115000,1.036036,0.004000,loss
compare_single_p_907_with_base_x3,compare_single_p_907_resume,base,pic3,FMCAD08/Int/simulation/car_3_e8_33_e2_1010.lus,Safe,Safe,0.034000,0.034000,1.000000,0.000000,tie
compare_single_p_907_with_base_x3,compare_single_p_907_resume,base,pic3,FMCAD08/Int/simulation/metros_3_e4_987_e2_80.lus,Timeout,Unsafe,280.616000,1.199000,,,newly_solved
compare_single_p_907_with_base_x3,compare_single_p_907_resume,base,pic3,FMCAD08/Int/simulation/car_4_e8_118_e3_514.lus,Unsafe,Unsafe,0.013000,0.012000,0.923077,-0.001000,win
compare_single_p_907_with_base_x3,compare_single_p_907_resume,base,pic3,FMCAD08/Int/simulation/fast_1_e7_2044.lus,Unsafe,Unsafe,0.023000,0.023000,1.000000,0.000000,tie
compare_single_p_907_with_base_x3,compare_single_p_907_resume,base,pic3,FMCAD08/Int/simulation/metros_4_e2_968.lus,Timeout,Unsafe,0.437000,33.691000,,,newly_solved
compare_single_p_907_with_base_x3,compare_single_p_907_resume,base,pic3,FMCAD08/Int/simulation/metros_2.lus,Safe,Safe,95.707000,117.504000,1.227747,21.797000,loss
compare_single_p_907_with_base_x3,compare_single_p_907_resume,base,pic3,FMCAD08/Int/simulation/car_6_e3_294_e5_979.lus,Unsafe,Unsafe,1.111000,0.744000,0.669667,-0.367000,win
compare_single_p_907_with_base_x3,compare_single_p_907_resume,base,pic3,FMCAD08/Int/simulation/metros_3_e3_1275_e5_846.lus,Unsafe,Unsafe,279.546000,0.970000,0.003470,-278.576000,win
compare_single_p_907_with_base_x3,compare_single_p_907_resume,base,pic3,FMCAD08/Int/simulation/metros_5.lus,Timeout,Timeout,,,,,unsolved_both
compare_single_p_907_with_base_x3,compare_single_p_907_resume,base,pic3,FMCAD08/Int/simulation/speed2_e8_449_e8_517.lus,Safe,Safe,0.125000,0.137000,1.096000,0.012000,loss
compare_single_p_907_with_base_x3,compare_single_p_907_resume,base,pic3,FMCAD08/Int/simulation/speed2_e7_223_e8_329.lus,Safe,Safe,0.111000,0.112000,1.009009,0.001000,loss
compare_single_p_907_with_base_x3,compare_single_p_907_resume,base,pic3,FMCAD08/Int/simulation/PRODUCER_CONSUMMER_luke_2_e7_1068_e8_1019.lus,Timeout,Timeout,,,,,unsolved_both
compare_single_p_907_with_base_x3,compare_single_p_907_resume,base,pic3,FMCAD08/Int/simulation/fast_2_e8_460_e8_1920.lus,Safe,Safe,0.256000,0.262000,1.023438,0.006000,loss
compare_single_p_907_with_base_x3,compare_single_p_907_resume,base,pic3,FMCAD08/Int/simulation/speed_e7_207_e7_538.lus,Safe,Safe,0.026000,0.025000,0.961538,-0.001000,win
compare_single_p_907_with_base_x3,compare_single_p_907_resume,base,pic3,FMCAD08/Int/simulation/metros_3_e3_1275_e2_454.lus,Safe,Safe,0.187000,0.193000,1.032086,0.006000,loss
compare_single_p_907_with_base_x3,compare_single_p_907_resume,base,pic3,FMCAD08/Int/simulation/fast_2_e7_2526.lus,Unsafe,Unsafe,0.026000,0.026000,1.000000,0.000000,tie
compare_single_p_907_with_base_x3,compare_single_p_907_resume,base,pic3,FMCAD08/Int/simulation/metros_4_e3_1091_e2_1317.lus,Safe,Safe,0.189000,0.192000,1.015873,0.003000,loss
compare_single_p_907_with_base_x3,compare_single_p_907_resume,base,pic3,FMCAD08/Int/simulation/fast_2_e7_2526_e7_2736.lus,Unsafe,Unsafe,0.027000,0.026000,0.962963,-0.001000,win
compare_single_p_907_with_base_x3,compare_single_p_907_resume,base,pic3,FMCAD08/Int/simulation/metros_4_e2_968_e7_860.lus,Unsafe,Unsafe,65.146000,85.615000,1.314202,20.469000,loss
compare_single_p_907_with_base_x3,compare_single_p_907_resume,base,pic3,FMCAD08/Int/simulation/car_4_e7_592_e3_442.lus,Unsafe,Unsafe,0.012000,0.012000,1.000000,0.000000,tie
compare_single_p_907_with_base_x3,compare_single_p_907_resume,base,pic3,FMCAD08/Int/simulation/car_5_e7_244.lus,Safe,Safe,58.863000,54.599000,0.927561,-4.264000,win
compare_single_p_907_with_base_x3,compare_single_p_907_resume,base,pic3,FMCAD08/Int/simulation/fast_1_e8_747_e8_1041.lus,Safe,Safe,0.170000,0.174000,1.023529,0.004000,loss
compare_single_p_907_with_base_x3,compare_single_p_907_resume,base,pic3,FMCAD08/Int/simulation/speed2_e8_449.lus,Safe,Safe,0.072000,0.072000,1.000000,0.000000,tie
compare_single_p_907_with_base_x3,compare_single_p_907_resume,base,pic3,FMCAD08/Int/simulation/car_4_e3_57.lus,Unsafe,Unsafe,0.019000,0.012000,0.631579,-0.007000,win
compare_single_p_907_with_base_x3,compare_single_p_907_resume,base,pic3,FMCAD08/Int/simulation/metros_1_e8_725_e1_919.lus,Safe,Safe,0.048000,0.049000,1.020833,0.001000,loss
compare_single_p_907_with_base_x3,compare_single_p_907_resume,base,pic3,FMCAD08/Int/simulation/car_all_e1_618.lus,Unsafe,Unsafe,0.078000,0.081000,1.038462,0.003000,loss
compare_single_p_907_with_base_x3,compare_single_p_907_resume,base,pic3,FMCAD08/Int/simulation/car_1.lus,Safe,Safe,0.047000,0.047000,1.000000,0.000000,tie
compare_single_p_907_with_base_x3,compare_single_p_907_resume,base,pic3,FMCAD08/Int/simulation/metros_3_e3_1275_e4_164.lus,Timeout,Unsafe,0.437000,0.455000,,,newly_solved
compare_single_p_907_with_base_x3,compare_single_p_907_resume,base,pic3,FMCAD08/Int/simulation/fast_2_e8_976.lus,Safe,Safe,0.293000,0.317000,1.081911,0.024000,loss
compare_single_p_907_with_base_x3,compare_single_p_907_resume,base,pic3,FMCAD08/Int/simulation/Gas.lus,Timeout,Timeout,,,,,unsolved_both
compare_single_p_907_with_base_x3,compare_single_p_907_resume,base,pic3,FMCAD08/Int/simulation/car_4_e7_592.lus,Safe,Safe,0.088000,0.075000,0.852273,-0.013000,win
compare_single_p_907_with_base_x3,compare_single_p_907_resume,base,pic3,FMCAD08/Int/simulation/metros_4_e3_1091_e1_1044.lus,Unsafe,Unsafe,195.527000,23.360000,0.119472,-172.167000,win
compare_single_p_907_with_base_x3,compare_single_p_907_resume,base,pic3,FMCAD08/Int/simulation/metros_1_e2_1102_e7_1163.lus,Safe,Safe,0.845000,0.691000,0.817751,-0.154000,win
compare_single_p_907_with_base_x3,compare_single_p_907_resume,base,pic3,FMCAD08/Int/simulation/cd.lus,Safe,Safe,10.169000,11.086000,1.090176,0.917000,loss
compare_single_p_907_with_base_x3,compare_single_p_907_resume,base,pic3,FMCAD08/Int/simulation/metros_2_e1_1116_e7_1440.lus,Unsafe,Unsafe,253.934000,4.555000,0.017938,-249.379000,win
compare_single_p_907_with_base_x3,compare_single_p_907_resume,base,pic3,FMCAD08/Int/simulation/PRODUCER_CONSUMER_1.lus,Safe,Safe,0.056000,0.057000,1.017857,0.001000,loss
compare_single_p_907_with_base_x3,compare_single_p_907_resume,base,pic3,FMCAD08/Int/simulation/metros_4_e2_968_e4_801.lus,Timeout,Unsafe,264.388000,0.781000,,,newly_solved
compare_single_p_907_with_base_x3,compare_single_p_907_resume,base,pic3,FMCAD08/Int/simulation/car_6.lus,Safe,Safe,104.724000,18.707000,0.178631,-86.017000,win
compare_single_p_907_with_base_x3,compare_single_p_907_resume,base,pic3,FMCAD08/Int/simulation/car_all_e3_1068_e1_178.lus,Unsafe,Unsafe,0.013000,0.013000,1.000000,0.000000,tie
compare_single_p_907_with_base_x3,compare_single_p_907_resume,base,pic3,FMCAD08/Int/simulation/metros_1_e2_1102_e3_961.lus,Safe,Safe,0.507000,0.513000,1.011834,0.006000,loss
compare_single_p_907_with_base_x3,compare_single_p_907_resume,base,pic3,FMCAD08/Int/simulation/car_3_e1_586.lus,Unsafe,Unsafe,0.026000,0.026000,1.000000,0.000000,tie
compare_single_p_907_with_base_x3,compare_single_p_907_resume,base,pic3,FMCAD08/Int/simulation/metros_3_e4_987_e1_1115.lus,Timeout,Timeout,,,,,unsolved_both
compare_single_p_907_with_base_x3,compare_single_p_907_resume,base,pic3,FMCAD08/Int/simulation/metros_1.lus,Safe,Safe,1.454000,1.137000,0.781981,-0.317000,win
compare_single_p_907_with_base_x3,compare_single_p_907_resume,base,pic3,FMCAD08/Int/simulation/speed2_e8_449_e7_353.lus,Safe,Safe,0.093000,0.096000,1.032258,0.003000,loss
compare_single_p_907_with_base_x3,compare_single_p_907_resume,base,pic3,FMCAD08/Int/simulation/metros_1_e1_846_e3_1060.lus,Safe,Safe,0.626000,0.847000,1.353035,0.221000,loss
compare_single_p_907_with_base_x3,compare_single_p_907_resume,base,pic3,FMCAD08/Int/simulation/metros_2_e1_1116_e2_617.lus,Safe,Safe,0.931000,0.883000,0.948443,-0.048000,win
compare_single_p_907_with_base_x3,compare_single_p_907_resume,base,pic3,FMCAD08/Int/simulation/car_5_e3_661.lus,Unsafe,Unsafe,0.649000,0.708000,1.090909,0.059000,loss
compare_single_p_907_with_base_x3,compare_single_p_907_resume,base,pic3,FMCAD08/Int/simulation/car_3_e8_33_e7_220.lus,Safe,Safe,0.075000,0.076000,1.013333,0.001000,loss
compare_single_p_907_with_base_x3,compare_single_p_907_resume,base,pic3,FMCAD08/Int/simulation/car_5_e2_405_e3_473.lus,Unsafe,Unsafe,0.500000,0.524000,1.048000,0.024000,loss
compare_single_p_907_with_base_x3,compare_single_p_907_resume,base,pic3,FMCAD08/Int/simulation/car_6_e3_294_e3_47.lus,Unsafe,Unsafe,0.725000,0.804000,1.108966,0.079000,loss
compare_single_p_907_with_base_x3,compare_single_p_907_resume,base,pic3,FMCAD08/Int/simulation/car_all_e3_1068_e2_13.lus,Unsafe,Unsafe,0.013000,0.013000,1.000000,0.000000,tie
compare_single_p_907_with_base_x3,compare_single_p_907_resume,base,pic3,FMCAD08/Int/simulation/metros_1_e8_725_e2_1144.lus,Safe,Safe,0.047000,0.049000,1.042553,0.002000,loss
compare_single_p_907_with_base_x3,compare_single_p_907_resume,base,pic3,FMCAD08/Int/simulation/metros_1_e7_1255_e7_12.lus,Safe,Safe,0.888000,0.859000,0.967342,-0.029000,win
compare_single_p_907_with_base_x3,compare_single_p_907_resume,base,pic3,FMCAD08/Int/simulation/car_6_e1_152.lus,Safe,Safe,6.011000,4.076000,0.678090,-1.935000,win
compare_single_p_907_with_base_x3,compare_single_p_907_resume,base,pic3,FMCAD08/Int/simulation/PRODUCER_CONSUMER_vt_e2_1352.lus,Timeout,Timeout,,,,,unsolved_both
compare_single_p_907_with_base_x3,compare_single_p_907_resume,base,pic3,FMCAD08/Int/simulation/car_5_e7_244_e1_823.lus,Safe,Safe,51.139000,6.190000,0.121043,-44.949000,win
compare_single_p_907_with_base_x3,compare_single_p_907_resume,base,pic3,FMCAD08/Int/simulation/car_all_e3_1068_e5_882.lus,Unsafe,Unsafe,0.013000,0.013000,1.000000,0.000000,tie
compare_single_p_907_with_base_x3,compare_single_p_907_resume,base,pic3,FMCAD08/Int/simulation/metros_4_e2_968_e2_1166.lus,Safe,Safe,0.289000,0.210000,0.726644,-0.079000,win
compare_single_p_907_with_base_x3,compare_single_p_907_resume,base,pic3,FMCAD08/Int/simulation/cd_e7_8.lus,Unsafe,Unsafe,1.028000,0.319000,0.310311,-0.709000,win
compare_single_p_907_with_base_x3,compare_single_p_907_resume,base,pic3,FMCAD08/Int/simulation/car_all_e8_856_e2_585.lus,Safe,Safe,0.140000,0.145000,1.035714,0.005000,loss
compare_single_p_907_with_base_x3,compare_single_p_907_resume,base,pic3,FMCAD08/Int/simulation/car_6_e2_893.lus,Unsafe,Unsafe,0.521000,0.564000,1.082534,0.043000,loss
compare_single_p_907_with_base_x3,compare_single_p_907_resume,base,pic3,FMCAD08/Int/simulation/PRODUCER_CONSUMMER_luke_2.lus,Timeout,Timeout,,,,,unsolved_both
compare_single_p_907_with_base_x3,compare_single_p_907_resume,base,pic3,FMCAD08/Int/simulation/metros_1_e8_725.lus,Safe,Safe,0.048000,0.051000,1.062500,0.003000,loss
compare_single_p_907_with_base_x3,compare_single_p_907_resume,base,pic3,FMCAD08/Int/simulation/car_all_e8_856_e1_217.lus,Unsafe,Unsafe,0.122000,0.113000,0.926230,-0.009000,win
compare_single_p_907_with_base_x3,compare_single_p_907_resume,base,pic3,FMCAD08/Int/simulation/speed2_e7_223_e7_213.lus,Safe,Safe,0.111000,0.115000,1.036036,0.004000,loss
compare_single_p_907_with_base_x3,compare_single_p_907_resume,base,pic3,FMCAD08/Int/simulation/car_2.lus,Safe,Safe,0.079000,0.084000,1.063291,0.005000,loss
compare_single_p_907_with_base_x3,compare_single_p_907_resume,base,pic3,FMCAD08/Int/simulation/metros_1_e2_1102_e2_943.lus,Safe,Safe,0.516000,0.354000,0.686047,-0.162000,win
compare_single_p_907_with_base_x3,compare_single_p_907_resume,base,pic3,FMCAD08/Int/simulation/metros_3_e3_1275_e6_1315.lus,Timeout,Timeout,,,,,unsolved_both
compare_single_p_907_with_base_x3,compare_single_p_907_resume,base,pic3,FMCAD08/Int/simulation/car_6_e1_152_e1_391.lus,Safe,Safe,4.390000,1.762000,0.401367,-2.628000,win
compare_single_p_907_with_base_x3,compare_single_p_907_resume,base,pic3,FMCAD08/Int/simulation/fast_1_e7_2044_e7_1287.lus,Unsafe,Unsafe,0.022000,0.023000,1.045455,0.001000,loss
compare_single_p_907_with_base_x3,compare_single_p_907_resume,base,pic3,FMCAD08/Int/simulation/metros_4_e3_1091_e4_232.lus,Unsafe,Unsafe,143.971000,0.461000,0.003202,-143.510000,win
compare_single_p_907_with_base_x3,compare_single_p_907_resume,base,pic3,FMCAD08/Int/simulation/car_3.lus,Safe,Safe,0.084000,0.094000,1.119048,0.010000,loss
compare_single_p_907_with_base_x3,compare_single_p_907_resume,base,pic3,FMCAD08/Int/simulation/car_5.lus,Safe,Safe,66.360000,19.267000,0.290341,-47.093000,win
compare_single_p_907_with_base_x3,compare_single_p_907_resume,base,pic3,FMCAD08/Int/simulation/PRODUCER_CONSUMER_2.lus,Safe,Safe,0.038000,0.038000,1.000000,0.000000,tie
compare_single_p_907_with_base_x3,compare_single_p_907_resume,base,pic3,FMCAD08/Int/simulation/speed_e7_207_e8_507.lus,Safe,Safe,0.025000,0.024000,0.960000,-0.001000,win
compare_single_p_907_with_base_x3,compare_single_p_907_resume,base,pic3,FMCAD08/Int/simulation/metros_4_e2_968_e1_956.lus,Timeout,Unsafe,58.778000,19.404000,,,newly_solved
compare_single_p_907_with_base_x3,compare_single_p_907_resume,base,pic3,FMCAD08/Int/simulation/hysteresis_all.lus,Safe,Safe,0.131000,0.138000,1.053435,0.007000,loss
compare_single_p_907_with_base_x3,compare_single_p_907_resume,base,pic3,FMCAD08/Int/simulation/metros_2_e3_112.lus,Unsafe,Unsafe,66.992000,14.193000,0.211861,-52.799000,win
compare_single_p_907_with_base_x3,compare_single_p_907_resume,base,pic3,FMCAD08/Int/simulation/car_4.lus,Safe,Safe,0.047000,0.046000,0.978723,-0.001000,win
compare_single_p_907_with_base_x3,compare_single_p_907_resume,base,pic3,FMCAD08/Int/simulation/hysteresis_2.lus,Safe,Safe,0.125000,0.128000,1.024000,0.003000,loss
compare_single_p_907_with_base_x3,compare_single_p_907_resume,base,pic3,FMCAD08/Int/simulation/car_all_e7_188_e7_743.lus,Safe,Safe,0.264000,0.278000,1.053030,0.014000,loss
compare_single_p_907_with_base_x3,compare_single_p_907_resume,base,pic3,FMCAD08/Int/simulation/fast_2_e8_460_e7_43.lus,Unsafe,Unsafe,0.027000,0.026000,0.962963,-0.001000,win
compare_single_p_907_with_base_x3,compare_single_p_907_resume,base,pic3,FMCAD08/Int/simulation/car_1_e7_184_e3_299.lus,Safe,Safe,0.046000,0.046000,1.000000,0.000000,tie
compare_single_p_907_with_base_x3,compare_single_p_907_resume,base,pic3,FMCAD08/Int/simulation/car_4_e8_118.lus,Safe,Safe,0.066000,0.034000,0.515152,-0.032000,win
compare_single_p_907_with_base_x3,compare_single_p_907_resume,base,pic3,FMCAD08/Int/simulation/metros_3_e4_987_e3_291.lus,Timeout,Timeout,0.775000,287.999000,,,unsolved_both
compare_single_p_907_with_base_x3,compare_single_p_907_resume,base,pic3,FMCAD08/Int/simulation/car_2_e7_1027_e7_359.lus,Safe,Safe,0.079000,0.084000,1.063291,0.005000,loss
compare_single_p_907_with_base_x3,compare_single_p_907_resume,base,pic3,FMCAD08/Int/simulation/metros_3_e4_987.lus,Timeout,Timeout,,,,,unsolved_both
compare_single_p_907_with_base_x3,compare_single_p_907_resume,base,pic3,FMCAD08/Int/simulation/car_5_e3_11_e1_429.lus,Unsafe,Unsafe,0.629000,0.698000,1.109698,0.069000,loss
compare_single_p_907_with_base_x3,compare_single_p_907_resume,base,pic3,FMCAD08/Int/simulation/car_all_e1_618_e3_303.lus,Unsafe,Unsafe,0.069000,0.069000,1.000000,0.000000,tie
compare_single_p_907_with_base_x3,compare_single_p_907_resume,base,pic3,FMCAD08/Int/simulation/speed2_e7_496.lus,Safe,Safe,0.131000,0.105000,0.801527,-0.026000,win
compare_single_p_907_with_base_x3,compare_single_p_907_resume,base,pic3,FMCAD08/Int/simulation/car_4_e3_57_e5_999.lus,Unsafe,Unsafe,0.046000,0.013000,0.282609,-0.033000,win
compare_single_p_907_with_base_x3,compare_single_p_907_resume,base,pic3,FMCAD08/Int/simulation/car_2_e7_1027_e1_1047.lus,Safe,Safe,0.082000,0.082000,1.000000,0.000000,tie
compare_single_p_907_with_base_x3,compare_single_p_907_resume,base,pic3,FMCAD08/Int/simulation/metros_1_e2_1102_e1_317.lus,Safe,Safe,0.916000,0.787000,0.859170,-0.129000,win
compare_single_p_907_with_base_x3,compare_single_p_907_resume,base,pic3,FMCAD08/Int/simulation/metros_2_e1_1116_e3_287.lus,Unsafe,Unsafe,1.487000,1.192000,0.801614,-0.295000,win
compare_single_p_907_with_base_x3,compare_single_p_907_resume,base,pic3,FMCAD08/Int/simulation/metros_4_e2_968_e3_931.lus,Safe,Safe,0.299000,0.250000,0.836120,-0.049000,win
compare_single_p_907_with_base_x3,compare_single_p_907_resume,base,pic3,FMCAD08/Int/simulation/car_4_e8_118_e7_178.lus,Safe,Safe,0.090000,0.093000,1.033333,0.003000,loss
compare_single_p_907_with_base_x3,compare_single_p_907_resume,base,pic3,FMCAD08/Int/simulation/car_5_e7_244_e3_1071.lus,Unsafe,Unsafe,0.606000,0.636000,1.049505,0.030000,loss
compare_single_p_907_with_base_x3,compare_single_p_907_resume,base,pic3,FMCAD08/Int/simulation/speed_e8_649_e7_709.lus,Safe,Safe,0.025000,0.024000,0.960000,-0.001000,win
compare_single_p_907_with_base_x3,compare_single_p_907_resume,base,pic3,FMCAD08/Int/simulation/car_all_e8_856_e7_578.lus,Safe,Safe,0.251000,0.267000,1.063745,0.016000,loss
compare_single_p_907_with_base_x3,compare_single_p_907_resume,base,pic3,FMCAD08/Int/simulation/metros_3_e3_1275_e3_640.lus,Safe,Safe,0.343000,0.312000,0.909621,-0.031000,win
compare_single_p_907_with_base_x3,compare_single_p_907_resume,base,pic3,FMCAD08/Int/simulation/car_all_e2_142_e7_209.lus,Safe,Safe,0.194000,0.197000,1.015464,0.003000,loss
compare_single_p_907_with_base_x3,compare_single_p_907_resume,base,pic3,FMCAD08/Int/simulation/car_3_e8_33.lus,Safe,Safe,0.081000,0.082000,1.012346,0.001000,loss
compare_single_p_907_with_base_x3,compare_single_p_907_resume,base,pic3,FMCAD08/Int/simulation/car_5_e3_11_e5_24.lus,Unsafe,Unsafe,0.632000,0.666000,1.053797,0.034000,loss
compare_single_p_907_with_base_x3,compare_single_p_907_resume,base,pic3,FMCAD08/Int/simulation/car_4_e3_57_e4_1047.lus,Safe,Safe,0.034000,0.037000,1.088235,0.003000,loss
compare_single_p_907_with_base_x3,compare_single_p_907_resume,base,pic3,FMCAD08/Int/simulation/car_all_e2_142.lus,Safe,Safe,0.201000,0.208000,1.034826,0.007000,loss
compare_single_p_907_with_base_x3,compare_single_p_907_resume,base,pic3,FMCAD08/Int/simulation/metros_3_e3_1275.lus,Timeout,Unsafe,0.836000,0.615000,,,newly_solved
compare_single_p_907_with_base_x3,compare_single_p_907_resume,base,pic3,FMCAD08/Int/simulation/PRODUCER_CONSUMMER_luke_1.lus,Unsafe,Unsafe,0.013000,0.013000,1.000000,0.000000,tie
compare_single_p_907_with_base_x3,compare_single_p_907_resume,base,pic3,FMCAD08/Int/simulation/car_6_e3_294_e1_956.lus,Unsafe,Unsafe,0.657000,0.702000,1.068493,0.045000,loss
compare_single_p_907_with_base_x3,compare_single_p_907_resume,base,pic3,FMCAD08/Int/simulation/car_3_e7_626_e1_305.lus,Unsafe,Unsafe,0.026000,0.028000,1.076923,0.002000,loss
compare_single_p_907_with_base_x3,compare_single_p_907_resume,base,pic3,FMCAD08/Int/simulation/metros_5_e4_1208_e1_337.lus,Timeout,Timeout,,,,,unsolved_both
compare_single_p_907_with_base_x3,compare_single_p_907_resume,base,pic3,FMCAD08/Int/simulation/car_all_e3_1068.lus,Unsafe,Unsafe,0.013000,0.013000,1.000000,0.000000,tie
compare_single_p_907_with_base_x3,compare_single_p_907_resume,base,pic3,FMCAD08/Int/memory2/SYNAPSE_5_e2_1525.lus,Timeout,Timeout,,,,,unsolved_both
compare_single_p_907_with_base_x3,compare_single_p_907_resume,base,pic3,FMCAD08/Int/memory2/MOESI_2_e3_929_e2_2421.lus,Unsafe,Unsafe,0.016000,0.014000,0.875000,-0.002000,win
compare_single_p_907_with_base_x3,compare_single_p_907_resume,base,pic3,FMCAD08/Int/memory2/SYNAPSE_4_e8_974.lus,Safe,Safe,0.036000,0.036000,1.000000,0.000000,tie
compare_single_p_907_with_base_x3,compare_single_p_907_resume,base,pic3,FMCAD08/Int/memory2/SYNAPSE_all.lus,Safe,Safe,0.071000,0.073000,1.028169,0.002000,loss
compare_single_p_907_with_base_x3,compare_single_p_907_resume,base,pic3,FMCAD08/Int/memory2/MOESI_2_e7_2910_e2_611.lus,Unsafe,Unsafe,0.017000,0.015000,0.882353,-0.002000,win
compare_single_p_907_with_base_x3,compare_single_p_907_resume,base,pic3,FMCAD08/Int/memory2/MOESI_2.lus,Safe,Safe,0.040000,0.038000,0.950000,-0.002000,win
compare_single_p_907_with_base_x3,compare_single_p_907_resume,base,pic3,FMCAD08/Int/memory2/ILLINOIS_2_e1_834.lus,Unsafe,Unsafe,0.019000,0.019000,1.000000,0.000000,tie
compare_single_p_907_with_base_x3,compare_single_p_907_resume,base,pic3,FMCAD08/Int/memory2/MESI_3_e1_2517_e8_2163.lus,Safe,Safe,0.698000,0.661000,0.946991,-0.037000,win
compare_single_p_907_with_base_x3,compare_single_p_907_resume,base,pic3,FMCAD08/Int/memory2/MESI_i4_e8_1381_e1_1837.lus,Unsafe,Unsafe,0.132000,0.138000,1.045455,0.006000,loss
compare_single_p_907_with_base_x3,compare_single_p_907_resume,base,pic3,FMCAD08/Int/memory2/MESI_1_e2_162_e7_1545.lus,Safe,Safe,0.037000,0.036000,0.972973,-0.001000,win
compare_single_p_907_with_base_x3,compare_single_p_907_resume,base,pic3,FMCAD08/Int/memory2/MESI_i3_e1_447_e2_1098.lus,Unsafe,Unsafe,0.013000,0.013000,1.000000,0.000000,tie
compare_single_p_907_with_base_x3,compare_single_p_907_resume,base,pic3,FMCAD08/Int/memory2/SYNAPSE_5_e1_811.lus,Unsafe,Unsafe,0.028000,0.028000,1.000000,0.000000,tie
compare_single_p_907_with_base_x3,compare_single_p_907_resume,base,pic3,FMCAD08/Int/memory2/SYNAPSE_123_e7_837_e2_1394.lus,Unsafe,Unsafe,0.014000,0.015000,1.071429,0.001000,loss
compare_single_p_907_with_base_x3,compare_single_p_907_resume,base,pic3,FMCAD08/Int/memory2/SYNAPSE_123_e8_953_e1_1128.lus,Unsafe,Unsafe,0.015000,0.015000,1.000000,0.000000,tie
compare_single_p_907_with_base_x3,compare_single_p_907_resume,base,pic3,FMCAD08/Int/memory2/ILLINOIS_2_e2_2367_e3_1601.lus,Unsafe,Unsafe,0.018000,0.018000,1.000000,0.000000,tie
compare_single_p_907_with_base_x3,compare_single_p_907_resume,base,pic3,FMCAD08/Int/memory2/MOESI_1_e2_982_e7_492.lus,Safe,Safe,0.052000,0.052000,1.000000,0.000000,tie
compare_single_p_907_with_base_x3,compare_single_p_907_resume,base,pic3,FMCAD08/Int/memory2/MOESI_2_e3_929.lus,Safe,Safe,0.038000,0.038000,1.000000,0.000000,tie
compare_single_p_907_with_base_x3,compare_single_p_907_resume,base,pic3,FMCAD08/Int/memory2/MESI_i4_e8_1381_e4_313.lus,Unsafe,Unsafe,0.134000,0.138000,1.029851,0.004000,loss
compare_single_p_907_with_base_x3,compare_single_p_907_resume,base,pic3,FMCAD08/Int/memory2/MOESI_2_e1_1753_e1_1510.lus,Unsafe,Unsafe,0.015000,0.015000,1.000000,0.000000,tie
compare_single_p_907_with_base_x3,compare_single_p_907_resume,base,pic3,FMCAD08/Int/memory2/MESI_i1_e3_2145.lus,Unsafe,Unsafe,0.015000,0.014000,0.933333,-0.001000,win
compare_single_p_907_with_base_x3,compare_single_p_907_resume,base,pic3,FMCAD08/Int/memory2/MESI_all_e4_1147_e7_497.lus,Safe,Safe,0.062000,0.062000,1.000000,0.000000,tie
compare_single_p_907_with_base_x3,compare_single_p_907_resume,base,pic3,FMCAD08/Int/memory2/MOESI_2_e7_2607.lus,Unsafe,Unsafe,0.015000,0.015000,1.000000,0.000000,tie
compare_single_p_907_with_base_x3,compare_single_p_907_resume,base,pic3,FMCAD08/Int/memory2/SYNAPSE_2_e8_1118_e2_237.lus,Unsafe,Unsafe,0.013000,0.013000,1.000000,0.000000,tie
compare_single_p_907_with_base_x3,compare_single_p_907_resume,base,pic3,FMCAD08/Int/memory2/MESI_i1_e3_2145_e5_2391.lus,Unsafe,Unsafe,0.014000,0.014000,1.000000,0.000000,tie
compare_single_p_907_with_base_x3,compare_single_p_907_resume,base,pic3,FMCAD08/Int/memory2/MOESI_2_e3_929_e6_2707.lus,Safe,Safe,0.037000,0.050000,1.351351,0.013000,loss
compare_single_p_907_with_base_x3,compare_single_p_907_resume,base,pic3,FMCAD08/Int/memory2/SYNAPSE_4.lus,Safe,Safe,0.036000,0.037000,1.027778,0.001000,loss
compare_single_p_907_with_base_x3,compare_single_p_907_resume,base,pic3,FMCAD08/Int/memory2/MESI_3_e2_819_e7_1665.lus,Unsafe,Unsafe,0.020000,0.020000,1.000000,0.000000,tie
compare_single_p_907_with_base_x3,compare_single_p_907_resume,base,pic3,FMCAD08/Int/memory2/SYNAPSE_3_e8_1329_e3_421.lus,Unsafe,Unsafe,0.040000,0.040000,1.000000,0.000000,tie
compare_single_p_907_with_base_x3,compare_single_p_907_resume,base,pic3,FMCAD08/Int/memory2/SYNAPSE_123_e7_856.lus,Safe,Safe,0.056000,0.061000,1.089286,0.005000,loss
compare_single_p_907_with_base_x3,compare_single_p_907_resume,base,pic3,FMCAD08/Int/memory2/ILLINOIS_2_e1_834_e2_3395.lus,Safe,Safe,0.048000,0.048000,1.000000,0.000000,tie
compare_single_p_907_with_base_x3,compare_single_p_907_resume,base,pic3,FMCAD08/Int/memory2/MESI_i1_e3_2145_e2_2228.lus,Unsafe,Unsafe,0.014000,0.013000,0.928571,-0.001000,win
compare_single_p_907_with_base_x3,compare_single_p_907_resume,base,pic3,FMCAD08/Int/memory2/ILLINOIS_4.lus,Safe,Safe,0.047000,0.048000,1.021277,0.001000,loss
compare_single_p_907_with_base_x3,compare_single_p_907_resume,base,pic3,FMCAD08/Int/memory2/MESI_i1_e3_2145_e3_977.lus,Unsafe,Unsafe,0.014000,0.014000,1.000000,0.000000,tie
compare_single_p_907_with_base_x3,compare_single_p_907_resume,base,pic3,FMCAD08/Int/memory2/ILLINOIS_3_e3_2581.lus,Unsafe,Unsafe,0.019000,0.018000,0.947368,-0.001000,win
compare_single_p_907_with_base_x3,compare_single_p_907_resume,base,pic3,FMCAD08/Int/memory2/MESI_4_e7_1140_e7_433.lus,Safe,Safe,0.099000,0.083000,0.838384,-0.016000,win
compare_single_p_907_with_base_x3,compare_single_p_907_resume,base,pic3,FMCAD08/Int/memory2/MESI_all.lus,Safe,Safe,0.123000,0.125000,1.016260,0.002000,loss
compare_single_p_907_with_base_x3,compare_single_p_907_resume,base,pic3,FMCAD08/Int/memory2/SYNAPSE_2_e8_1118_e1_667.lus,Unsafe,Unsafe,0.013000,0.013000,1.000000,0.000000,tie
compare_single_p_907_with_base_x3,compare_single_p_907_resume,base,pic3,FMCAD08/Int/memory2/MOESI_2_e7_2910_e1_1021.lus,Unsafe,Unsafe,0.015000,0.015000,1.000000,0.000000,tie
compare_single_p_907_with_base_x3,compare_single_p_907_resume,base,pic3,FMCAD08/Int/memory2/SYNAPSE_123_e3_302_e1_1141.lus,Unsafe,Unsafe,0.030000,0.029000,0.966667,-0.001000,win
compare_single_p_907_with_base_x3,compare_single_p_907_resume,base,pic3,FMCAD08/Int/memory2/SYNAPSE_all_e7_907.lus,Safe,Safe,0.065000,0.067000,1.030769,0.002000,loss
compare_single_p_907_with_base_x3,compare_single_p_907_resume,base,pic3,FMCAD08/Int/memory2/SYNAPSE_123_e8_953_e3_271.lus,Unsafe,Unsafe,0.073000,0.066000,0.904110,-0.007000,win
compare_single_p_907_with_base_x3,compare_single_p_907_resume,base,pic3,FMCAD08/Int/memory2/SYNAPSE_2_e8_656.lus,Safe,Safe,0.033000,0.032000,0.969697,-0.001000,win
compare_single_p_907_with_base_x3,compare_single_p_907_resume,base,pic3,FMCAD08/Int/memory2/SYNAPSE_3_e1_1416_e2_753.lus,Unsafe,Unsafe,0.014000,0.014000,1.000000,0.000000,tie
compare_single_p_907_with_base_x3,compare_single_p_907_resume,base,pic3,FMCAD08/Int/memory2/SYNAPSE_3_e7_425.lus,Safe,Safe,0.035000,0.034000,0.971429,-0.001000,win
compare_single_p_907_with_base_x3,compare_single_p_907_resume,base,pic3,FMCAD08/Int/memory2/ILLINOIS_2.lus,Safe,Safe,0.047000,0.048000,1.021277,0.001000,loss
compare_single_p_907_with_base_x3,compare_single_p_907_resume,base,pic3,FMCAD08/Int/memory2/ILLINOIS_5_e7_692_e7_2865.lus,Safe,Safe,0.050000,0.049000,0.980000,-0.001000,win
compare_single_p_907_with_base_x3,compare_single_p_907_resume,base,pic3,FMCAD08/Int/memory2/MOESI_2_e3_929_e3_2294.lus,Unsafe,Unsafe,0.043000,0.042000,0.976744,-0.001000,win
compare_single_p_907_with_base_x3,compare_single_p_907_resume,base,pic3,FMCAD08/Int/memory2/MOESI_2_e3_929_e4_578.lus,Safe,Safe,0.038000,0.037000,0.973684,-0.001000,win
compare_single_p_907_with_base_x3,compare_single_p_907_resume,base,pic3,FMCAD08/Int/memory2/SYNAPSE_2.lus,Safe,Safe,0.032000,0.034000,1.062500,0.002000,loss
compare_single_p_907_with_base_x3,compare_single_p_907_resume,base,pic3,FMCAD08/Int/memory2/MESI_i2.lus,Unsafe,Unsafe,0.027000,0.027000,1.000000,0.000000,tie
compare_single_p_907_with_base_x3,compare_single_p_907_resume,base,pic3,FMCAD08/Int/memory2/MESI_i1_e4_1986_e1_1519.lus,Unsafe,Unsafe,0.041000,0.040000,0.975610,-0.001000,win
compare_single_p_907_with_base_x3,compare_single_p_907_resume,base,pic3,FMCAD08/Int/memory2/ILLINOIS_2_e2_2367_e7_2728.lus,Unsafe,Unsafe,0.019000,0.017000,0.894737,-0.002000,win
compare_single_p_907_with_base_x3,compare_single_p_907_resume,base,pic3,FMCAD08/Int/memory2/MOESI_2_e8_926_e8_2138.lus,Safe,Safe,0.038000,0.038000,1.000000,0.000000,tie
compare_single_p_907_with_base_x3,compare_single_p_907_resume,base,pic3,FMCAD08/Int/memory2/SYNAPSE_5_e1_811_e1_823.lus,Unsafe,Unsafe,0.026000,0.041000,1.576923,0.015000,loss
compare_single_p_907_with_base_x3,compare_single_p_907_resume,base,pic3,FMCAD08/Int/memory2/ILLINOIS_r4a.lus,Safe,Safe,0.777000,0.698000,0.898327,-0.079000,win
compare_single_p_907_with_base_x3,compare_single_p_907_resume,base,pic3,FMCAD08/Int/memory2/ILLINOIS_4_e7_2651_e7_2847.lus,Safe,Safe,0.059000,0.060000,1.016949,0.001000,loss
compare_single_p_907_with_base_x3,compare_single_p_907_resume,base,pic3,FMCAD08/Int/memory2/ILLINOIS_2_e1_834_e7_3738.lus,Unsafe,Unsafe,0.018000,0.018000,1.000000,0.000000,tie
compare_single_p_907_with_base_x3,compare_single_p_907_resume,base,pic3,FMCAD08/Int/memory2/SYNAPSE_2_e8_1118_e8_1177.lus,Safe,Safe,0.030000,0.031000,1.033333,0.001000,loss
compare_single_p_907_with_base_x3,compare_single_p_907_resume,base,pic3,FMCAD08/Int/memory2/MESI_i1_e3_2145_e8_2325.lus,Unsafe,Unsafe,0.014000,0.014000,1.000000,0.000000,tie
compare_single_p_907_with_base_x3,compare_single_p_907_resume,base,pic3,FMCAD08/Int/memory2/ILLINOIS_5.lus,Safe,Safe,0.046000,0.047000,1.021739,0.001000,loss
compare_single_p_907_with_base_x3,compare_single_p_907_resume,base,pic3,FMCAD08/Int/memory2/ILLINOIS_2_e1_834_e3_2931.lus,Unsafe,Unsafe,0.018000,0.018000,1.000000,0.000000,tie
compare_single_p_907_with_base_x3,compare_single_p_907_resume,base,pic3,FMCAD08/Int/memory2/ILLINOIS_3_e3_2581_e2_2545.lus,Unsafe,Unsafe,0.017000,0.016000,0.941176,-0.001000,win
compare_single_p_907_with_base_x3,compare_single_p_907_resume,base,pic3,FMCAD08/Int/memory2/SYNAPSE_6_e2_1439_e1_954.lus,Safe,Safe,0.120000,0.114000,0.950000,-0.006000,win
compare_single_p_907_with_base_x3,compare_single_p_907_resume,base,pic3,FMCAD08/Int/memory2/SYNAPSE_all_e8_251_e3_1472.lus,Unsafe,Unsafe,0.082000,0.052000,0.634146,-0.030000,win
compare_single_p_907_with_base_x3,compare_single_p_907_resume,base,pic3,FMCAD08/Int/memory2/MOESI_2_e8_926_e7_961.lus,Unsafe,Unsafe,0.015000,0.015000,1.000000,0.000000,tie
compare_single_p_907_with_base_x3,compare_single_p_907_resume,base,pic3,FMCAD08/Int/memory2/MOESI_2_e3_929_e8_1167.lus,Safe,Safe,0.037000,0.036000,0.972973,-0.001000,win
compare_single_p_907_with_base_x3,compare_single_p_907_resume,base,pic3,FMCAD08/Int/memory2/MESI_3_e2_819_e5_2554.lus,Unsafe,Unsafe,0.032000,0.018000,0.562500,-0.014000,win
compare_single_p_907_with_base_x3,compare_single_p_907_resume,base,pic3,FMCAD08/Int/memory2/SYNAPSE_2_e1_1239.lus,Unsafe,Unsafe,0.013000,0.013000,1.000000,0.000000,tie
compare_single_p_907_with_base_x3,compare_single_p_907_resume,base,pic3,FMCAD08/Int/memory2/MOESI_2_e3_929_e5_1826.lus,Safe,Safe,0.038000,0.038000,1.000000,0.000000,tie
compare_single_p_907_with_base_x3,compare_single_p_907_resume,base,pic3,FMCAD08/Int/memory2/SYNAPSE_i1.lus,Unsafe,Unsafe,0.013000,0.012000,0.923077,-0.001000,win
compare_single_p_907_with_base_x3,compare_single_p_907_resume,base,pic3,FMCAD08/Int/memory2/SYNAPSE_3_e1_1416.lus,Unsafe,Unsafe,0.014000,0.014000,1.000000,0.000000,tie
compare_single_p_907_with_base_x3,compare_single_p_907_resume,base,pic3,FMCAD08/Int/memory2/MESI_i1_e2_2656.lus,Unsafe,Unsafe,0.014000,0.014000,1.000000,0.000000,tie
compare_single_p_907_with_base_x3,compare_single_p_907_resume,base,pic3,FMCAD08/Int/memory2/MESI_i1_e3_2145_e4_1717.lus,Unsafe,Unsafe,0.013000,0.014000,1.076923,0.001000,loss
compare_single_p_907_with_base_x3,compare_single_p_907_resume,base,pic3,FMCAD08/Int/memory2/MESI_3_e3_2669.lus,Safe,Safe,0.507000,0.500000,0.986193,-0.007000,win
compare_single_p_907_with_base_x3,compare_single_p_907_resume,base,pic3,FMCAD08/Int/memory2/ILLINOIS_3_e3_2581_e4_958.lus,Unsafe,Unsafe,0.017000,0.016000,0.941176,-0.001000,win
compare_single_p_907_with_base_x3,compare_single_p_907_resume,base,pic3,FMCAD08/Int/memory2/MOESI_2_e3_929_e7_619.lus,Unsafe,Unsafe,0.015000,0.015000,1.000000,0.000000,tie
compare_single_p_907_with_base_x3,compare_single_p_907_resume,base,pic3,FMCAD08/Int/memory2/MESI_i1_e3_2145_e7_1847.lus,Unsafe,Unsafe,0.016000,0.013000,0.812500,-0.003000,win
compare_single_p_907_with_base_x3,compare_single_p_907_resume,base,pic3,FMCAD08/Int/memory2/SYNAPSE_123_e8_953_e8_941.lus,Safe,Safe,0.060000,0.060000,1.000000,0.000000,tie
compare_single_p_907_with_base_x3,compare_single_p_907_resume,base,pic3,FMCAD08/Int/memory2/SYNAPSE_5_e1_811_e2_1026.lus,Unsafe,Unsafe,0.028000,0.028000,1.000000,0.000000,tie
compare_single_p_907_with_base_x3,compare_single_p_907_resume,base,pic3,FMCAD08/Int/memory2/ILLINOIS_2_e2_876.lus,Unsafe,Unsafe,0.018000,0.018000,1.000000,0.000000,tie
compare_single_p_907_with_base_x3,compare_single_p_907_resume,base,pic3,FMCAD08/Int/memory2/ILLINOIS_2_e1_834_e1_1895.lus,Unsafe,Unsafe,0.018000,0.018000,1.000000,0.000000,tie
compare_single_p_907_with_base_x3,compare_single_p_907_resume,base,pic3,FMCAD08/Int/memory2/MESI_i3_e1_447.lus,Unsafe,Unsafe,0.069000,0.070000,1.014493,0.001000,loss
compare_single_p_907_with_base_x3,compare_single_p_907_resume,base,pic3,FMCAD08/Int/memory2/MESI_3_e2_819_e1_1145.lus,Safe,Safe,0.576000,0.730000,1.267361,0.154000,loss
compare_single_p_907_with_base_x3,compare_single_p_907_resume,base,pic3,FMCAD08/Int/memory2/MESI_3.lus,Safe,Safe,0.591000,0.715000,1.209814,0.124000,loss
compare_single_p_907_with_base_x3,compare_single_p_907_resume,base,pic3,FMCAD08/Int/memory2/MESI_i1_e3_2145_e1_2667.lus,Unsafe,Unsafe,0.014000,0.014000,1.000000,0.000000,tie
compare_single_p_907_with_base_x3,compare_single_p_907_resume,base,pic3,FMCAD08/Int/memory2/ILLINOIS_a1.lus,Safe,Safe,0.560000,0.567000,1.012500,0.007000,loss
compare_single_p_907_with_base_x3,compare_single_p_907_resume,base,pic3,FMCAD08/Int/memory2/MOESI_2_e8_926_e1_1065.lus,Safe,Safe,0.038000,0.038000,1.000000,0.000000,tie
compare_single_p_907_with_base_x3,compare_single_p_907_resume,base,pic3,FMCAD08/Int/memory2/MESI_i4_e6_2175.lus,Safe,Safe,0.673000,0.591000,0.878158,-0.082000,win
compare_single_p_907_with_base_x3,compare_single_p_907_resume,base,pic3,FMCAD08/Int/memory2/SYNAPSE_3_e1_1416_e7_193.lus,Unsafe,Unsafe,0.014000,0.026000,1.857143,0.012000,loss
compare_single_p_907_with_base_x3,compare_single_p_907_resume,base,pic3,FMCAD08/Int/memory2/SYNAPSE_all_e8_251.lus,Safe,Safe,0.107000,0.073000,0.682243,-0.034000,win
compare_single_p_907_with_base_x3,compare_single_p_907_resume,base,pic3,FMCAD08/Int/memory2/MOESI_2_e1_1753.lus,Safe,Safe,0.038000,0.037000,0.973684,-0.001000,win
compare_single_p_907_with_base_x3,compare_single_p_907_resume,base,pic3,FMCAD08/Int/memory2/MESI_3_e2_819_e6_1459.lus,Safe,Safe,0.817000,0.781000,0.955936,-0.036000,win
compare_single_p_907_with_base_x3,compare_single_p_907_resume,base,pic3,FMCAD08/Int/memory2/MOESI_2_e8_101.lus,Safe,Safe,0.039000,0.037000,0.948718,-0.002000,win
compare_single_p_907_with_base_x3,compare_single_p_907_resume,base,pic3,FMCAD08/Int/memory2/MOESI_2_e7_2910_e7_1804.lus,Unsafe,Unsafe,0.016000,0.015000,0.937500,-0.001000,win
compare_single_p_907_with_base_x3,compare_single_p_907_resume,base,pic3,FMCAD08/Int/memory2/SYNAPSE_5.lus,Timeout,Timeout,,,,,unsolved_both
compare_single_p_907_with_base_x3,compare_single_p_907_resume,base,pic3,FMCAD08/Int/memory2/MOESI_2_e1_1753_e3_2021.lus,Unsafe,Unsafe,0.044000,0.073000,1.659091,0.029000,loss
compare_single_p_907_with_base_x3,compare_single_p_907_resume,base,pic3,FMCAD08/Int/memory2/SYNAPSE_all_e3_1864_e7_251.lus,Unsafe,Unsafe,0.044000,0.044000,1.000000,0.000000,tie
compare_single_p_907_with_base_x3,compare_single_p_907_resume,base,pic3,FMCAD08/Int/memory2/SYNAPSE_6_e8_1147_e2_1326.lus,Safe,Safe,0.063000,0.062000,0.984127,-0.001000,win
compare_single_p_907_with_base_x3,compare_single_p_907_resume,base,pic3,FMCAD08/Int/memory2/ILLINOIS_3_e3_2581_e1_1130.lus,Unsafe,Unsafe,0.016000,0.016000,1.000000,0.000000,tie
compare_single_p_907_with_base_x3,compare_single_p_907_resume,base,pic3,FMCAD08/Int/memory2/SYNAPSE_6_e3_1666_e5_1558.lus,Safe,Safe,0.107000,0.109000,1.018692,0.002000,loss
compare_single_p_907_with_base_x3,compare_single_p_907_resume,base,pic3,FMCAD08/Int/memory2/ILLINOIS_2_e2_2367_e2_1561.lus,Unsafe,Unsafe,0.018000,0.018000,1.000000,0.000000,tie
compare_single_p_907_with_base_x3,compare_single_p_907_resume,base,pic3,FMCAD08/Int/memory2/MOESI_all.lus,Safe,Safe,0.068000,0.076000,1.117647,0.008000,loss
compare_single_p_907_with_base_x3,compare_single_p_907_resume,base,pic3,FMCAD08/Int/memory2/SYNAPSE_all_e8_251_e1_1852.lus,Unsafe,Unsafe,0.014000,0.013000,0.928571,-0.001000,win
compare_single_p_907_with_base_x3,compare_single_p_907_resume,base,pic3,FMCAD08/Int/memory2/ILLINOIS_3_e3_2581_e3_979.lus,Unsafe,Unsafe,0.019000,0.020000,1.052632,0.001000,loss
compare_single_p_907_with_base_x3,compare_single_p_907_resume,base,pic3,FMCAD08/Int/memory2/SYNAPSE_3_e1_1416_e3_1191.lus,Unsafe,Unsafe,0.014000,0.014000,1.000000,0.000000,tie
compare_single_p_907_with_base_x3,compare_single_p_907_resume,base,pic3,FMCAD08/Int/memory2/SYNAPSE_all_e3_1750.lus,Unsafe,Unsafe,0.060000,0.060000,1.000000,0.000000,tie
compare_single_p_907_with_base_x3,compare_single_p_907_resume,base,pic3,FMCAD08/Int/memory2/SYNAPSE_3_e8_1329_e8_320.lus,Safe,Safe,0.034000,0.034000,1.000000,0.000000,tie
compare_single_p_907_with_base_x3,compare_single_p_907_resume,base,pic3,FMCAD08/Int/memory2/MOESI_all_e3_2032_e3_2788.lus,Unsafe,Unsafe,0.033000,0.036000,1.090909,0.003000,loss
compare_single_p_907_with_base_x3,compare_single_p_907_resume,base,pic3,FMCAD08/Int/memory2/ILLINOIS_all.lus,Safe,Safe,0.120000,0.121000,1.008333,0.001000,loss
compare_single_p_907_with_base_x3,compare_single_p_907_resume,base,pic3,FMCAD08/Int/memory2/MESI_i1_e2_1758_e8_12.lus,Unsafe,Unsafe,0.014000,0.014000,1.000000,0.000000,tie
compare_single_p_907_with_base_x3,compare_single_p_907_resume,base,pic3,FMCAD08/Int/memory2/MESI_i4_e4_1689.lus,Unsafe,Unsafe,0.102000,0.105000,1.029412,0.003000,loss
compare_single_p_907_with_base_x3,compare_single_p_907_resume,base,pic3,FMCAD08/Int/memory2/SYNAPSE_123_e8_953_e7_1465.lus,Safe,Safe,0.057000,0.058000,1.017544,0.001000,loss
compare_single_p_907_with_base_x3,compare_single_p_907_resume,base,pic3,FMCAD08/Int/memory2/MESI_4.lus,Safe,Safe,0.088000,0.071000,0.806818,-0.017000,win
compare_single_p_907_with_base_x3,compare_single_p_907_resume,base,pic3,FMCAD08/Int/memory2/SYNAPSE_2_e1_1239_e1_1331.lus,Unsafe,Unsafe,0.013000,0.013000,1.000000,0.000000,tie
compare_single_p_907_with_base_x3,compare_single_p_907_resume,base,pic3,FMCAD08/Int/memory2/MOESI_2_e1_1753_e2_615.lus,Unsafe,Unsafe,0.015000,0.016000,1.066667,0.001000,loss
compare_single_p_907_with_base_x3,compare_single_p_907_resume,base,pic3,FMCAD08/Int/memory2/MESI_2.lus,Safe,Safe,0.034000,0.034000,1.000000,0.000000,tie
compare_single_p_907_with_base_x3,compare_single_p_907_resume,base,pic3,FMCAD08/Int/memory2/SYNAPSE_3_e8_1329_e1_1270.lus,Unsafe,Unsafe,0.014000,0.020000,1.428571,0.006000,loss
compare_single_p_907_with_base_x3,compare_single_p_907_resume,base,pic3,FMCAD08/Int/memory2/MOESI_2_e2_1599_e3_1658.lus,Unsafe,Unsafe,0.043000,0.044000,1.023256,0.001000,loss
compare_single_p_907_with_base_x3,compare_single_p_907_resume,base,pic3,FMCAD08/Int/memory2/SYNAPSE_123_e7_837_e3_135.lus,Unsafe,Unsafe,0.049000,0.058000,1.183673,0.009000,loss
compare_single_p_907_with_base_x3,compare_single_p_907_resume,base,pic3,FMCAD08/Int/memory2/SYNAPSE_3_e7_1444_e7_638.lus,Safe,Safe,0.031000,0.031000,1.000000,0.000000,tie
compare_single_p_907_with_base_x3,compare_single_p_907_resume,base,pic3,FMCAD08/Int/memory2/SYNAPSE_123_e3_302.lus,Unsafe,Unsafe,0.060000,0.063000,1.050000,0.003000,loss
compare_single_p_907_with_base_x3,compare_single_p_907_resume,base,pic3,FMCAD08/Int/memory2/SYNAPSE_6.lus,Safe,Safe,0.058000,0.059000,1.017241,0.001000,loss
compare_single_p_907_with_base_x3,compare_single_p_907_resume,base,pic3,FMCAD08/Int/memory2/ILLINOIS_3_e3_2581_e5_4006.lus,Unsafe,Unsafe,0.017000,0.017000,1.000000,0.000000,tie
compare_single_p_907_with_base_x3,compare_single_p_907_resume,base,pic3,FMCAD08/Int/memory2/ILLINOIS_2_e2_2367_e1_3182.lus,Safe,Safe,0.047000,0.048000,1.021277,0.001000,loss
compare_single_p_907_with_base_x3,compare_single_p_907_resume,base,pic3,FMCAD08/Int/memory2/MESI_i3_e1_447_e5_2444.lus,Unsafe,Unsafe,0.013000,0.013000,1.000000,0.000000,tie
compare_single_p_907_with_base_x3,compare_single_p_907_resume,base,pic3,FMCAD08/Int/memory2/MOESI_2_e2_155.lus,Safe,Safe,0.039000,0.037000,0.948718,-0.002000,win
compare_single_p_907_with_base_x3,compare_single_p_907_resume,base,pic3,FMCAD08/Int/memory2/SYNAPSE_4_e8_420_e7_572.lus,Safe,Safe,0.033000,0.032000,0.969697,-0.001000,win
compare_single_p_907_with_base_x3,compare_single_p_907_resume,base,pic3,FMCAD08/Int/memory2/ILLINOIS_1.lus,Safe,Safe,0.050000,0.049000,0.980000,-0.001000,win
compare_single_p_907_with_base_x3,compare_single_p_907_resume,base,pic3,FMCAD08/Int/memory2/MESI_1.lus,Safe,Safe,0.049000,0.049000,1.000000,0.000000,tie
compare_single_p_907_with_base_x3,compare_single_p_907_resume,base,pic3,FMCAD08/Int/memory2/SYNAPSE_2_e8_1118_e7_1043.lus,Safe,Safe,0.045000,0.030000,0.666667,-0.015000,win
compare_single_p_907_with_base_x3,compare_single_p_907_resume,base,pic3,FMCAD08/Int/memory2/MESI_i4.lus,Unsafe,Unsafe,0.097000,0.100000,1.030928,0.003000,loss
compare_single_p_907_with_base_x3,compare_single_p_907_resume,base,pic3,FMCAD08/Int/memory2/MOESI_1.lus,Safe,Safe,0.038000,0.037000,0.973684,-0.001000,win
compare_single_p_907_with_base_x3,compare_single_p_907_resume,base,pic3,FMCAD08/Int/memory2/MESI_3_e2_819_e3_2698.lus,Unsafe,Unsafe,0.027000,0.018000,0.666667,-0.009000,win
compare_single_p_907_with_base_x3,compare_single_p_907_resume,base,pic3,FMCAD08/Int/memory2/SYNAPSE_3_e8_1708.lus,Safe,Safe,0.036000,0.036000,1.000000,0.000000,tie
compare_single_p_907_with_base_x3,compare_single_p_907_resume,base,pic3,FMCAD08/Int/memory2/SYNAPSE_all_e8_251_e2_1053.lus,Unsafe,Unsafe,0.014000,0.013000,0.928571,-0.001000,win
compare_single_p_907_with_base_x3,compare_single_p_907_resume,base,pic3,FMCAD08/Int/memory2/SYNAPSE_3_e8_1329_e7_1062.lus,Safe,Safe,0.031000,0.031000,1.000000,0.000000,tie
compare_single_p_907_with_base_x3,compare_single_p_907_resume,base,pic3,FMCAD08/Int/memory2/SYNAPSE_2_e1_1239_e2_74.lus,Unsafe,Unsafe,0.014000,0.014000,1.000000,0.000000,tie
compare_single_p_907_with_base_x3,compare_single_p_907_resume,base,pic3,FMCAD08/Int/memory2/SYNAPSE_123_e8_953_e2_458.lus,Unsafe,Unsafe,0.013000,0.014000,1.076923,0.001000,loss
compare_single_p_907_with_base_x3,compare_single_p_907_resume,base,pic3,FMCAD08/Int/memory2/SYNAPSE_123.lus,Safe,Safe,0.062000,0.060000,0.967742,-0.002000,win
compare_single_p_907_with_base_x3,compare_single_p_907_resume,base,pic3,FMCAD08/Int/memory2/SYNAPSE_4_e8_420_e8_1525.lus,Safe,Safe,0.050000,0.036000,0.720000,-0.014000,win
compare_single_p_907_with_base_x3,compare_single_p_907_resume,base,pic3,FMCAD08/Int/memory2/SYNAPSE_2_e3_216.lus,Unsafe,Unsafe,0.034000,0.029000,0.852941,-0.005000,win
compare_single_p_907_with_base_x3,compare_single_p_907_resume,base,pic3,FMCAD08/Int/memory2/MESI_3_e2_819_e8_1896.lus,Unsafe,Unsafe,0.023000,0.018000,0.782609,-0.005000,win
compare_single_p_907_with_base_x3,compare_single_p_907_resume,base,pic3,FMCAD08/Int/memory2/SYNAPSE_3_e3_1041.lus,Unsafe,Unsafe,0.038000,0.040000,1.052632,0.002000,loss
compare_single_p_907_with_base_x3,compare_single_p_907_resume,base,pic3,FMCAD08/Int/memory2/SYNAPSE_3_e8_1329_e2_236.lus,Unsafe,Unsafe,0.014000,0.013000,0.928571,-0.001000,win
compare_single_p_907_with_base_x3,compare_single_p_907_resume,base,pic3,FMCAD08/Int/memory2/MOESI_2_e2_1599_e8_1334.lus,Safe,Safe,0.037000,0.037000,1.000000,0.000000,tie
compare_single_p_907_with_base_x3,compare_single_p_907_resume,base,pic3,FMCAD08/Int/memory2/MESI_i1.lus,Unsafe,Unsafe,0.014000,0.025000,1.785714,0.011000,loss
compare_single_p_907_with_base_x3,compare_single_p_907_resume,base,pic3,FMCAD08/Int/memory2/ILLINOIS_3_e3_2581_e7_3447.lus,Unsafe,Unsafe,0.020000,0.035000,1.750000,0.015000,loss
compare_single_p_907_with_base_x3,compare_single_p_907_resume,base,pic3,FMCAD08/Int/memory2/MESI_i3_e1_447_e3_1180.lus,Safe,Safe,0.047000,0.049000,1.042553,0.002000,loss
compare_single_p_907_with_base_x3,compare_single_p_907_resume,base,pic3,FMCAD08/Int/memory2/MESI_i3_e1_447_e1_1292.lus,Safe,Safe,0.154000,0.163000,1.058442,0.009000,loss
compare_single_p_907_with_base_x3,compare_single_p_907_resume,base,pic3,FMCAD08/Int/memory2/MESI_i3.lus,Unsafe,Unsafe,0.035000,0.012000,0.342857,-0.023000,win
compare_single_p_907_with_base_x3,compare_single_p_907_resume,base,pic3,FMCAD08/Int/memory2/SYNAPSE_3_e1_1416_e1_1675.lus,Unsafe,Unsafe,0.014000,0.014000,1.000000,0.000000,tie
compare_single_p_907_with_base_x3,compare_single_p_907_resume,base,pic3,FMCAD08/Int/memory2/SYNAPSE_3.lus,Safe,Safe,0.036000,0.036000,1.000000,0.000000,tie
compare_single_p_907_with_base_x3,compare_single_p_907_resume,base,pic3,FMCAD08/Int/memory2/MESI_i4_e7_1017_e6_1132.lus,Safe,Safe,1.007000,1.067000,1.059583,0.060000,loss
compare_single_p_907_with_base_x3,compare_single_p_907_resume,base,pic3,FMCAD08/Int/memory2/SYNAPSE_123_e7_837_e7_1262.lus,Safe,Safe,0.057000,0.057000,1.000000,0.000000,tie
compare_single_p_907_with_base_x3,compare_single_p_907_resume,base,pic3,FMCAD08/Int/memory2/SYNAPSE_123_e8_953.lus,Safe,Safe,0.061000,0.060000,0.983607,-0.001000,win
compare_single_p_907_with_base_x3,compare_single_p_907_resume,base,pic3,FMCAD08/Int/memory2/SYNAPSE_6_e7_938_e2_1012.lus,Safe,Safe,0.053000,0.059000,1.113208,0.006000,loss
compare_single_p_907_with_base_x3,compare_single_p_907_resume,base,pic3,FMCAD08/Int/memory2/SYNAPSE_all_e3_1864_e3_495.lus,Unsafe,Unsafe,0.082000,0.086000,1.048780,0.004000,loss
compare_single_p_907_with_base_x3,compare_single_p_907_resume,base,pic3,FMCAD08/Int/memory2/MESI_i3_e1_447_e7_2194.lus,Unsafe,Unsafe,0.210000,0.083000,0.395238,-0.127000,win
compare_single_p_907_with_base_x3,compare_single_p_907_resume,base,pic3,FMCAD08/Int/memory2/MESI_i1_e4_1986.lus,Unsafe,Unsafe,0.013000,0.013000,1.000000,0.000000,tie
compare_single_p_907_with_base_x3,compare_single_p_907_resume,base,pic3,FMCAD08/Int/memory2/SYNAPSE_2_e8_1118_e3_1216.lus,Unsafe,Unsafe,0.034000,0.035000,1.029412,0.001000,loss
compare_single_p_907_with_base_x3,compare_single_p_907_resume,base,pic3,FMCAD08/Int/memory2/MOESI_1_e3_1884_e7_1875.lus,Safe,Safe,0.055000,0.054000,0.981818,-0.001000,win
compare_single_p_907_with_base_x3,compare_single_p_907_resume,base,pic3,FMCAD08/Int/memory2/SYNAPSE_1.lus,Safe,Safe,0.033000,0.033000,1.000000,0.000000,tie
compare_single_p_907_with_base_x3,compare_single_p_907_resume,base,pic3,FMCAD08/Int/memory2/MESI_3_e2_819.lus,Unsafe,Unsafe,0.019000,0.019000,1.000000,0.000000,tie
compare_single_p_907_with_base_x3,compare_single_p_907_resume,base,pic3,FMCAD08/Int/memory2/MOESI_2_e2_1599_e2_1815.lus,Unsafe,Unsafe,0.015000,0.015000,1.000000,0.000000,tie
compare_single_p_907_with_base_x3,compare_single_p_907_resume,base,pic3,FMCAD08/Int/memory2/MESI_i3_e1_447_e6_2281.lus,Safe,Safe,0.168000,0.171000,1.017857,0.003000,loss
compare_single_p_907_with_base_x3,compare_single_p_907_resume,base,pic3,FMCAD08/Int/memory2/MESI_3_e2_819_e4_1595.lus,Safe,Safe,0.567000,0.521000,0.918871,-0.046000,win
compare_single_p_907_with_base_x3,compare_single_p_907_resume,base,pic3,FMCAD08/Int/memory2/SYNAPSE_all_e7_907_e7_1363.lus,Safe,Safe,0.060000,0.060000,1.000000,0.000000,tie
compare_single_p_907_with_base_x3,compare_single_p_907_resume,base,pic3,FMCAD08/Int/memory2/MOESI_2_e2_1599_e1_2383.lus,Unsafe,Unsafe,0.015000,0.014000,0.933333,-0.001000,win
compare_single_p_907_with_base_x3,compare_single_p_907_resume,base,pic3,FMCAD08/Int/memory2/SYNAPSE_all_e3_1864_e5_1637.lus,Unsafe,Unsafe,0.014000,0.014000,1.000000,0.000000,tie
compare_single_p_907_with_base_x3,compare_single_p_907_resume,base,pic3,FMCAD08/Int/memory2/SYNAPSE_123_e2_1653.lus,Unsafe,Unsafe,0.022000,0.015000,0.681818,-0.007000,win
compare_single_p_907_with_base_x3,compare_single_p_907_resume,base,pic3,FMCAD08/Int/memory2/ILLINOIS_3.lus,Safe,Safe,0.059000,0.071000,1.203390,0.012000,loss
compare_single_p_907_with_base_x3,compare_single_p_907_resume,base,pic3,FMCAD08/Int/memory2/MOESI_2_e3_929_e1_2319.lus,Unsafe,Unsafe,0.014000,0.014000,1.000000,0.000000,tie
compare_single_p_907_with_base_x3,compare_single_p_907_resume,base,pic3,FMCAD08/Int/memory2/MESI_3_e2_819_e2_562.lus,Unsafe,Unsafe,0.041000,0.018000,0.439024,-0.023000,win
compare_single_p_907_with_base_x3,compare_single_p_907_resume,base,pic3,FMCAD08/Int/memory2/SYNAPSE_all_e3_1864_e4_34.lus,Unsafe,Unsafe,0.014000,0.014000,1.000000,0.000000,tie
compare_single_p_907_with_base_x3,compare_single_p_907_resume,base,pic3,FMCAD08/Int/large/microwave37.lus,Unsafe,Unsafe,8.550000,6.050000,0.707602,-2.500000,win
compare_single_p_907_with_base_x3,compare_single_p_907_resume,base,pic3,FMCAD08/Int/large/steam_boiler_no_arr2.lus,Safe,Safe,0.111000,0.115000,1.036036,0.004000,loss
compare_single_p_907_with_base_x3,compare_single_p_907_resume,base,pic3,FMCAD08/Int/large/microwave03.lus,Safe,Safe,0.048000,0.047000,0.979167,-0.001000,win
compare_single_p_907_with_base_x3,compare_single_p_907_resume,base,pic3,FMCAD08/Int/large/microwave01.lus,Safe,Safe,0.538000,0.540000,1.003717,0.002000,loss
compare_single_p_907_with_base_x3,compare_single_p_907_resume,base,pic3,FMCAD08/Int/large/microwave13.lus,Timeout,Timeout,,,,,unsolved_both
compare_single_p_907_with_base_x3,compare_single_p_907_resume,base,pic3,FMCAD08/Int/large/microwave12.lus,Unsafe,Unsafe,0.439000,0.449000,1.022779,0.010000,loss
compare_single_p_907_with_base_x3,compare_single_p_907_resume,base,pic3,FMCAD08/Int/large/microwave31.lus,Unsafe,Unsafe,12.020000,14.040000,1.168053,2.020000,loss
compare_single_p_907_with_base_x3,compare_single_p_907_resume,base,pic3,FMCAD08/Int/large/microwave26.lus,Timeout,Timeout,,,,,unsolved_both
compare_single_p_907_with_base_x3,compare_single_p_907_resume,base,pic3,FMCAD08/Int/large/microwave14.lus,Unsafe,Unsafe,1.361000,0.823000,0.604702,-0.538000,win
compare_single_p_907_with_base_x3,compare_single_p_907_resume,base,pic3,FMCAD08/Int/large/microwave32.lus,Unsafe,Unsafe,6.142000,6.550000,1.066428,0.408000,loss
compare_single_p_907_with_base_x3,compare_single_p_907_resume,base,pic3,FMCAD08/Int/large/microwave27.lus,Timeout,Timeout,,,,,unsolved_both
compare_single_p_907_with_base_x3,compare_single_p_907_resume,base,pic3,FMCAD08/Int/large/microwave16.lus,Safe,Safe,0.064000,0.052000,0.812500,-0.012000,win
compare_single_p_907_with_base_x3,compare_single_p_907_resume,base,pic3,FMCAD08/Int/large/microwave40.lus,Unsafe,Unsafe,0.054000,0.064000,1.185185,0.010000,loss
compare_single_p_907_with_base_x3,compare_single_p_907_resume,base,pic3,FMCAD08/Int/large/steam_boiler_no_arr2_e1_17214_e5_18600.lus,Safe,Safe,0.111000,0.114000,1.027027,0.003000,loss
compare_single_p_907_with_base_x3,compare_single_p_907_resume,base,pic3,FMCAD08/Int/large/microwave28.lus,Unsafe,Unsafe,0.816000,0.779000,0.954657,-0.037000,win
compare_single_p_907_with_base_x3,compare_single_p_907_resume,base,pic3,FMCAD08/Int/large/microwave07.lus,Timeout,Timeout,,,,,unsolved_both
compare_single_p_907_with_base_x3,compare_single_p_907_resume,base,pic3,FMCAD08/Int/large/microwave29.lus,Safe,Safe,20.911000,6.980000,0.333796,-13.931000,win
compare_single_p_907_with_base_x3,compare_single_p_907_resume,base,pic3,FMCAD08/Int/large/microwave25.lus,Unsafe,Unsafe,0.052000,0.052000,1.000000,0.000000,tie
compare_single_p_907_with_base_x3,compare_single_p_907_resume,base,pic3,FMCAD08/Int/large/microwave22.lus,Timeout,Timeout,,,,,unsolved_both
compare_single_p_907_with_base_x3,compare_single_p_907_resume,base,pic3,FMCAD08/Int/large/microwave11.lus,Timeout,Timeout,,,,,unsolved_both
compare_single_p_907_with_base_x3,compare_single_p_907_resume,base,pic3,FMCAD08/Int/large/microwave06.lus,Timeout,Timeout,,,,,unsolved_both
compare_single_p_907_with_base_x3,compare_single_p_907_resume,base,pic3,FMCAD08/Int/large/microwave15.lus,Safe,Safe,0.048000,0.046000,0.958333,-0.002000,win
compare_single_p_907_with_base_x3,compare_single_p_907_resume,base,pic3,FMCAD08/Int/large/microwave20.lus,Unsafe,Unsafe,0.053000,0.051000,0.962264,-0.002000,win
compare_single_p_907_with_base_x3,compare_single_p_907_resume,base,pic3,FMCAD08/Int/large/microwave19.lus,Safe,Safe,1.840000,2.184000,1.186957,0.344000,loss
compare_single_p_907_with_base_x3,compare_single_p_907_resume,base,pic3,FMCAD08/Int/large/steam_boiler_no_arr2_e3_514_e4_11150.lus,Safe,Safe,0.112000,0.115000,1.026786,0.003000,loss
compare_single_p_907_with_base_x3,compare_single_p_907_resume,base,pic3,FMCAD08/Int/large/microwave02.lus,Safe,Safe,0.046000,0.046000,1.000000,0.000000,tie
compare_single_p_907_with_base_x3,compare_single_p_907_resume,base,pic3,FMCAD08/Int/large/microwave17.lus,Safe,Safe,2.447000,2.133000,0.871680,-0.314000,win
compare_single_p_907_with_base_x3,compare_single_p_907_resume,base,pic3,FMCAD08/Int/large/microwave33.lus,Unsafe,Unsafe,10.318000,6.452000,0.625315,-3.866000,win
compare_single_p_907_with_base_x3,compare_single_p_907_resume,base,pic3,FMCAD08/Int/large/microwave30.lus,Timeout,Safe,49.496000,4.685000,,,newly_solved
compare_single_p_907_with_base_x3,compare_single_p_907_resume,base,pic3,FMCAD08/Int/large/microwave35.lus,Unsafe,Unsafe,29.069000,4.906000,0.168771,-24.163000,win
compare_single_p_907_with_base_x3,compare_single_p_907_resume,base,pic3,FMCAD08/Int/large/steam_boiler_no_arr1.lus,Safe,Safe,0.271000,0.254000,0.937269,-0.017000,win
compare_single_p_907_with_base_x3,compare_single_p_907_resume,base,pic3,FMCAD08/Int/large/microwave24.lus,Safe,Safe,5.325000,3.558000,0.668169,-1.767000,win
compare_single_p_907_with_base_x3,compare_single_p_907_resume,base,pic3,FMCAD08/Int/large/microwave09.lus,Timeout,Timeout,,,,,unsolved_both
compare_single_p_907_with_base_x3,compare_single_p_907_resume,base,pic3,FMCAD08/Int/large/microwave05.lus,Timeout,Safe,302.280000,50.322000,,,newly_solved
compare_single_p_907_with_base_x3,compare_single_p_907_resume,base,pic3,FMCAD08/Int/large/microwave39.lus,Unsafe,Unsafe,78.798000,4.672000,0.059291,-74.126000,win
compare_single_p_907_with_base_x3,compare_single_p_907_resume,base,pic3,FMCAD08/Int/large/steam_boiler_no_arr2_e7_12307.lus,Safe,Safe,0.113000,0.114000,1.008850,0.001000,loss
compare_single_p_907_with_base_x3,compare_single_p_907_resume,base,pic3,FMCAD08/Int/large/microwave36.lus,Unsafe,Unsafe,4.536000,4.741000,1.045194,0.205000,loss
compare_single_p_907_with_base_x3,compare_single_p_907_resume,base,pic3,FMCAD08/Int/large/microwave38.lus,Unsafe,Unsafe,12.187000,8.866000,0.727497,-3.321000,win
compare_single_p_907_with_base_x3,compare_single_p_907_resume,base,pic3,FMCAD08/Int/large/microwave23.lus,Unsafe,Unsafe,0.839000,0.960000,1.144219,0.121000,loss
compare_single_p_907_with_base_x3,compare_single_p_907_resume,base,pic3,FMCAD08/Int/large/microwave04.lus,Safe,Safe,0.082000,0.054000,0.658537,-0.028000,win
compare_single_p_907_with_base_x3,compare_single_p_907_resume,base,pic3,FMCAD08/Int/large/microwave18.lus,Unsafe,Unsafe,0.795000,0.844000,1.061635,0.049000,loss
compare_single_p_907_with_base_x3,compare_single_p_907_resume,base,pic3,FMCAD08/Int/large/steam_boiler_no_arr2_e6_3003_e4_15091.lus,Safe,Safe,0.110000,0.116000,1.054545,0.006000,loss
compare_single_p_907_with_base_x3,compare_single_p_907_resume,base,pic3,FMCAD08/Int/large/steam_boiler_no_arr2_e8_21449_e5_18210.lus,Safe,Safe,0.219000,0.191000,0.872146,-0.028000,win
compare_single_p_907_with_base_x3,compare_single_p_907_resume,base,pic3,FMCAD08/Int/large/microwave21.lus,Timeout,Timeout,,,,,unsolved_both
compare_single_p_907_with_base_x3,compare_single_p_907_resume,base,pic3,FMCAD08/Int/large/steam_boiler_no_arr1_e4_23904_e4_2384.lus,Safe,Safe,0.333000,0.330000,0.990991,-0.003000,win
compare_single_p_907_with_base_x3,compare_single_p_907_resume,base,pic3,FMCAD08/Int/large/microwave10.lus,Timeout,Timeout,,,,,unsolved_both
compare_single_p_907_with_base_x3,compare_single_p_907_resume,base,pic3,FMCAD08/Int/large/microwave34.lus,Timeout,Timeout,302.270000,189.132000,,,unsolved_both
compare_single_p_907_with_base_x3,compare_single_p_907_resume,base,pic3,FMCAD08/Int/large/microwave08.lus,Timeout,Timeout,,,,,unsolved_both
compare_single_p_907_with_base_x3,compare_single_p_907_resume,base,pic3,FMCAD08/Real_Int/large/ccp21.lus,Unsafe,Unsafe,59.469000,39.225000,0.659587,-20.244000,win
compare_single_p_907_with_base_x3,compare_single_p_907_resume,base,pic3,FMCAD08/Real_Int/large/ccp16.lus,Safe,Safe,0.021000,0.021000,1.000000,0.000000,tie
compare_single_p_907_with_base_x3,compare_single_p_907_resume,base,pic3,FMCAD08/Real_Int/large/cruise_controller_14.lus,Safe,Safe,0.752000,0.674000,0.896277,-0.078000,win
compare_single_p_907_with_base_x3,compare_single_p_907_resume,base,pic3,FMCAD08/Real_Int/large/cruise_controller_20.lus,Timeout,Unsafe,2.012000,8.510000,,,newly_solved
compare_single_p_907_with_base_x3,compare_single_p_907_resume,base,pic3,FMCAD08/Real_Int/large/ccp08.lus,Safe,Safe,2.565000,1.001000,0.390253,-1.564000,win
compare_single_p_907_with_base_x3,compare_single_p_907_resume,base,pic3,FMCAD08/Real_Int/large/cruise_controller_05.lus,Safe,Safe,0.049000,0.047000,0.959184,-0.002000,win
compare_single_p_907_with_base_x3,compare_single_p_907_resume,base,pic3,FMCAD08/Real_Int/large/cruise_controller_19.lus,Safe,Safe,9.553000,8.552000,0.895216,-1.001000,win
compare_single_p_907_with_base_x3,compare_single_p_907_resume,base,pic3,FMCAD08/Real_Int/large/ccp10.lus,Unsafe,Unsafe,9.198000,9.967000,1.083605,0.769000,loss
compare_single_p_907_with_base_x3,compare_single_p_907_resume,base,pic3,FMCAD08/Real_Int/large/cruise_controller_18.lus,Safe,Safe,8.134000,7.347000,0.903246,-0.787000,win
compare_single_p_907_with_base_x3,compare_single_p_907_resume,base,pic3,FMCAD08/Real_Int/large/cruise_controller_08.lus,Timeout,Timeout,,,,,unsolved_both
compare_single_p_907_with_base_x3,compare_single_p_907_resume,base,pic3,FMCAD08/Real_Int/large/ccp02.lus,Safe,Safe,7.173000,5.259000,0.733166,-1.914000,win
compare_single_p_907_with_base_x3,compare_single_p_907_resume,base,pic3,FMCAD08/Real_Int/large/cruise_controller_06.lus,Safe,Safe,0.055000,0.055000,1.000000,0.000000,tie
compare_single_p_907_with_base_x3,compare_single_p_907_resume,base,pic3,FMCAD08/Real_Int/large/ccp12.lus,Unsafe,Unsafe,72.240000,68.225000,0.944421,-4.015000,win
compare_single_p_907_with_base_x3,compare_single_p_907_resume,base,pic3,FMCAD08/Real_Int/large/cruise_controller_03.lus,Safe,Safe,1.560000,1.701000,1.090385,0.141000,loss
compare_single_p_907_with_base_x3,compare_single_p_907_resume,base,pic3,FMCAD08/Real_Int/large/cruise_controller_23.lus,Timeout,Timeout,,,,,unsolved_both
compare_single_p_907_with_base_x3,compare_single_p_907_resume,base,pic3,FMCAD08/Real_Int/large/ccp18.lus,Safe,Safe,6.032000,1.661000,0.275365,-4.371000,win
compare_single_p_907_with_base_x3,compare_single_p_907_resume,base,pic3,FMCAD08/Real_Int/large/ccp04.lus,Safe,Safe,1.315000,0.784000,0.596198,-0.531000,win
compare_single_p_907_with_base_x3,compare_single_p_907_resume,base,pic3,FMCAD08/Real_Int/large/cruise_controller_07.lus,Safe,Safe,0.054000,0.054000,1.000000,0.000000,tie
compare_single_p_907_with_base_x3,compare_single_p_907_resume,base,pic3,FMCAD08/Real_Int/large/cruise_controller_17.lus,Unsafe,Unsafe,22.609000,10.231000,0.452519,-12.378000,win
compare_single_p_907_with_base_x3,compare_single_p_907_resume,base,pic3,FMCAD08/Real_Int/large/ccp19.lus,Safe,Safe,0.044000,0.045000,1.022727,0.001000,loss
compare_single_p_907_with_base_x3,compare_single_p_907_resume,base,pic3,FMCAD08/Real_Int/large/cruise_controller_09.lus,Unsafe,Unsafe,7.138000,7.588000,1.063043,0.450000,loss
compare_single_p_907_with_base_x3,compare_single_p_907_resume,base,pic3,FMCAD08/Real_Int/large/ccp23.lus,Timeout,Unsafe,117.957000,41.426000,,,newly_solved
compare_single_p_907_with_base_x3,compare_single_p_907_resume,base,pic3,FMCAD08/Real_Int/large/cruise_controller_21.lus,Unsafe,Unsafe,0.054000,0.052000,0.962963,-0.002000,win
compare_single_p_907_with_base_x3,compare_single_p_907_resume,base,pic3,FMCAD08/Real_Int/large/ccp17.lus,Safe,Safe,18.113000,15.393000,0.849832,-2.720000,win
compare_single_p_907_with_base_x3,compare_single_p_907_resume,base,pic3,FMCAD08/Real_Int/large/ccp01.lus,Safe,Safe,8.241000,5.756000,0.698459,-2.485000,win
compare_single_p_907_with_base_x3,compare_single_p_907_resume,base,pic3,FMCAD08/Real_Int/large/ccp05.lus,Safe,Safe,0.036000,0.038000,1.055556,0.002000,loss
compare_single_p_907_with_base_x3,compare_single_p_907_resume,base,pic3,FMCAD08/Real_Int/large/ccp14.lus,Unsafe,Unsafe,62.199000,68.886000,1.107510,6.687000,loss
compare_single_p_907_with_base_x3,compare_single_p_907_resume,base,pic3,FMCAD08/Real_Int/large/cruise_controller_24.lus,Safe,Safe,1.111000,0.286000,0.257426,-0.825000,win
compare_single_p_907_with_base_x3,compare_single_p_907_resume,base,pic3,FMCAD08/Real_Int/large/ccp20.lus,Safe,Safe,14.313000,13.280000,0.927828,-1.033000,win
compare_single_p_907_with_base_x3,compare_single_p_907_resume,base,pic3,FMCAD08/Real_Int/large/cruise_controller_02.lus,Safe,Safe,1.654000,1.752000,1.059250,0.098000,loss
compare_single_p_907_with_base_x3,compare_single_p_907_resume,base,pic3,FMCAD08/Real_Int/large/ccp07.lus,Safe,Safe,0.048000,0.048000,1.000000,0.000000,tie
compare_single_p_907_with_base_x3,compare_single_p_907_resume,base,pic3,FMCAD08/Real_Int/large/ccp22.lus,Timeout,Timeout,,,,,unsolved_both
compare_single_p_907_with_base_x3,compare_single_p_907_resume,base,pic3,FMCAD08/Real_Int/large/ccp11.lus,Timeout,Timeout,,,,,unsolved_both
compare_single_p_907_with_base_x3,compare_single_p_907_resume,base,pic3,FMCAD08/Real_Int/large/cruise_controller_15.lus,Unsafe,Unsafe,13.593000,6.274000,0.461561,-7.319000,win
compare_single_p_907_with_base_x3,compare_single_p_907_resume,base,pic3,FMCAD08/Real_Int/large/ccp13.lus,Timeout,Timeout,,,,,unsolved_both
compare_single_p_907_with_base_x3,compare_single_p_907_resume,base,pic3,FMCAD08/Real_Int/large/ccp09.lus,Safe,Safe,0.045000,0.046000,1.022222,0.001000,loss
compare_single_p_907_with_base_x3,compare_single_p_907_resume,base,pic3,FMCAD08/Real_Int/large/cruise_controller_04.lus,Safe,Safe,0.380000,0.395000,1.039474,0.015000,loss
compare_single_p_907_with_base_x3,compare_single_p_907_resume,base,pic3,FMCAD08/Real_Int/large/ccp03.lus,Safe,Safe,6.643000,4.723000,0.710974,-1.920000,win
compare_single_p_907_with_base_x3,compare_single_p_907_resume,base,pic3,FMCAD08/Real_Int/large/cruise_controller_11.lus,Safe,Safe,0.057000,0.055000,0.964912,-0.002000,win
compare_single_p_907_with_base_x3,compare_single_p_907_resume,base,pic3,FMCAD08/Real_Int/large/cruise_controller_13.lus,Safe,Safe,0.054000,0.054000,1.000000,0.000000,tie
compare_single_p_907_with_base_x3,compare_single_p_907_resume,base,pic3,FMCAD08/Real_Int/large/ccp06.lus,Safe,Safe,0.044000,0.049000,1.113636,0.005000,loss
compare_single_p_907_with_base_x3,compare_single_p_907_resume,base,pic3,FMCAD08/Real_Int/large/cruise_controller_10.lus,Safe,Safe,12.152000,11.434000,0.940915,-0.718000,win
compare_single_p_907_with_base_x3,compare_single_p_907_resume,base,pic3,FMCAD08/Real_Int/large/ccp15.lus,Safe,Safe,0.048000,0.047000,0.979167,-0.001000,win
compare_single_p_907_with_base_x3,compare_single_p_907_resume,base,pic3,FMCAD08/Real_Int/large/ccp24.lus,Timeout,Timeout,,,,,unsolved_both
compare_single_p_907_with_base_x3,compare_single_p_907_resume,base,pic3,FMCAD08/Real_Int/large/cruise_controller_16.lus,Timeout,Unsafe,77.320000,253.372000,,,newly_solved
compare_single_p_907_with_base_x3,compare_single_p_907_resume,base,pic3,FMCAD08/Real_Int/large/cruise_controller_12.lus,Safe,Safe,0.667000,0.685000,1.026987,0.018000,loss
compare_single_p_907_with_base_x3,compare_single_p_907_resume,base,pic3,FMCAD08/Real_Int/large/cruise_controller_22.lus,Unsafe,Unsafe,22.428000,17.297000,0.771223,-5.131000,win
compare_single_p_907_with_base_x3,compare_single_p_907_resume,base,pic3,FMCAD08/Real_Int/large/cruise_controller_01.lus,Safe,Safe,3.722000,4.048000,1.087587,0.326000,loss
compare_single_p_907_with_base_x3,compare_single_p_907_resume,base,pic3,FMCAD08/Real_Int32/large/ccp21.lus,Unsafe,Unsafe,103.698000,79.354000,0.765241,-24.344000,win
compare_single_p_907_with_base_x3,compare_single_p_907_resume,base,pic3,FMCAD08/Real_Int32/large/ccp16.lus,Safe,Safe,0.017000,0.017000,1.000000,0.000000,tie
compare_single_p_907_with_base_x3,compare_single_p_907_resume,base,pic3,FMCAD08/Real_Int32/large/cruise_controller_14.lus,Safe,Safe,0.620000,0.641000,1.033871,0.021000,loss
compare_single_p_907_with_base_x3,compare_single_p_907_resume,base,pic3,FMCAD08/Real_Int32/large/cruise_controller_20.lus,Unsafe,Unsafe,32.713000,18.554000,0.567175,-14.159000,win
compare_single_p_907_with_base_x3,compare_single_p_907_resume,base,pic3,FMCAD08/Real_Int32/large/ccp08.lus,Safe,Safe,3.619000,1.243000,0.343465,-2.376000,win
compare_single_p_907_with_base_x3,compare_single_p_907_resume,base,pic3,FMCAD08/Real_Int32/large/cruise_controller_05.lus,Safe,Safe,0.039000,0.037000,0.948718,-0.002000,win
compare_single_p_907_with_base_x3,compare_single_p_907_resume,base,pic3,FMCAD08/Real_Int32/large/cruise_controller_19.lus,Safe,Safe,17.442000,10.796000,0.618966,-6.646000,win
compare_single_p_907_with_base_x3,compare_single_p_907_resume,base,pic3,FMCAD08/Real_Int32/large/ccp10.lus,Timeout,Timeout,,,,,unsolved_both
compare_single_p_907_with_base_x3,compare_single_p_907_resume,base,pic3,FMCAD08/Real_Int32/large/cruise_controller_18.lus,Safe,Safe,18.325000,12.755000,0.696044,-5.570000,win
compare_single_p_907_with_base_x3,compare_single_p_907_resume,base,pic3,FMCAD08/Real_Int32/large/cruise_controller_08.lus,Timeout,Timeout,,,,,unsolved_both
compare_single_p_907_with_base_x3,compare_single_p_907_resume,base,pic3,FMCAD08/Real_Int32/large/ccp02.lus,Safe,Safe,17.379000,14.053000,0.808620,-3.326000,win
compare_single_p_907_with_base_x3,compare_single_p_907_resume,base,pic3,FMCAD08/Real_Int32/large/cruise_controller_06.lus,Safe,Safe,0.051000,0.050000,0.980392,-0.001000,win
compare_single_p_907_with_base_x3,compare_single_p_907_resume,base,pic3,FMCAD08/Real_Int32/large/ccp12.lus,Timeout,Unsafe,302.270000,91.826000,,,newly_solved
compare_single_p_907_with_base_x3,compare_single_p_907_resume,base,pic3,FMCAD08/Real_Int32/large/cruise_controller_03.lus,Safe,Safe,4.319000,2.982000,0.690438,-1.337000,win
compare_single_p_907_with_base_x3,compare_single_p_907_resume,base,pic3,FMCAD08/Real_Int32/large/cruise_controller_23.lus,Timeout,Timeout,,,,,unsolved_both
compare_single_p_907_with_base_x3,compare_single_p_907_resume,base,pic3,FMCAD08/Real_Int32/large/ccp18.lus,Safe,Safe,10.041000,4.827000,0.480729,-5.214000,win
compare_single_p_907_with_base_x3,compare_single_p_907_resume,base,pic3,FMCAD08/Real_Int32/large/ccp04.lus,Safe,Safe,1.871000,1.990000,1.063602,0.119000,loss
compare_single_p_907_with_base_x3,compare_single_p_907_resume,base,pic3,FMCAD08/Real_Int32/large/cruise_controller_07.lus,Safe,Safe,0.048000,0.047000,0.979167,-0.001000,win
compare_single_p_907_with_base_x3,compare_single_p_907_resume,base,pic3,FMCAD08/Real_Int32/large/cruise_controller_17.lus,Unsafe,Unsafe,34.562000,9.906000,0.286615,-24.656000,win
compare_single_p_907_with_base_x3,compare_single_p_907_resume,base,pic3,FMCAD08/Real_Int32/large/ccp19.lus,Safe,Safe,0.054000,0.052000,0.962963,-0.002000,win
compare_single_p_907_with_base_x3,compare_single_p_907_resume,base,pic3,FMCAD08/Real_Int32/large/cruise_controller_09.lus,Timeout,Timeout,,,,,unsolved_both
compare_single_p_907_with_base_x3,compare_single_p_907_resume,base,pic3,FMCAD08/Real_Int32/large/ccp23.lus,Timeout,Timeout,142.827000,29.386000,,,unsolved_both
compare_single_p_907_with_base_x3,compare_single_p_907_resume,base,pic3,FMCAD08/Real_Int32/large/cruise_controller_21.lus,Unsafe,Unsafe,0.028000,0.026000,0.928571,-0.002000,win
compare_single_p_907_with_base_x3,compare_single_p_907_resume,base,pic3,FMCAD08/Real_Int32/large/ccp17.lus,Safe,Safe,9.062000,10.972000,1.210770,1.910000,loss
compare_single_p_907_with_base_x3,compare_single_p_907_resume,base,pic3,FMCAD08/Real_Int32/large/ccp01.lus,Safe,Safe,13.685000,9.582000,0.700183,-4.103000,win
compare_single_p_907_with_base_x3,compare_single_p_907_resume,base,pic3,FMCAD08/Real_Int32/large/ccp05.lus,Safe,Safe,0.045000,0.043000,0.955556,-0.002000,win
compare_single_p_907_with_base_x3,compare_single_p_907_resume,base,pic3,FMCAD08/Real_Int32/large/ccp14.lus,Unsafe,Unsafe,57.541000,102.781000,1.786222,45.240000,loss
compare_single_p_907_with_base_x3,compare_single_p_907_resume,base,pic3,FMCAD08/Real_Int32/large/cruise_controller_24.lus,Safe,Safe,3.156000,1.336000,0.423321,-1.820000,win
compare_single_p_907_with_base_x3,compare_single_p_907_resume,base,pic3,FMCAD08/Real_Int32/large/ccp20.lus,Timeout,Safe,302.290000,28.176000,,,newly_solved
compare_single_p_907_with_base_x3,compare_single_p_907_resume,base,pic3,FMCAD08/Real_Int32/large/cruise_controller_02.lus,Safe,Safe,6.372000,3.361000,0.527464,-3.011000,win
compare_single_p_907_with_base_x3,compare_single_p_907_resume,base,pic3,FMCAD08/Real_Int32/large/ccp07.lus,Safe,Safe,0.052000,0.050000,0.961538,-0.002000,win
compare_single_p_907_with_base_x3,compare_single_p_907_resume,base,pic3,FMCAD08/Real_Int32/large/ccp22.lus,Timeout,Timeout,,,,,unsolved_both
compare_single_p_907_with_base_x3,compare_single_p_907_resume,base,pic3,FMCAD08/Real_Int32/large/ccp11.lus,Timeout,Timeout,,,,,unsolved_both
compare_single_p_907_with_base_x3,compare_single_p_907_resume,base,pic3,FMCAD08/Real_Int32/large/cruise_controller_15.lus,Unsafe,Unsafe,35.550000,3.097000,0.087117,-32.453000,win
compare_single_p_907_with_base_x3,compare_single_p_907_resume,base,pic3,FMCAD08/Real_Int32/large/ccp13.lus,Timeout,Timeout,,,,,unsolved_both
compare_single_p_907_with_base_x3,compare_single_p_907_resume,base,pic3,FMCAD08/Real_Int32/large/ccp09.lus,Safe,Safe,0.051000,0.052000,1.019608,0.001000,loss
compare_single_p_907_with_base_x3,compare_single_p_907_resume,base,pic3,FMCAD08/Real_Int32/large/cruise_controller_04.lus,Safe,Safe,0.710000,0.761000,1.071831,0.051000,loss
compare_single_p_907_with_base_x3,compare_single_p_907_resume,base,pic3,FMCAD08/Real_Int32/large/ccp03.lus,Safe,Safe,8.746000,4.841000,0.553510,-3.905000,win
compare_single_p_907_with_base_x3,compare_single_p_907_resume,base,pic3,FMCAD08/Real_Int32/large/cruise_controller_11.lus,Safe,Safe,0.051000,0.049000,0.960784,-0.002000,win
compare_single_p_907_with_base_x3,compare_single_p_907_resume,base,pic3,FMCAD08/Real_Int32/large/cruise_controller_13.lus,Safe,Safe,0.045000,0.046000,1.022222,0.001000,loss
compare_single_p_907_with_base_x3,compare_single_p_907_resume,base,pic3,FMCAD08/Real_Int32/large/ccp06.lus,Safe,Safe,0.052000,0.051000,0.980769,-0.001000,win
compare_single_p_907_with_base_x3,compare_single_p_907_resume,base,pic3,FMCAD08/Real_Int32/large/cruise_controller_10.lus,Safe,Safe,19.923000,1.907000,0.095719,-18.016000,win
compare_single_p_907_with_base_x3,compare_single_p_907_resume,base,pic3,FMCAD08/Real_Int32/large/ccp15.lus,Safe,Safe,0.053000,0.050000,0.943396,-0.003000,win
compare_single_p_907_with_base_x3,compare_single_p_907_resume,base,pic3,FMCAD08/Real_Int32/large/ccp24.lus,Timeout,Timeout,,,,,unsolved_both
compare_single_p_907_with_base_x3,compare_single_p_907_resume,base,pic3,FMCAD08/Real_Int32/large/cruise_controller_16.lus,Timeout,Timeout,,,,,unsolved_both
compare_single_p_907_with_base_x3,compare_single_p_907_resume,base,pic3,FMCAD08/Real_Int32/large/cruise_controller_12.lus,Safe,Safe,0.834000,0.851000,1.020384,0.017000,loss
compare_single_p_907_with_base_x3,compare_single_p_907_resume,base,pic3,FMCAD08/Real_Int32/large/cruise_controller_22.lus,Unsafe,Unsafe,40.868000,22.646000,0.554125,-18.222000,win
compare_single_p_907_with_base_x3,compare_single_p_907_resume,base,pic3,FMCAD08/Real_Int32/large/cruise_controller_01.lus,Safe,Safe,3.398000,4.310000,1.268393,0.912000,loss
compare_single_p_907_with_base_x3,compare_single_p_907_resume,base,base_x3,FMCAD08/Bool/misc/stalmark_e8_64_e7_80.lus,Unsafe,Unsafe,0.104000,0.073000,0.701923,-0.031000,win
compare_single_p_907_with_base_x3,compare_single_p_907_resume,base,base_x3,FMCAD08/Bool/misc/stalmark_e7_27.lus,Safe,Safe,0.102000,0.112000,1.098039,0.010000,loss
compare_single_p_907_with_base_x3,compare_single_p_907_resume,base,base_x3,FMCAD08/Bool/misc/switch.lus,Error,Error,0.110000,0.110000,,,unsolved_both
compare_single_p_907_with_base_x3,compare_single_p_907_resume,base,base_x3,FMCAD08/Bool/misc/switch2.lus,Error,Error,0.110000,0.110000,,,unsolved_both
compare_single_p_907_with_base_x3,compare_single_p_907_resume,base,base_x3,FMCAD08/Bool/misc/stalmark_e8_64_e8_207.lus,Unsafe,Unsafe,0.007000,0.007000,1.000000,0.000000,tie
compare_single_p_907_with_base_x3,compare_single_p_907_resume,base,base_x3,FMCAD08/Bool/misc/_6counter2.lus,Unsafe,Unsafe,0.105000,0.135000,1.285714,0.030000,loss
compare_single_p_907_with_base_x3,compare_single_p_907_resume,base,base_x3,FMCAD08/Bool/misc/stalmark_e7_27_e7_31.lus,Safe,Safe,0.102000,0.122000,1.196078,0.020000,loss
compare_single_p_907_with_base_x3,compare_single_p_907_resume,base,base_x3,FMCAD08/Bool/misc/_6counter.lus,Unsafe,Unsafe,0.363000,0.408000,1.123967,0.045000,loss
compare_single_p_907_with_base_x3,compare_single_p_907_resume,base,base_x3,FMCAD08/Bool/misc/stalmark_e8_48.lus,Unsafe,Unsafe,0.008000,0.007000,0.875000,-0.001000,win
compare_single_p_907_with_base_x3,compare_single_p_907_resume,base,base_x3,FMCAD08/Bool/misc/stalmark.lus,Safe,Safe,0.086000,0.091000,1.058140,0.005000,loss
compare_single_p_907_with_base_x3,compare_single_p_907_resume,base,base_x3,FMCAD08/Bool/misc/stalmark_e7_76.lus,Safe,Safe,0.102000,0.110000,1.078431,0.008000,loss
compare_single_p_907_with_base_x3,compare_single_p_907_resume,base,base_x3,FMCAD08/Bool/simulation/ums_e8_1032.lus,Safe,Safe,0.112000,0.118000,1.053571,0.006000,loss
compare_single_p_907_with_base_x3,compare_single_p_907_resume,base,base_x3,FMCAD08/Bool/simulation/production_cell_e7_207_e7_41.lus,Unsafe,Unsafe,0.016000,0.025000,1.562500,0.009000,loss
compare_single_p_907_with_base_x3,compare_single_p_907_resume,base,base_x3,FMCAD08/Bool/simulation/tramway.lus,Safe,Safe,0.589000,0.655000,1.112054,0.066000,loss
compare_single_p_907_with_base_x3,compare_single_p_907_resume,base,base_x3,FMCAD08/Bool/simulation/ums_e7_1700.lus,Unsafe,Unsafe,0.290000,0.307000,1.058621,0.017000,loss
compare_single_p_907_with_base_x3,compare_single_p_907_resume,base,base_x3,FMCAD08/Bool/simulation/production_cell_e7_21.lus,Unsafe,Unsafe,0.016000,0.016000,1.000000,0.000000,tie
compare_single_p_907_with_base_x3,compare_single_p_907_resume,base,base_x3,FMCAD08/Bool/simulation/production_cell_e7_207_e8_241.lus,Safe,Safe,0.076000,0.082000,1.078947,0.006000,loss
compare_single_p_907_with_base_x3,compare_single_p_907_resume,base,base_x3,FMCAD08/Bool/simulation/tramway_e7_1834_e8_3192.lus,Safe,Safe,0.588000,0.644000,1.095238,0.056000,loss
compare_single_p_907_with_base_x3,compare_single_p_907_resume,base,base_x3,FMCAD08/Bool/simulation/production_cell_e8_6.lus,Safe,Safe,0.077000,0.082000,1.064935,0.005000,loss
compare_single_p_907_with_base_x3,compare_single_p_907_resume,base,base_x3,FMCAD08/Bool/simulation/tramway_e7_1834_e7_2363.lus,Safe,Safe,0.092000,0.099000,1.076087,0.007000,loss
compare_single_p_907_with_base_x3,compare_single_p_907_resume,base,base_x3,FMCAD08/Bool/simulation/ums.lus,Safe,Safe,0.089000,0.095000,1.067416,0.006000,loss
compare_single_p_907_with_base_x3,compare_single_p_907_resume,base,base_x3,FMCAD08/Bool/simulation/production_cell.lus,Safe,Safe,0.078000,0.082000,1.051282,0.004000,loss
compare_single_p_907_with_base_x3,compare_single_p_907_resume,base,base_x3,FMCAD08/Bool/simulation/tramway_e7_1834.lus,Safe,Safe,0.074000,0.079000,1.067568,0.005000,loss
compare_single_p_907_with_base_x3,compare_single_p_907_resume,base,base_x3,FMCAD08/Bool/simulation/production_cell_e8_6_e7_651.lus,Unsafe,Unsafe,0.016000,0.016000,1.000000,0.000000,tie
compare_single_p_907_with_base_x3,compare_single_p_907_resume,base,base_x3,FMCAD08/Bool/simulation/production_cell_e8_6_e8_427.lus,Unsafe,Unsafe,0.075000,0.078000,1.040000,0.003000,loss
compare_single_p_907_with_base_x3,compare_single_p_907_resume,base,base_x3,FMCAD08/Int/protocol/swimmingpool_4_e7_2197.lus,Unsafe,Unsafe,0.272000,0.274000,1.007353,0.002000,loss
compare_single_p_907_with_base_x3,compare_single_p_907_resume,base,base_x3,FMCAD08/Int/protocol/rtp_9.lus,Safe,Safe,0.058000,0.058000,1.000000,0.000000,tie
compare_single_p_907_with_base_x3,compare_single_p_907_resume,base,base_x3,FMCAD08/Int/protocol/rtp_6.lus,Safe,Safe,0.079000,0.086000,1.088608,0.007000,loss
compare_single_p_907_with_base_x3,compare_single_p_907_resume,base,base_x3,FMCAD08/Int/protocol/swimmingpool_6.lus,Unsafe,Unsafe,0.582000,0.607000,1.042955,0.025000,loss
compare_single_p_907_with_base_x3,compare_single_p_907_resume,base,base_x3,FMCAD08/Int/protocol/rtp_7.lus,Safe,Safe,0.056000,0.056000,1.000000,0.000000,tie
compare_single_p_907_with_base_x3,compare_single_p_907_resume,base,base_x3,FMCAD08/Int/protocol/swimmingpool_6_e7_399.lus,Unsafe,Unsafe,1.138000,1.206000,1.059754,0.068000,loss
compare_single_p_907_with_base_x3,compare_single_p_907_resume,base,base_x3,FMCAD08/Int/protocol/rtp_4.lus,Safe,Safe,0.080000,0.090000,1.125000,0.010000,loss
compare_single_p_907_with_base_x3,compare_single_p_907_resume,base,base_x3,FMCAD08/Int/protocol/swimmingpool_1_e7_1621.lus,Unsafe,Unsafe,0.202000,0.221000,1.094059,0.019000,loss
compare_single_p_907_with_base_x3,compare_single_p_907_resume,base,base_x3,FMCAD08/Int/protocol/rtp_8.lus,Safe,Safe,0.056000,0.057000,1.017857,0.001000,loss
compare_single_p_907_with_base_x3,compare_single_p_907_resume,base,base_x3,FMCAD08/Int/protocol/swimmingpool_4.lus,Unsafe,Unsafe,0.129000,0.139000,1.077519,0.010000,loss
compare_single_p_907_with_base_x3,compare_single_p_907_resume,base,base_x3,FMCAD08/Int/protocol/peterson_all.lus,Safe,Safe,0.286000,0.308000,1.076923,0.022000,loss
compare_single_p_907_with_base_x3,compare_single_p_907_resume,base,base_x3,FMCAD08/Int/protocol/peterson_3.lus,Safe,Safe,0.098000,0.102000,1.040816,0.004000,loss
compare_single_p_907_with_base_x3,compare_single_p_907_resume,base,base_x3,FMCAD08/Int/protocol/swimmingpool_3.lus,Unsafe,Unsafe,0.091000,0.101000,1.109890,0.010000,loss
compare_single_p_907_with_base_x3,compare_single_p_907_resume,base,base_x3,FMCAD08/Int/protocol/swimmingpool_1.lus,Unsafe,Unsafe,0.949000,0.993000,1.046365,0.044000,loss
compare_single_p_907_with_base_x3,compare_single_p_907_resume,base,base_x3,FMCAD08/Int/protocol/swimmingpool_2.lus,Unsafe,Unsafe,0.018000,0.033000,1.833333,0.015000,loss
compare_single_p_907_with_base_x3,compare_single_p_907_resume,base,base_x3,FMCAD08/Int/protocol/rtp_all.lus,Safe,Safe,0.389000,0.416000,1.069409,0.027000,loss
compare_single_p_907_with_base_x3,compare_single_p_907_resume,base,base_x3,FMCAD08/Int/protocol/readwrit.lus,Safe,Safe,0.055000,0.070000,1.272727,0.015000,loss
compare_single_p_907_with_base_x3,compare_single_p_907_resume,base,base_x3,FMCAD08/Int/protocol/rtp_1.lus,Safe,Safe,0.076000,0.084000,1.105263,0.008000,loss
compare_single_p_907_with_base_x3,compare_single_p_907_resume,base,base_x3,FMCAD08/Int/protocol/rtp_2.lus,Safe,Safe,0.101000,0.104000,1.029703,0.003000,loss
compare_single_p_907_with_base_x3,compare_single_p_907_resume,base,base_x3,FMCAD08/Int/protocol/rtp_5.lus,Safe,Safe,0.058000,0.059000,1.017241,0.001000,loss
compare_single_p_907_with_base_x3,compare_single_p_907_resume,base,base_x3,FMCAD08/Int/protocol/rtp_3.lus,Safe,Safe,0.076000,0.108000,1.421053,0.032000,loss
compare_single_p_907_with_base_x3,compare_single_p_907_resume,base,base_x3,FMCAD08/Int/protocol/peterson_2.lus,Safe,Safe,0.067000,0.070000,1.044776,0.003000,loss
compare_single_p_907_with_base_x3,compare_single_p_907_resume,base,base_x3,FMCAD08/Int/protocol/peterson_1_e7_4234.lus,Safe,Safe,0.076000,0.076000,1.000000,0.000000,tie
compare_single_p_907_with_base_x3,compare_single_p_907_resume,base,base_x3,FMCAD08/Int/protocol/peterson_1.lus,Safe,Safe,0.072000,0.093000,1.291667,0.021000,loss
compare_single_p_907_with_base_x3,compare_single_p_907_resume,base,base_x3,FMCAD08/Int/protocol/peterson_4.lus,Safe,Safe,0.112000,0.095000,0.848214,-0.017000,win
compare_single_p_907_with_base_x3,compare_single_p_907_resume,base,base_x3,FMCAD08/Int/protocol/swimmingpool_8.lus,Unsafe,Unsafe,0.369000,0.459000,1.243902,0.090000,loss
compare_single_p_907_with_base_x3,compare_single_p_907_resume,base,base_x3,FMCAD08/Int/protocol/rtp_10_e7_106_e7_2564.lus,Safe,Safe,0.092000,0.115000,1.250000,0.023000,loss
compare_single_p_907_with_base_x3,compare_single_p_907_resume,base,base_x3,FMCAD08/Int/protocol/rtp_5_e7_3972.lus,Safe,Safe,0.068000,0.107000,1.573529,0.039000,loss
compare_single_p_907_with_base_x3,compare_single_p_907_resume,base,base_x3,FMCAD08/Int/protocol/swimmingpool_6_e7_10_e7_341.lus,Unsafe,Unsafe,0.357000,0.389000,1.089636,0.032000,loss
compare_single_p_907_with_base_x3,compare_single_p_907_resume,base,base_x3,FMCAD08/Int/protocol/swimmingpool_7.lus,Unsafe,Unsafe,0.949000,1.091000,1.149631,0.142000,loss
compare_single_p_907_with_base_x3,compare_single_p_907_resume,base,base_x3,FMCAD08/Int/protocol/rtp_all_e7_2500.lus,Safe,Safe,0.584000,0.628000,1.075342,0.044000,loss
compare_single_p_907_with_base_x3,compare_single_p_907_resume,base,base_x3,FMCAD08/Int/protocol/swimmingpool_9.lus,Unsafe,Unsafe,0.714000,0.844000,1.182073,0.130000,loss
compare_single_p_907_with_base_x3,compare_single_p_907_resume,base,base_x3,FMCAD08/Int/protocol/rtp_10.lus,Safe,Safe,0.054000,0.056000,1.037037,0.002000,loss
compare_single_p_907_with_base_x3,compare_single_p_907_resume,base,base_x3,FMCAD08/Int/protocol/rtp_vt.lus,Safe,Safe,77.316000,92.197000,1.192470,14.881000,loss
compare_single_p_907_with_base_x3,compare_single_p_907_resume,base,base_x3,FMCAD08/Int/protocol/swimmingpool_5.lus,Unsafe,Unsafe,0.189000,0.221000,1.169312,0.032000,loss
compare_single_p_907_with_base_x3,compare_single_p_907_resume,base,base_x3,FMCAD08/Int/protocol/peterson_vt.lus,Unsafe,Unsafe,0.412000,0.521000,1.264563,0.109000,loss
compare_single_p_907_with_base_x3,compare_single_p_907_resume,base,base_x3,FMCAD08/Int/misc/ticket3i_2.lus,Safe,Safe,0.068000,0.068000,1.000000,0.000000,tie
compare_single_p_907_with_base_x3,compare_single_p_907_resume,base,base_x3,FMCAD08/Int/misc/durationThm_3_e3_442_e5_260.lus,Safe,Safe,0.036000,0.038000,1.055556,0.002000,loss
compare_single_p_907_with_base_x3,compare_single_p_907_resume,base,base_x3,FMCAD08/Int/misc/ticket3i_7_e7_3176.lus,Safe,Safe,0.145000,0.153000,1.055172,0.008000,loss
compare_single_p_907_with_base_x3,compare_single_p_907_resume,base,base_x3,FMCAD08/Int/misc/durationThm_1_e7_217_e3_132.lus,Safe,Safe,0.054000,0.057000,1.055556,0.003000,loss
compare_single_p_907_with_base_x3,compare_single_p_907_resume,base,base_x3,FMCAD08/Int/misc/durationThm_2_e7_145_e8_73.lus,Timeout,Timeout,,,,,unsolved_both
compare_single_p_907_with_base_x3,compare_single_p_907_resume,base,base_x3,FMCAD08/Int/misc/durationThm_2_e7_145_e1_343.lus,Unsafe,Unsafe,0.013000,0.012000,0.923077,-0.001000,win
compare_single_p_907_with_base_x3,compare_single_p_907_resume,base,base_x3,FMCAD08/Int/misc/_6counters.lus,Unsafe,Unsafe,6.824000,8.450000,1.238277,1.626000,loss
compare_single_p_907_with_base_x3,compare_single_p_907_resume,base,base_x3,FMCAD08/Int/misc/ticket3i_7_e7_3176_e1_2924.lus,Safe,Safe,0.165000,0.198000,1.200000,0.033000,loss
compare_single_p_907_with_base_x3,compare_single_p_907_resume,base,base_x3,FMCAD08/Int/misc/durationThm_1_e2_3.lus,Safe,Safe,0.035000,0.036000,1.028571,0.001000,loss
compare_single_p_907_with_base_x3,compare_single_p_907_resume,base,base_x3,FMCAD08/Int/misc/durationThm_2_e7_145_e3_222.lus,Safe,Safe,0.067000,0.068000,1.014925,0.001000,loss
compare_single_p_907_with_base_x3,compare_single_p_907_resume,base,base_x3,FMCAD08/Int/misc/durationThm_3_e7_334_e2_62.lus,Safe,Safe,0.076000,0.066000,0.868421,-0.010000,win
compare_single_p_907_with_base_x3,compare_single_p_907_resume,base,base_x3,FMCAD08/Int/misc/ticket3i_1.lus,Safe,Safe,0.085000,0.089000,1.047059,0.004000,loss
compare_single_p_907_with_base_x3,compare_single_p_907_resume,base,base_x3,FMCAD08/Int/misc/durationThm_3.lus,Timeout,Timeout,,,,,unsolved_both
compare_single_p_907_with_base_x3,compare_single_p_907_resume,base,base_x3,FMCAD08/Int/misc/traffic_e7_46_e7_171.lus,Unsafe,Unsafe,0.013000,0.009000,0.692308,-0.004000,win
compare_single_p_907_with_base_x3,compare_single_p_907_resume,base,base_x3,FMCAD08/Int/misc/durationThm_2_e7_149.lus,Unsafe,Unsafe,0.013000,0.012000,0.923077,-0.001000,win
compare_single_p_907_with_base_x3,compare_single_p_907_resume,base,base_x3,FMCAD08/Int/misc/durationThm_3_e7_334_e3_42.lus,Safe,Safe,0.053000,0.063000,1.188679,0.010000,loss
compare_single_p_907_with_base_x3,compare_single_p_907_resume,base,base_x3,FMCAD08/Int/misc/ticket3i_7_e3_59_e7_2122.lus,Safe,Safe,0.158000,0.163000,1.031646,0.005000,loss
compare_single_p_907_with_base_x3,compare_single_p_907_resume,base,base_x3,FMCAD08/Int/misc/ex8_e7_74.lus,Unsafe,Unsafe,0.025000,0.024000,0.960000,-0.001000,win
compare_single_p_907_with_base_x3,compare_single_p_907_resume,base,base_x3,FMCAD08/Int/misc/ex8_e7_74_e7_740.lus,Unsafe,Unsafe,0.026000,0.026000,1.000000,0.000000,tie
compare_single_p_907_with_base_x3,compare_single_p_907_resume,base,base_x3,FMCAD08/Int/misc/ticket3i_3_e7_99.lus,Unsafe,Unsafe,0.020000,0.022000,1.100000,0.002000,loss
compare_single_p_907_with_base_x3,compare_single_p_907_resume,base,base_x3,FMCAD08/Int/misc/ticket3i_3_e7_1312_e8_1916.lus,Safe,Safe,0.046000,0.055000,1.195652,0.009000,loss
compare_single_p_907_with_base_x3,compare_single_p_907_resume,base,base_x3,FMCAD08/Int/misc/ex8_e8_220_e7_249.lus,Unsafe,Unsafe,0.025000,0.026000,1.040000,0.001000,loss
compare_single_p_907_with_base_x3,compare_single_p_907_resume,base,base_x3,FMCAD08/Int/misc/two_counters_e1_268.lus,Unsafe,Unsafe,0.010000,0.009000,0.900000,-0.001000,win
compare_single_p_907_with_base_x3,compare_single_p_907_resume,base,base_x3,FMCAD08/Int/misc/durationThm_2.lus,Timeout,Timeout,,,,,unsolved_both
compare_single_p_907_with_base_x3,compare_single_p_907_resume,base,base_x3,FMCAD08/Int/misc/durationThm_3_e1_36.lus,Unsafe,Unsafe,0.026000,0.026000,1.000000,0.000000,tie
compare_single_p_907_with_base_x3,compare_single_p_907_resume,base,base_x3,FMCAD08/Int/misc/ticket3i_all_e8_505_e7_2450.lus,Safe,Safe,0.196000,0.173000,0.882653,-0.023000,win
compare_single_p_907_with_base_x3,compare_single_p_907_resume,base,base_x3,FMCAD08/Int/misc/durationThm_1_e1_350.lus,Unsafe,Unsafe,0.012000,0.013000,1.083333,0.001000,loss
compare_single_p_907_with_base_x3,compare_single_p_907_resume,base,base_x3,FMCAD08/Int/misc/ticket3i_3_e8_1703_e8_2560.lus,Safe,Safe,0.048000,0.049000,1.020833,0.001000,loss
compare_single_p_907_with_base_x3,compare_single_p_907_resume,base,base_x3,FMCAD08/Int/misc/durationThm_1_e3_389.lus,Safe,Safe,0.035000,0.035000,1.000000,0.000000,tie
compare_single_p_907_with_base_x3,compare_single_p_907_resume,base,base_x3,FMCAD08/Int/misc/durationThm_3_e3_442_e4_165.lus,Safe,Safe,0.034000,0.034000,1.000000,0.000000,tie
compare_single_p_907_with_base_x3,compare_single_p_907_resume,base,base_x3,FMCAD08/Int/misc/durationThm_1_e7_217_e7_31.lus,Unsafe,Unsafe,0.012000,0.012000,1.000000,0.000000,tie
compare_single_p_907_with_base_x3,compare_single_p_907_resume,base,base_x3,FMCAD08/Int/misc/durationThm_1.lus,Timeout,Timeout,,,,,unsolved_both
compare_single_p_907_with_base_x3,compare_single_p_907_resume,base,base_x3,FMCAD08/Int/misc/ticket3i_all_e7_591.lus,Safe,Safe,0.149000,0.160000,1.073826,0.011000,loss
compare_single_p_907_with_base_x3,compare_single_p_907_resume,base,base_x3,FMCAD08/Int/misc/durationThm_2_e1_301.lus,Timeout,Timeout,,,,,unsolved_both
compare_single_p_907_with_base_x3,compare_single_p_907_resume,base,base_x3,FMCAD08/Int/misc/two_counters_e3_325.lus,Unsafe,Unsafe,0.027000,0.029000,1.074074,0.002000,loss
compare_single_p_907_with_base_x3,compare_single_p_907_resume,base,base_x3,FMCAD08/Int/misc/durationThm_3_e7_334.lus,Timeout,Timeout,0.077000,0.063000,,,unsolved_both
compare_single_p_907_with_base_x3,compare_single_p_907_resume,base,base_x3,FMCAD08/Int/misc/_6counters_e8_371_e1_448.lus,Timeout,Timeout,,,,,unsolved_both
compare_single_p_907_with_base_x3,compare_single_p_907_resume,base,base_x3,FMCAD08/Int/misc/ticket3i_3_e8_1703_e7_3491.lus,Unsafe,Unsafe,0.021000,0.020000,0.952381,-0.001000,win
compare_single_p_907_with_base_x3,compare_single_p_907_resume,base,base_x3,FMCAD08/Int/misc/ticket3i_1_e7_1669.lus,Safe,Safe,0.086000,0.091000,1.058140,0.005000,loss
compare_single_p_907_with_base_x3,compare_single_p_907_resume,base,base_x3,FMCAD08/Int/misc/durationThm_1_e7_217.lus,Unsafe,Unsafe,0.042000,0.044000,1.047619,0.002000,loss
compare_single_p_907_with_base_x3,compare_single_p_907_resume,base,base_x3,FMCAD08/Int/misc/traffic.lus,Safe,Safe,0.038000,0.040000,1.052632,0.002000,loss
compare_single_p_907_with_base_x3,compare_single_p_907_resume,base,base_x3,FMCAD08/Int/misc/two_counters_e2_3.lus,Unsafe,Unsafe,0.021000,0.025000,1.190476,0.004000,loss
compare_single_p_907_with_base_x3,compare_single_p_907_resume,base,base_x3,FMCAD08/Int/misc/ticket3i_7_e1_2192_e1_1852.lus,Safe,Safe,0.203000,0.212000,1.044335,0.009000,loss
compare_single_p_907_with_base_x3,compare_single_p_907_resume,base,base_x3,FMCAD08/Int/misc/_6counters_e3_140_e8_149.lus,Timeout,Timeout,,,,,unsolved_both
compare_single_p_907_with_base_x3,compare_single_p_907_resume,base,base_x3,FMCAD08/Int/misc/ticket3i_7_e2_2724_e7_524.lus,Safe,Safe,0.151000,0.157000,1.039735,0.006000,loss
compare_single_p_907_with_base_x3,compare_single_p_907_resume,base,base_x3,FMCAD08/Int/misc/durationThm_2_e7_145_e2_169.lus,Safe,Safe,0.060000,0.064000,1.066667,0.004000,loss
compare_single_p_907_with_base_x3,compare_single_p_907_resume,base,base_x3,FMCAD08/Int/misc/durationThm_2_e7_145_e7_154.lus,Unsafe,Unsafe,0.012000,0.012000,1.000000,0.000000,tie
compare_single_p_907_with_base_x3,compare_single_p_907_resume,base,base_x3,FMCAD08/Int/misc/_6counters_e8_371_e7_304.lus,Unsafe,Unsafe,1.254000,1.380000,1.100478,0.126000,loss
compare_single_p_907_with_base_x3,compare_single_p_907_resume,base,base_x3,FMCAD08/Int/misc/durationThm_2_e3_329_e4_1.lus,Safe,Safe,0.043000,0.045000,1.046512,0.002000,loss
compare_single_p_907_with_base_x3,compare_single_p_907_resume,base,base_x3,FMCAD08/Int/misc/_6countern.lus,Unsafe,Unsafe,0.006000,0.006000,1.000000,0.000000,tie
compare_single_p_907_with_base_x3,compare_single_p_907_resume,base,base_x3,FMCAD08/Int/misc/durationThm_3_e7_334_e7_118.lus,Unsafe,Unsafe,0.010000,0.010000,1.000000,0.000000,tie
compare_single_p_907_with_base_x3,compare_single_p_907_resume,base,base_x3,FMCAD08/Int/misc/ticket3i_3_e8_1703.lus,Safe,Safe,0.068000,0.067000,0.985294,-0.001000,win
compare_single_p_907_with_base_x3,compare_single_p_907_resume,base,base_x3,FMCAD08/Int/misc/ticket3i_4.lus,Safe,Safe,0.063000,0.065000,1.031746,0.002000,loss
compare_single_p_907_with_base_x3,compare_single_p_907_resume,base,base_x3,FMCAD08/Int/misc/ticket3i_3_e7_1312_e7_1495.lus,Unsafe,Unsafe,0.025000,0.020000,0.800000,-0.005000,win
compare_single_p_907_with_base_x3,compare_single_p_907_resume,base,base_x3,FMCAD08/Int/misc/durationThm_1_e7_217_e1_89.lus,Unsafe,Unsafe,0.013000,0.013000,1.000000,0.000000,tie
compare_single_p_907_with_base_x3,compare_single_p_907_resume,base,base_x3,FMCAD08/Int/misc/durationThm_3_e7_334_e1_431.lus,Unsafe,Unsafe,0.025000,0.026000,1.040000,0.001000,loss
compare_single_p_907_with_base_x3,compare_single_p_907_resume,base,base_x3,FMCAD08/Int/misc/ex8.lus,Unsafe,Unsafe,0.026000,0.025000,0.961538,-0.001000,win
compare_single_p_907_with_base_x3,compare_single_p_907_resume,base,base_x3,FMCAD08/Int/misc/_6counters_e8_371_e2_80.lus,Safe,Safe,0.020000,0.019000,0.950000,-0.001000,win
compare_single_p_907_with_base_x3,compare_single_p_907_resume,base,base_x3,FMCAD08/Int/misc/two_counters.lus,Safe,Safe,1.149000,1.217000,1.059182,0.068000,loss
compare_single_p_907_with_base_x3,compare_single_p_907_resume,base,base_x3,FMCAD08/Int/misc/durationThm_3_e3_207.lus,Safe,Safe,0.036000,0.038000,1.055556,0.002000,loss
compare_single_p_907_with_base_x3,compare_single_p_907_resume,base,base_x3,FMCAD08/Int/misc/ticket3i_3.lus,Safe,Safe,0.045000,0.048000,1.066667,0.003000,loss
compare_single_p_907_with_base_x3,compare_single_p_907_resume,base,base_x3,FMCAD08/Int/misc/durationThm_2_e3_329_e5_124.lus,Safe,Safe,0.043000,0.045000,1.046512,0.002000,loss
compare_single_p_907_with_base_x3,compare_single_p_907_resume,base,base_x3,FMCAD08/Int/misc/_6counters_e8_371_e3_224.lus,Timeout,Timeout,,,,,unsolved_both
compare_single_p_907_with_base_x3,compare_single_p_907_resume,base,base_x3,FMCAD08/Int/misc/ex8_e7_74_e8_302.lus,Unsafe,Unsafe,0.025000,0.025000,1.000000,0.000000,tie
compare_single_p_907_with_base_x3,compare_single_p_907_resume,base,base_x3,FMCAD08/Int/misc/ticket3i_all_e3_557_e7_3464.lus,Safe,Safe,0.126000,0.133000,1.055556,0.007000,loss
compare_single_p_907_with_base_x3,compare_single_p_907_resume,base,base_x3,FMCAD08/Int/misc/ticket3i_5_e7_3307.lus,Safe,Safe,0.070000,0.071000,1.014286,0.001000,loss
compare_single_p_907_with_base_x3,compare_single_p_907_resume,base,base_x3,FMCAD08/Int/misc/two_counters_e7_222.lus,Unsafe,Unsafe,0.010000,0.009000,0.900000,-0.001000,win
compare_single_p_907_with_base_x3,compare_single_p_907_resume,base,base_x3,FMCAD08/Int/misc/traffic_e7_46.lus,Unsafe,Unsafe,0.009000,0.008000,0.888889,-0.001000,win
compare_single_p_907_with_base_x3,compare_single_p_907_resume,base,base_x3,FMCAD08/Int/misc/twisted_counters.lus,Safe,Safe,2.017000,2.228000,1.104611,0.211000,loss
compare_single_p_907_with_base_x3,compare_single_p_907_resume,base,base_x3,FMCAD08/Int/misc/durationThm_1_e3_389_e5_5.lus,Safe,Safe,0.036000,0.036000,1.000000,0.000000,tie
compare_single_p_907_with_base_x3,compare_single_p_907_resume,base,base_x3,FMCAD08/Int/misc/durationThm_2_e2_63.lus,Safe,Safe,0.052000,0.054000,1.038462,0.002000,loss
compare_single_p_907_with_base_x3,compare_single_p_907_resume,base,base_x3,FMCAD08/Int/misc/durationThm_2_e3_99.lus,Safe,Safe,0.043000,0.043000,1.000000,0.000000,tie
compare_single_p_907_with_base_x3,compare_single_p_907_resume,base,base_x3,FMCAD08/Int/misc/ticket3i_all_e2_1117_e7_553.lus,Safe,Safe,0.147000,0.178000,1.210884,0.031000,loss
compare_single_p_907_with_base_x3,compare_single_p_907_resume,base,base_x3,FMCAD08/Int/misc/ticket3i_7.lus,Safe,Safe,0.140000,0.144000,1.028571,0.004000,loss
compare_single_p_907_with_base_x3,compare_single_p_907_resume,base,base_x3,FMCAD08/Int/misc/ticket3i_4_e7_1775_e7_3320.lus,Safe,Safe,0.061000,0.063000,1.032787,0.002000,loss
compare_single_p_907_with_base_x3,compare_single_p_907_resume,base,base_x3,FMCAD08/Int/misc/durationThm_1_e3_389_e4_294.lus,Safe,Safe,0.033000,0.036000,1.090909,0.003000,loss
compare_single_p_907_with_base_x3,compare_single_p_907_resume,base,base_x3,FMCAD08/Int/misc/ticket3i_all.lus,Safe,Safe,0.138000,0.147000,1.065217,0.009000,loss
compare_single_p_907_with_base_x3,compare_single_p_907_resume,base,base_x3,FMCAD08/Int/misc/durationThm_1_e7_217_e2_352.lus,Safe,Safe,0.055000,0.059000,1.072727,0.004000,loss
compare_single_p_907_with_base_x3,compare_single_p_907_resume,base,base_x3,FMCAD08/Int/misc/ticket3i_7_e8_2126_e7_78.lus,Safe,Safe,0.148000,0.169000,1.141892,0.021000,loss
compare_single_p_907_with_base_x3,compare_single_p_907_resume,base,base_x3,FMCAD08/Int/misc/ticket3i_all_e1_2706_e7_1776.lus,Safe,Safe,0.147000,0.165000,1.122449,0.018000,loss
compare_single_p_907_with_base_x3,compare_single_p_907_resume,base,base_x3,FMCAD08/Int/misc/durationThm_3_e2_63.lus,Safe,Safe,0.034000,0.036000,1.058824,0.002000,loss
compare_single_p_907_with_base_x3,compare_single_p_907_resume,base,base_x3,FMCAD08/Int/misc/ticket3i_5.lus,Safe,Safe,0.062000,0.068000,1.096774,0.006000,loss
compare_single_p_907_with_base_x3,compare_single_p_907_resume,base,base_x3,FMCAD08/Int/misc/ticket3i_6_e7_1096_e7_2688.lus,Safe,Safe,0.066000,0.071000,1.075758,0.005000,loss
compare_single_p_907_with_base_x3,compare_single_p_907_resume,base,base_x3,FMCAD08/Int/misc/ex8_e8_220.lus,Unsafe,Unsafe,0.026000,0.026000,1.000000,0.000000,tie
compare_single_p_907_with_base_x3,compare_single_p_907_resume,base,base_x3,FMCAD08/Int/misc/ex3.lus,Safe,Safe,0.110000,0.119000,1.081818,0.009000,loss
compare_single_p_907_with_base_x3,compare_single_p_907_resume,base,base_x3,FMCAD08/Int/misc/ticket3i_6.lus,Safe,Safe,0.067000,0.073000,1.089552,0.006000,loss
compare_single_p_907_with_base_x3,compare_single_p_907_resume,base,base_x3,FMCAD08/Int/memory1/DRAGON_2_e7_25_e8_3171.lus,Safe,Safe,0.063000,0.066000,1.047619,0.003000,loss
compare_single_p_907_with_base_x3,compare_single_p_907_resume,base,base_x3,FMCAD08/Int/memory1/DRAGON_10_e1_3587_e7_872.lus,Unsafe,Unsafe,0.023000,0.023000,1.000000,0.000000,tie
compare_single_p_907_with_base_x3,compare_single_p_907_resume,base,base_x3,FMCAD08/Int/memory1/FIREFLY_luke_1b_e2_3049.lus,Unsafe,Unsafe,0.056000,0.061000,1.089286,0.005000,loss
compare_single_p_907_with_base_x3,compare_single_p_907_resume,base,base_x3,FMCAD08/Int/memory1/FIREFLY_luke_1a_e2_284_e1_2924.lus,Timeout,Timeout,,,,,unsolved_both
compare_single_p_907_with_base_x3,compare_single_p_907_resume,base,base_x3,FMCAD08/Int/memory1/DRAGON_4_e7_2329.lus,Unsafe,Unsafe,0.089000,0.087000,0.977528,-0.002000,win
compare_single_p_907_with_base_x3,compare_single_p_907_resume,base,base_x3,FMCAD08/Int/memory1/FIREFLY_luke_1b_e3_671_e5_1637.lus,Unsafe,Unsafe,0.054000,0.056000,1.037037,0.002000,loss
compare_single_p_907_with_base_x3,compare_single_p_907_resume,base,base_x3,FMCAD08/Int/memory1/FIREFLY_all_e3_1600_e7_1607.lus,Unsafe,Unsafe,0.020000,0.020000,1.000000,0.000000,tie
compare_single_p_907_with_base_x3,compare_single_p_907_resume,base,base_x3,FMCAD08/Int/memory1/FIREFLY_3_e2_2236_e3_2657.lus,Unsafe,Unsafe,0.057000,0.078000,1.368421,0.021000,loss
compare_single_p_907_with_base_x3,compare_single_p_907_resume,base,base_x3,FMCAD08/Int/memory1/FIREFLY_all_e7_1909.lus,Unsafe,Unsafe,0.024000,0.021000,0.875000,-0.003000,win
compare_single_p_907_with_base_x3,compare_single_p_907_resume,base,base_x3,FMCAD08/Int/memory1/DRAGON_all2_e8_5504_e1_4719.lus,Unsafe,Unsafe,0.027000,0.035000,1.296296,0.008000,loss
compare_single_p_907_with_base_x3,compare_single_p_907_resume,base,base_x3,FMCAD08/Int/memory1/DRAGON_3_e3_5422_e2_3135.lus,Safe,Safe,0.070000,0.075000,1.071429,0.005000,loss
compare_single_p_907_with_base_x3,compare_single_p_907_resume,base,base_x3,FMCAD08/Int/memory1/DRAGON_all_e2_6104_e2_3308.lus,Safe,Safe,0.183000,0.191000,1.043716,0.008000,loss
compare_single_p_907_with_base_x3,compare_single_p_907_resume,base,base_x3,FMCAD08/Int/memory1/DRAGON_10_e1_998.lus,Safe,Safe,0.088000,0.093000,1.056818,0.005000,loss
compare_single_p_907_with_base_x3,compare_single_p_907_resume,base,base_x3,FMCAD08/Int/memory1/FIREFLY_a3_e1_3233.lus,Unsafe,Unsafe,0.064000,0.064000,1.000000,0.000000,tie
compare_single_p_907_with_base_x3,compare_single_p_907_resume,base,base_x3,FMCAD08/Int/memory1/DRAGON_all2_e7_5406_e7_6697.lus,Unsafe,Unsafe,0.027000,0.028000,1.037037,0.001000,loss
compare_single_p_907_with_base_x3,compare_single_p_907_resume,base,base_x3,FMCAD08/Int/memory1/DRAGON_8_e3_786.lus,Timeout,Timeout,293.429000,69.610000,,,unsolved_both
compare_single_p_907_with_base_x3,compare_single_p_907_resume,base,base_x3,FMCAD08/Int/memory1/FIREFLY_u1.lus,Safe,Safe,1.304000,1.397000,1.071319,0.093000,loss
compare_single_p_907_with_base_x3,compare_single_p_907_resume,base,base_x3,FMCAD08/Int/memory1/DRAGON_all_e3_4821_e4_1791.lus,Safe,Safe,0.179000,0.188000,1.050279,0.009000,loss
compare_single_p_907_with_base_x3,compare_single_p_907_resume,base,base_x3,FMCAD08/Int/memory1/FIREFLY_3.lus,Safe,Safe,0.045000,0.045000,1.000000,0.000000,tie
compare_single_p_907_with_base_x3,compare_single_p_907_resume,base,base_x3,FMCAD08/Int/memory1/DRAGON_4_e1_4312.lus,Safe,Safe,2.914000,3.443000,1.181537,0.529000,loss
compare_single_p_907_with_base_x3,compare_single_p_907_resume,base,base_x3,FMCAD08/Int/memory1/FIREFLY_2.lus,Safe,Safe,0.051000,0.052000,1.019608,0.001000,loss
compare_single_p_907_with_base_x3,compare_single_p_907_resume,base,base_x3,FMCAD08/Int/memory1/DRAGON_all_e1_4022_e1_1759.lus,Safe,Safe,0.154000,0.166000,1.077922,0.012000,loss
compare_single_p_907_with_base_x3,compare_single_p_907_resume,base,base_x3,FMCAD08/Int/memory1/FIREFLY_luke_rt_e3_1549.lus,Unsafe,Unsafe,0.061000,0.064000,1.049180,0.003000,loss
compare_single_p_907_with_base_x3,compare_single_p_907_resume,base,base_x3,FMCAD08/Int/memory1/FIREFLY_a3_e2_2086_e3_2542.lus,Safe,Safe,0.111000,0.114000,1.027027,0.003000,loss
compare_single_p_907_with_base_x3,compare_single_p_907_resume,base,base_x3,FMCAD08/Int/memory1/DRAGON_4.lus,Safe,Safe,3.073000,4.360000,1.418809,1.287000,loss
compare_single_p_907_with_base_x3,compare_single_p_907_resume,base,base_x3,FMCAD08/Int/memory1/FIREFLY_5_e2_2884_e1_2678.lus,Safe,Safe,0.060000,0.063000,1.050000,0.003000,loss
compare_single_p_907_with_base_x3,compare_single_p_907_resume,base,base_x3,FMCAD08/Int/memory1/DRAGON_all_e2_6104_e3_2607.lus,Safe,Safe,0.181000,0.195000,1.077348,0.014000,loss
compare_single_p_907_with_base_x3,compare_single_p_907_resume,base,base_x3,FMCAD08/Int/memory1/DRAGON_10_e2_402.lus,Safe,Safe,0.089000,0.088000,0.988764,-0.001000,win
compare_single_p_907_with_base_x3,compare_single_p_907_resume,base,base_x3,FMCAD08/Int/memory1/FIREFLY_all_e2_2924_e7_3371.lus,Unsafe,Unsafe,0.021000,0.020000,0.952381,-0.001000,win
compare_single_p_907_with_base_x3,compare_single_p_907_resume,base,base_x3,FMCAD08/Int/memory1/FIREFLY_luke_1b_e3_671_e3_941.lus,Unsafe,Unsafe,0.044000,0.045000,1.022727,0.001000,loss
compare_single_p_907_with_base_x3,compare_single_p_907_resume,base,base_x3,FMCAD08/Int/memory1/FIREFLY_11_e1_3457.lus,Timeout,Timeout,,,,,unsolved_both
compare_single_p_907_with_base_x3,compare_single_p_907_resume,base,base_x3,FMCAD08/Int/memory1/DRAGON_2_e7_25_e2_5340.lus,Unsafe,Unsafe,0.024000,0.024000,1.000000,0.000000,tie
compare_single_p_907_with_base_x3,compare_single_p_907_resume,base,base_x3,FMCAD08/Int/memory1/FIREFLY_8_e2_1711_e7_1962.lus,Unsafe,Unsafe,0.019000,0.018000,0.947368,-0.001000,win
compare_single_p_907_with_base_x3,compare_single_p_907_resume,base,base_x3,FMCAD08/Int/memory1/DRAGON_2_e7_25_e7_4469.lus,Unsafe,Unsafe,0.024000,0.024000,1.000000,0.000000,tie
compare_single_p_907_with_base_x3,compare_single_p_907_resume,base,base_x3,FMCAD08/Int/memory1/DRAGON_7.lus,Safe,Safe,0.120000,0.125000,1.041667,0.005000,loss
compare_single_p_907_with_base_x3,compare_single_p_907_resume,base,base_x3,FMCAD08/Int/memory1/DRAGON_all2_e3_4612_e1_6463.lus,Timeout,Timeout,,,,,unsolved_both
compare_single_p_907_with_base_x3,compare_single_p_907_resume,base,base_x3,FMCAD08/Int/memory1/DRAGON_3_e1_4783.lus,Safe,Safe,0.070000,0.069000,0.985714,-0.001000,win
compare_single_p_907_with_base_x3,compare_single_p_907_resume,base,base_x3,FMCAD08/Int/memory1/FIREFLY_rt.lus,Safe,Safe,0.517000,0.558000,1.079304,0.041000,loss
compare_single_p_907_with_base_x3,compare_single_p_907_resume,base,base_x3,FMCAD08/Int/memory1/DRAGON_3_e1_4783_e3_511.lus,Safe,Safe,0.069000,0.071000,1.028986,0.002000,loss
compare_single_p_907_with_base_x3,compare_single_p_907_resume,base,base_x3,FMCAD08/Int/memory1/DRAGON_10_e7_3861_e7_2180.lus,Unsafe,Unsafe,0.024000,0.023000,0.958333,-0.001000,win
compare_single_p_907_with_base_x3,compare_single_p_907_resume,base,base_x3,FMCAD08/Int/memory1/DRAGON_13_e7_2336_e1_541.lus,Unsafe,Unsafe,0.024000,0.025000,1.041667,0.001000,loss
compare_single_p_907_with_base_x3,compare_single_p_907_resume,base,base_x3,FMCAD08/Int/memory1/DRAGON_5_e7_2017_e1_5832.lus,Unsafe,Unsafe,0.092000,0.100000,1.086957,0.008000,loss
compare_single_p_907_with_base_x3,compare_single_p_907_resume,base,base_x3,FMCAD08/Int/memory1/DRAGON_all_e2_6104_e1_6205.lus,Safe,Safe,0.154000,0.161000,1.045455,0.007000,loss
compare_single_p_907_with_base_x3,compare_single_p_907_resume,base,base_x3,FMCAD08/Int/memory1/DRAGON_all_e2_6104.lus,Safe,Safe,0.181000,0.189000,1.044199,0.008000,loss
compare_single_p_907_with_base_x3,compare_single_p_907_resume,base,base_x3,FMCAD08/Int/memory1/FIREFLY_luke_2_e2_1375_e1_418.lus,Safe,Safe,0.732000,0.557000,0.760929,-0.175000,win
compare_single_p_907_with_base_x3,compare_single_p_907_resume,base,base_x3,FMCAD08/Int/memory1/DRAGON_9_e7_1843_e7_2225.lus,Safe,Safe,0.063000,0.067000,1.063492,0.004000,loss
compare_single_p_907_with_base_x3,compare_single_p_907_resume,base,base_x3,FMCAD08/Int/memory1/DRAGON_4_e2_2799_e3_1915.lus,Safe,Safe,4.584000,7.151000,1.559991,2.567000,loss
compare_single_p_907_with_base_x3,compare_single_p_907_resume,base,base_x3,FMCAD08/Int/memory1/DRAGON_2_e1_2316.lus,Safe,Safe,0.062000,0.064000,1.032258,0.002000,loss
compare_single_p_907_with_base_x3,compare_single_p_907_resume,base,base_x3,FMCAD08/Int/memory1/DRAGON_3_e2_5343_e1_988.lus,Safe,Safe,0.073000,0.076000,1.041096,0.003000,loss
compare_single_p_907_with_base_x3,compare_single_p_907_resume,base,base_x3,FMCAD08/Int/memory1/FIREFLY_luke_3.lus,Safe,Safe,1.912000,2.195000,1.148013,0.283000,loss
compare_single_p_907_with_base_x3,compare_single_p_907_resume,base,base_x3,FMCAD08/Int/memory1/DRAGON_all_e7_1941_e2_6086.lus,Unsafe,Unsafe,0.024000,0.024000,1.000000,0.000000,tie
compare_single_p_907_with_base_x3,compare_single_p_907_resume,base,base_x3,FMCAD08/Int/memory1/DRAGON_14_e7_3162.lus,Unsafe,Unsafe,0.581000,0.628000,1.080895,0.047000,loss
compare_single_p_907_with_base_x3,compare_single_p_907_resume,base,base_x3,FMCAD08/Int/memory1/FIREFLY_10.lus,Safe,Safe,0.061000,0.067000,1.098361,0.006000,loss
compare_single_p_907_with_base_x3,compare_single_p_907_resume,base,base_x3,FMCAD08/Int/memory1/FIREFLY_9.lus,Safe,Safe,0.046000,0.049000,1.065217,0.003000,loss
compare_single_p_907_with_base_x3,compare_single_p_907_resume,base,base_x3,FMCAD08/Int/memory1/FIREFLY_luke_1b_e1_1139_e2_2893.lus,Safe,Safe,0.045000,0.045000,1.000000,0.000000,tie
compare_single_p_907_with_base_x3,compare_single_p_907_resume,base,base_x3,FMCAD08/Int/memory1/DRAGON_all2_e7_5406_e1_6690.lus,Unsafe,Unsafe,0.028000,0.030000,1.071429,0.002000,loss
compare_single_p_907_with_base_x3,compare_single_p_907_resume,base,base_x3,FMCAD08/Int/memory1/DRAGON_9.lus,Safe,Safe,0.060000,0.066000,1.100000,0.006000,loss
compare_single_p_907_with_base_x3,compare_single_p_907_resume,base,base_x3,FMCAD08/Int/memory1/FIREFLY_luke_rt_e1_913.lus,Unsafe,Unsafe,0.063000,0.064000,1.015873,0.001000,loss
compare_single_p_907_with_base_x3,compare_single_p_907_resume,base,base_x3,FMCAD08/Int/memory1/FIREFLY_luke_rt.lus,Safe,Safe,0.071000,0.054000,0.760563,-0.017000,win
compare_single_p_907_with_base_x3,compare_single_p_907_resume,base,base_x3,FMCAD08/Int/memory1/FIREFLY_1_e1_1092_e3_389.lus,Unsafe,Unsafe,0.055000,0.061000,1.109091,0.006000,loss
compare_single_p_907_with_base_x3,compare_single_p_907_resume,base,base_x3,FMCAD08/Int/memory1/FIREFLY_luke_1b_e3_671_e6_1974.lus,Safe,Safe,0.075000,0.046000,0.613333,-0.029000,win
compare_single_p_907_with_base_x3,compare_single_p_907_resume,base,base_x3,FMCAD08/Int/memory1/DRAGON_all_e3_4821_e1_1318.lus,Safe,Safe,0.177000,0.190000,1.073446,0.013000,loss
compare_single_p_907_with_base_x3,compare_single_p_907_resume,base,base_x3,FMCAD08/Int/memory1/FIREFLY_luke_rt_e1_913_e1_1993.lus,Unsafe,Unsafe,0.060000,0.067000,1.116667,0.007000,loss
compare_single_p_907_with_base_x3,compare_single_p_907_resume,base,base_x3,FMCAD08/Int/memory1/DRAGON_3_e1_4783_e2_158.lus,Safe,Safe,0.072000,0.076000,1.055556,0.004000,loss
compare_single_p_907_with_base_x3,compare_single_p_907_resume,base,base_x3,FMCAD08/Int/memory1/FIREFLY_11.lus,Timeout,Timeout,,,,,unsolved_both
compare_single_p_907_with_base_x3,compare_single_p_907_resume,base,base_x3,FMCAD08/Int/memory1/DRAGON_5_e7_2017.lus,Unsafe,Unsafe,0.089000,0.094000,1.056180,0.005000,loss
compare_single_p_907_with_base_x3,compare_single_p_907_resume,base,base_x3,FMCAD08/Int/memory1/DRAGON_3_e1_4783_e7_4070.lus,Unsafe,Unsafe,0.024000,0.024000,1.000000,0.000000,tie
compare_single_p_907_with_base_x3,compare_single_p_907_resume,base,base_x3,FMCAD08/Int/memory1/DRAGON_1_e1_14612_e2_2653_e7_4370.lus,Safe,Safe,0.095000,0.104000,1.094737,0.009000,loss
compare_single_p_907_with_base_x3,compare_single_p_907_resume,base,base_x3,FMCAD08/Int/memory1/DRAGON_14_e1_5710.lus,Timeout,Timeout,,,,,unsolved_both
compare_single_p_907_with_base_x3,compare_single_p_907_resume,base,base_x3,FMCAD08/Int/memory1/DRAGON_all_e3_4821_e2_1089.lus,Safe,Safe,0.177000,0.159000,0.898305,-0.018000,win
compare_single_p_907_with_base_x3,compare_single_p_907_resume,base,base_x3,FMCAD08/Int/memory1/FIREFLY_a3_e1_3233_e1_3123.lus,Unsafe,Unsafe,0.063000,0.065000,1.031746,0.002000,loss
compare_single_p_907_with_base_x3,compare_single_p_907_resume,base,base_x3,FMCAD08/Int/memory1/DRAGON_4_e7_2329_e7_3856.lus,Unsafe,Unsafe,0.201000,0.215000,1.069652,0.014000,loss
compare_single_p_907_with_base_x3,compare_single_p_907_resume,base,base_x3,FMCAD08/Int/memory1/FIREFLY_all_e1_1207_e1_1201.lus,Unsafe,Unsafe,0.163000,0.171000,1.049080,0.008000,loss
compare_single_p_907_with_base_x3,compare_single_p_907_resume,base,base_x3,FMCAD08/Int/memory1/DRAGON_4_e2_2799.lus,Safe,Safe,3.401000,4.065000,1.195237,0.664000,loss
compare_single_p_907_with_base_x3,compare_single_p_907_resume,base,base_x3,FMCAD08/Int/memory1/FIREFLY_8.lus,Safe,Safe,0.046000,0.047000,1.021739,0.001000,loss
compare_single_p_907_with_base_x3,compare_single_p_907_resume,base,base_x3,FMCAD08/Int/memory1/FIREFLY_all_e3_1600_e1_667.lus,Unsafe,Unsafe,0.064000,0.069000,1.078125,0.005000,loss
compare_single_p_907_with_base_x3,compare_single_p_907_resume,base,base_x3,FMCAD08/Int/memory1/DRAGON_10_e2_2785_e3_1744.lus,Safe,Safe,0.063000,0.066000,1.047619,0.003000,loss
compare_single_p_907_with_base_x3,compare_single_p_907_resume,base,base_x3,FMCAD08/Int/memory1/DRAGON_5_e7_2017_e7_2326.lus,Unsafe,Unsafe,0.154000,0.174000,1.129870,0.020000,loss
compare_single_p_907_with_base_x3,compare_single_p_907_resume,base,base_x3,FMCAD08/Int/memory1/FIREFLY_luke_2_e7_1826_e8_126.lus,Safe,Safe,0.447000,0.477000,1.067114,0.030000,loss
compare_single_p_907_with_base_x3,compare_single_p_907_resume,base,base_x3,FMCAD08/Int/memory1/FIREFLY_a3.lus,Safe,Safe,0.107000,0.114000,1.065421,0.007000,loss
compare_single_p_907_with_base_x3,compare_single_p_907_resume,base,base_x3,FMCAD08/Int/memory1/DRAGON_12_e2_1618_e1_6030.lus,Safe,Safe,3.128000,3.571000,1.141624,0.443000,loss
compare_single_p_907_with_base_x3,compare_single_p_907_resume,base,base_x3,FMCAD08/Int/memory1/DRAGON_12_e2_1618.lus,Safe,Safe,1.955000,2.367000,1.210742,0.412000,loss
compare_single_p_907_with_base_x3,compare_single_p_907_resume,base,base_x3,FMCAD08/Int/memory1/DRAGON_7_e2_2872_e3_2640.lus,Safe,Safe,0.119000,0.123000,1.033613,0.004000,loss
compare_single_p_907_with_base_x3,compare_single_p_907_resume,base,base_x3,FMCAD08/Int/memory1/DRAGON_9_e7_1843_e2_1145.lus,Safe,Safe,0.094000,0.095000,1.010638,0.001000,loss
compare_single_p_907_with_base_x3,compare_single_p_907_resume,base,base_x3,FMCAD08/Int/memory1/DRAGON_8_e7_3752.lus,Safe,Safe,1.096000,1.129000,1.030109,0.033000,loss
compare_single_p_907_with_base_x3,compare_single_p_907_resume,base,base_x3,FMCAD08/Int/memory1/DRAGON_12_e2_1618_e3_2012.lus,Safe,Safe,1.305000,1.547000,1.185441,0.242000,loss
compare_single_p_907_with_base_x3,compare_single_p_907_resume,base,base_x3,FMCAD08/Int/memory1/DRAGON_14_e7_3162_e7_3528.lus,Unsafe,Unsafe,0.729000,0.833000,1.142661,0.104000,loss
compare_single_p_907_with_base_x3,compare_single_p_907_resume,base,base_x3,FMCAD08/Int/memory1/DRAGON_11_e2_5396_e3_282.lus,Timeout,Timeout,,,,,unsolved_both
compare_single_p_907_with_base_x3,compare_single_p_907_resume,base,base_x3,FMCAD08/Int/memory1/DRAGON_1.lus,Safe,Safe,0.088000,0.092000,1.045455,0.004000,loss
compare_single_p_907_with_base_x3,compare_single_p_907_resume,base,base_x3,FMCAD08/Int/memory1/DRAGON_8_e3_786_e7_4541.lus,Safe,Safe,2.942000,1.014000,0.344663,-1.928000,win
compare_single_p_907_with_base_x3,compare_single_p_907_resume,base,base_x3,FMCAD08/Int/memory1/DRAGON_5_e7_2017_e2_664.lus,Unsafe,Unsafe,0.091000,0.097000,1.065934,0.006000,loss
compare_single_p_907_with_base_x3,compare_single_p_907_resume,base,base_x3,FMCAD08/Int/memory1/FIREFLY_10_e7_919_e2_3192.lus,Safe,Safe,0.046000,0.046000,1.000000,0.000000,tie
compare_single_p_907_with_base_x3,compare_single_p_907_resume,base,base_x3,FMCAD08/Int/memory1/FIREFLY_luke_1b_e3_671_e1_725.lus,Unsafe,Unsafe,0.044000,0.043000,0.977273,-0.001000,win
compare_single_p_907_with_base_x3,compare_single_p_907_resume,base,base_x3,FMCAD08/Int/memory1/FIREFLY_8_e2_1711.lus,Safe,Safe,0.045000,0.049000,1.088889,0.004000,loss
compare_single_p_907_with_base_x3,compare_single_p_907_resume,base,base_x3,FMCAD08/Int/memory1/DRAGON_2_e2_4481.lus,Safe,Safe,0.062000,0.061000,0.983871,-0.001000,win
compare_single_p_907_with_base_x3,compare_single_p_907_resume,base,base_x3,FMCAD08/Int/memory1/DRAGON_11_e3_382_e1_505.lus,Timeout,Timeout,,,,,unsolved_both
compare_single_p_907_with_base_x3,compare_single_p_907_resume,base,base_x3,FMCAD08/Int/memory1/FIREFLY_1_e1_1092_e1_1486.lus,Unsafe,Unsafe,0.053000,0.054000,1.018868,0.001000,loss
compare_single_p_907_with_base_x3,compare_single_p_907_resume,base,base_x3,FMCAD08/Int/memory1/DRAGON_all_e1_4037.lus,Safe,Safe,0.158000,0.169000,1.069620,0.011000,loss
compare_single_p_907_with_base_x3,compare_single_p_907_resume,base,base_x3,FMCAD08/Int/memory1/FIREFLY_luke_rt_e1_913_e7_1403.lus,Unsafe,Unsafe,0.019000,0.019000,1.000000,0.000000,tie
compare_single_p_907_with_base_x3,compare_single_p_907_resume,base,base_x3,FMCAD08/Int/memory1/DRAGON_3_e3_5422_e1_2288.lus,Safe,Safe,0.072000,0.073000,1.013889,0.001000,loss
compare_single_p_907_with_base_x3,compare_single_p_907_resume,base,base_x3,FMCAD08/Int/memory1/DRAGON_11_e2_1678_e1_3565.lus,Timeout,Timeout,,,,,unsolved_both
compare_single_p_907_with_base_x3,compare_single_p_907_resume,base,base_x3,FMCAD08/Int/memory1/FIREFLY_luke_1b_e2_3049_e3_2697.lus,Unsafe,Unsafe,0.042000,0.045000,1.071429,0.003000,loss
compare_single_p_907_with_base_x3,compare_single_p_907_resume,base,base_x3,FMCAD08/Int/memory1/FIREFLY_luke_1b_e3_671_e2_2131.lus,Unsafe,Unsafe,0.055000,0.061000,1.109091,0.006000,loss
compare_single_p_907_with_base_x3,compare_single_p_907_resume,base,base_x3,FMCAD08/Int/memory1/FIREFLY_a3_e1_3233_e7_906.lus,Unsafe,Unsafe,0.020000,0.020000,1.000000,0.000000,tie
compare_single_p_907_with_base_x3,compare_single_p_907_resume,base,base_x3,FMCAD08/Int/memory1/FIREFLY_luke_rt_e2_3460_e2_2670.lus,Unsafe,Unsafe,0.061000,0.067000,1.098361,0.006000,loss
compare_single_p_907_with_base_x3,compare_single_p_907_resume,base,base_x3,FMCAD08/Int/memory1/DRAGON_all_e1_4022_e2_267.lus,Safe,Safe,0.181000,0.193000,1.066298,0.012000,loss
compare_single_p_907_with_base_x3,compare_single_p_907_resume,base,base_x3,FMCAD08/Int/memory1/FIREFLY_a3_e2_2086_e7_2614.lus,Unsafe,Unsafe,0.021000,0.019000,0.904762,-0.002000,win
compare_single_p_907_with_base_x3,compare_single_p_907_resume,base,base_x3,FMCAD08/Int/memory1/DRAGON_all2_e3_4612_e2_5774.lus,Timeout,Timeout,,,,,unsolved_both
compare_single_p_907_with_base_x3,compare_single_p_907_resume,base,base_x3,FMCAD08/Int/memory1/FIREFLY_3_e2_2236_e7_3681.lus,Safe,Safe,0.065000,0.070000,1.076923,0.005000,loss
compare_single_p_907_with_base_x3,compare_single_p_907_resume,base,base_x3,FMCAD08/Int/memory1/DRAGON_2_e7_25_e3_829.lus,Unsafe,Unsafe,0.037000,0.024000,0.648649,-0.013000,win
compare_single_p_907_with_base_x3,compare_single_p_907_resume,base,base_x3,FMCAD08/Int/memory1/FIREFLY_4.lus,Safe,Safe,0.050000,0.054000,1.080000,0.004000,loss
compare_single_p_907_with_base_x3,compare_single_p_907_resume,base,base_x3,FMCAD08/Int/memory1/FIREFLY_1_e1_1092_e2_1853.lus,Safe,Safe,0.044000,0.049000,1.113636,0.005000,loss
compare_single_p_907_with_base_x3,compare_single_p_907_resume,base,base_x3,FMCAD08/Int/memory1/FIREFLY_4_e3_3511_e1_2375.lus,Unsafe,Unsafe,0.761000,0.761000,1.000000,0.000000,tie
compare_single_p_907_with_base_x3,compare_single_p_907_resume,base,base_x3,FMCAD08/Int/memory1/DRAGON_2_e7_25_e1_154.lus,Unsafe,Unsafe,0.025000,0.024000,0.960000,-0.001000,win
compare_single_p_907_with_base_x3,compare_single_p_907_resume,base,base_x3,FMCAD08/Int/memory1/DRAGON_1_e1_14612_e1_268_e7_501.lus,Safe,Safe,0.098000,0.101000,1.030612,0.003000,loss
compare_single_p_907_with_base_x3,compare_single_p_907_resume,base,base_x3,FMCAD08/Int/memory1/DRAGON_all.lus,Safe,Safe,0.232000,0.192000,0.827586,-0.040000,win
compare_single_p_907_with_base_x3,compare_single_p_907_resume,base,base_x3,FMCAD08/Int/memory1/FIREFLY_luke_1b_e3_671.lus,Unsafe,Unsafe,0.043000,0.045000,1.046512,0.002000,loss
compare_single_p_907_with_base_x3,compare_single_p_907_resume,base,base_x3,FMCAD08/Int/memory1/FIREFLY_all_e3_1600_e5_84.lus,Unsafe,Unsafe,0.059000,0.061000,1.033898,0.002000,loss
compare_single_p_907_with_base_x3,compare_single_p_907_resume,base,base_x3,FMCAD08/Int/memory1/FIREFLY_luke_rt_e1_913_e2_3353.lus,Safe,Safe,0.053000,0.055000,1.037736,0.002000,loss
compare_single_p_907_with_base_x3,compare_single_p_907_resume,base,base_x3,FMCAD08/Int/memory1/FIREFLY_a3_e2_2952.lus,Safe,Safe,0.108000,0.120000,1.111111,0.012000,loss
compare_single_p_907_with_base_x3,compare_single_p_907_resume,base,base_x3,FMCAD08/Int/memory1/DRAGON_1_e1_3184_e7_1888.lus,Safe,Safe,0.062000,0.062000,1.000000,0.000000,tie
compare_single_p_907_with_base_x3,compare_single_p_907_resume,base,base_x3,FMCAD08/Int/memory1/FIREFLY_luke_1a_e2_284_e3_3091.lus,Timeout,Timeout,,,,,unsolved_both
compare_single_p_907_with_base_x3,compare_single_p_907_resume,base,base_x3,FMCAD08/Int/memory1/FIREFLY_7.lus,Safe,Safe,35.227000,25.685000,0.729128,-9.542000,win
compare_single_p_907_with_base_x3,compare_single_p_907_resume,base,base_x3,FMCAD08/Int/memory1/FIREFLY_all_e3_3496.lus,Unsafe,Unsafe,0.163000,0.178000,1.092025,0.015000,loss
compare_single_p_907_with_base_x3,compare_single_p_907_resume,base,base_x3,FMCAD08/Int/memory1/DRAGON_14_e3_1259_e1_5798.lus,Timeout,Timeout,,,,,unsolved_both
compare_single_p_907_with_base_x3,compare_single_p_907_resume,base,base_x3,FMCAD08/Int/memory1/FIREFLY_luke_1b_e7_2574.lus,Unsafe,Unsafe,0.019000,0.019000,1.000000,0.000000,tie
compare_single_p_907_with_base_x3,compare_single_p_907_resume,base,base_x3,FMCAD08/Int/memory1/FIREFLY_5_e2_2884_e3_1882.lus,Safe,Safe,0.046000,0.051000,1.108696,0.005000,loss
compare_single_p_907_with_base_x3,compare_single_p_907_resume,base,base_x3,FMCAD08/Int/memory1/DRAGON_3.lus,Safe,Safe,0.108000,0.073000,0.675926,-0.035000,win
compare_single_p_907_with_base_x3,compare_single_p_907_resume,base,base_x3,FMCAD08/Int/memory1/FIREFLY_11_e3_2076_e1_1270.lus,Timeout,Timeout,,,,,unsolved_both
compare_single_p_907_with_base_x3,compare_single_p_907_resume,base,base_x3,FMCAD08/Int/memory1/DRAGON_4_e2_2799_e1_1303.lus,Safe,Safe,3.283000,3.778000,1.150777,0.495000,loss
compare_single_p_907_with_base_x3,compare_single_p_907_resume,base,base_x3,FMCAD08/Int/memory1/DRAGON_1_e3_11891_e7_4569_e4_4881.lus,Safe,Safe,0.065000,0.066000,1.015385,0.001000,loss
compare_single_p_907_with_base_x3,compare_single_p_907_resume,base,base_x3,FMCAD08/Int/memory1/DRAGON_14.lus,Timeout,Timeout,,,,,unsolved_both
compare_single_p_907_with_base_x3,compare_single_p_907_resume,base,base_x3,FMCAD08/Int/memory1/FIREFLY_3_e2_2236_e2_1058.lus,Safe,Safe,0.063000,0.070000,1.111111,0.007000,loss
compare_single_p_907_with_base_x3,compare_single_p_907_resume,base,base_x3,FMCAD08/Int/memory1/FIREFLY_5_e2_2884_e7_3594.lus,Safe,Safe,0.046000,0.052000,1.130435,0.006000,loss
compare_single_p_907_with_base_x3,compare_single_p_907_resume,base,base_x3,FMCAD08/Int/memory1/DRAGON_2_e2_3183_e2_3580.lus,Safe,Safe,0.062000,0.064000,1.032258,0.002000,loss
compare_single_p_907_with_base_x3,compare_single_p_907_resume,base,base_x3,FMCAD08/Int/memory1/DRAGON_13_e7_2336_e7_685.lus,Unsafe,Unsafe,0.024000,0.024000,1.000000,0.000000,tie
compare_single_p_907_with_base_x3,compare_single_p_907_resume,base,base_x3,FMCAD08/Int/memory1/DRAGON_2_e7_25.lus,Unsafe,Unsafe,0.024000,0.025000,1.041667,0.001000,loss
compare_single_p_907_with_base_x3,compare_single_p_907_resume,base,base_x3,FMCAD08/Int/memory1/DRAGON_11_e1_2450_e7_5791.lus,Unsafe,Unsafe,0.025000,0.026000,1.040000,0.001000,loss
compare_single_p_907_with_base_x3,compare_single_p_907_resume,base,base_x3,FMCAD08/Int/memory1/FIREFLY_4_e3_3511_e2_1923.lus,Safe,Safe,0.123000,0.132000,1.073171,0.009000,loss
compare_single_p_907_with_base_x3,compare_single_p_907_resume,base,base_x3,FMCAD08/Int/memory1/FIREFLY_2_e3_151_e3_1540.lus,Unsafe,Unsafe,0.061000,0.063000,1.032787,0.002000,loss
compare_single_p_907_with_base_x3,compare_single_p_907_resume,base,base_x3,FMCAD08/Int/memory1/FIREFLY_luke_5.lus,Timeout,Timeout,,,,,unsolved_both
compare_single_p_907_with_base_x3,compare_single_p_907_resume,base,base_x3,FMCAD08/Int/memory1/DRAGON_all2_e3_4612_e4_3719.lus,Timeout,Timeout,,,,,unsolved_both
compare_single_p_907_with_base_x3,compare_single_p_907_resume,base,base_x3,FMCAD08/Int/memory1/DRAGON_all2_e8_4626.lus,Unsafe,Unsafe,0.027000,0.028000,1.037037,0.001000,loss
compare_single_p_907_with_base_x3,compare_single_p_907_resume,base,base_x3,FMCAD08/Int/memory1/FIREFLY_luke_1b_e7_3191_e1_1303.lus,Unsafe,Unsafe,0.022000,0.019000,0.863636,-0.003000,win
compare_single_p_907_with_base_x3,compare_single_p_907_resume,base,base_x3,FMCAD08/Int/memory1/FIREFLY_luke_1b.lus,Safe,Safe,0.046000,0.047000,1.021739,0.001000,loss
compare_single_p_907_with_base_x3,compare_single_p_907_resume,base,base_x3,FMCAD08/Int/memory1/DRAGON_2.lus,Safe,Safe,0.061000,0.064000,1.049180,0.003000,loss
compare_single_p_907_with_base_x3,compare_single_p_907_resume,base,base_x3,FMCAD08/Int/memory1/DRAGON_all2_e7_5406.lus,Unsafe,Unsafe,0.029000,0.028000,0.965517,-0.001000,win
compare_single_p_907_with_base_x3,compare_single_p_907_resume,base,base_x3,FMCAD08/Int/memory1/FIREFLY_a3_e3_314_e4_897.lus,Unsafe,Unsafe,1.037000,1.155000,1.113790,0.118000,loss
compare_single_p_907_with_base_x3,compare_single_p_907_resume,base,base_x3,FMCAD08/Int/memory1/FIREFLY_all_e2_3678.lus,Unsafe,Unsafe,0.060000,0.078000,1.300000,0.018000,loss
compare_single_p_907_with_base_x3,compare_single_p_907_resume,base,base_x3,FMCAD08/Int/memory1/DRAGON_4_e2_2799_e2_2251.lus,Safe,Safe,4.970000,3.001000,0.603823,-1.969000,win
compare_single_p_907_with_base_x3,compare_single_p_907_resume,base,base_x3,FMCAD08/Int/memory1/FIREFLY_6.lus,Safe,Safe,0.440000,0.467000,1.061364,0.027000,loss
compare_single_p_907_with_base_x3,compare_single_p_907_resume,base,base_x3,FMCAD08/Int/memory1/FIREFLY_all.lus,Safe,Safe,0.225000,0.241000,1.071111,0.016000,loss
compare_single_p_907_with_base_x3,compare_single_p_907_resume,base,base_x3,FMCAD08/Int/memory1/DRAGON_9_e7_1843.lus,Safe,Safe,0.097000,0.107000,1.103093,0.010000,loss
compare_single_p_907_with_base_x3,compare_single_p_907_resume,base,base_x3,FMCAD08/Int/memory1/DRAGON_8.lus,Safe,Safe,289.526000,5.199000,0.017957,-284.327000,win
compare_single_p_907_with_base_x3,compare_single_p_907_resume,base,base_x3,FMCAD08/Int/memory1/DRAGON_10_e7_3861_e2_1020.lus,Unsafe,Unsafe,0.024000,0.023000,0.958333,-0.001000,win
compare_single_p_907_with_base_x3,compare_single_p_907_resume,base,base_x3,FMCAD08/Int/memory1/FIREFLY_6_e2_3302.lus,Safe,Safe,0.520000,0.558000,1.073077,0.038000,loss
compare_single_p_907_with_base_x3,compare_single_p_907_resume,base,base_x3,FMCAD08/Int/memory1/DRAGON_3_e1_4783_e1_3755.lus,Safe,Safe,0.071000,0.072000,1.014085,0.001000,loss
compare_single_p_907_with_base_x3,compare_single_p_907_resume,base,base_x3,FMCAD08/Int/memory1/FIREFLY_all_e2_2924_e2_1767.lus,Unsafe,Unsafe,0.123000,0.129000,1.048780,0.006000,loss
compare_single_p_907_with_base_x3,compare_single_p_907_resume,base,base_x3,FMCAD08/Int/memory1/DRAGON_all_e7_4065.lus,Unsafe,Unsafe,0.024000,0.024000,1.000000,0.000000,tie
compare_single_p_907_with_base_x3,compare_single_p_907_resume,base,base_x3,FMCAD08/Int/memory1/FIREFLY_luke_1a_e2_284_e7_998.lus,Unsafe,Unsafe,0.130000,0.141000,1.084615,0.011000,loss
compare_single_p_907_with_base_x3,compare_single_p_907_resume,base,base_x3,FMCAD08/Int/memory1/DRAGON_10_e3_3429.lus,Safe,Safe,0.060000,0.061000,1.016667,0.001000,loss
compare_single_p_907_with_base_x3,compare_single_p_907_resume,base,base_x3,FMCAD08/Int/memory1/FIREFLY_luke_1b_e7_3191_e2_1864.lus,Unsafe,Unsafe,0.020000,0.019000,0.950000,-0.001000,win
compare_single_p_907_with_base_x3,compare_single_p_907_resume,base,base_x3,FMCAD08/Int/memory1/DRAGON_13_e3_1418_e3_2761.lus,Timeout,Timeout,0.205000,0.237000,,,unsolved_both
compare_single_p_907_with_base_x3,compare_single_p_907_resume,base,base_x3,FMCAD08/Int/memory1/DRAGON_10_e1_3587_e3_2749.lus,Safe,Safe,0.086000,0.096000,1.116279,0.010000,loss
compare_single_p_907_with_base_x3,compare_single_p_907_resume,base,base_x3,FMCAD08/Int/memory1/FIREFLY_a3_e1_3233_e2_2392.lus,Safe,Safe,0.111000,0.118000,1.063063,0.007000,loss
compare_single_p_907_with_base_x3,compare_single_p_907_resume,base,base_x3,FMCAD08/Int/memory1/DRAGON_10_e3_144_e7_523.lus,Unsafe,Unsafe,0.022000,0.023000,1.045455,0.001000,loss
compare_single_p_907_with_base_x3,compare_single_p_907_resume,base,base_x3,FMCAD08/Int/memory1/DRAGON_14_e3_5120.lus,Timeout,Timeout,,,,,unsolved_both
compare_single_p_907_with_base_x3,compare_single_p_907_resume,base,base_x3,FMCAD08/Int/memory1/DRAGON_6.lus,Safe,Safe,0.060000,0.067000,1.116667,0.007000,loss
compare_single_p_907_with_base_x3,compare_single_p_907_resume,base,base_x3,FMCAD08/Int/memory1/FIREFLY_luke_1b_e7_3191_e7_2146.lus,Unsafe,Unsafe,0.051000,0.019000,0.372549,-0.032000,win
compare_single_p_907_with_base_x3,compare_single_p_907_resume,base,base_x3,FMCAD08/Int/memory1/FIREFLY_luke_3_e1_2217_e3_1200.lus,Safe,Safe,2.115000,2.341000,1.106856,0.226000,loss
compare_single_p_907_with_base_x3,compare_single_p_907_resume,base,base_x3,FMCAD08/Int/memory1/FIREFLY_luke_rt_e2_3460_e7_471.lus,Unsafe,Unsafe,0.020000,0.020000,1.000000,0.000000,tie
compare_single_p_907_with_base_x3,compare_single_p_907_resume,base,base_x3,FMCAD08/Int/memory1/DRAGON_11_e1_2450_e3_2330.lus,Timeout,Timeout,,,,,unsolved_both
compare_single_p_907_with_base_x3,compare_single_p_907_resume,base,base_x3,FMCAD08/Int/memory1/DRAGON_5.lus,Safe,Safe,0.457000,0.576000,1.260394,0.119000,loss
compare_single_p_907_with_base_x3,compare_single_p_907_resume,base,base_x3,FMCAD08/Int/memory1/FIREFLY_8_e2_1711_e2_2673.lus,Safe,Safe,0.045000,0.047000,1.044444,0.002000,loss
compare_single_p_907_with_base_x3,compare_single_p_907_resume,base,base_x3,FMCAD08/Int/memory1/DRAGON_all2.lus,Timeout,Timeout,,,,,unsolved_both
compare_single_p_907_with_base_x3,compare_single_p_907_resume,base,base_x3,FMCAD08/Int/memory1/DRAGON_11_e3_382_e4_4421.lus,Timeout,Timeout,,,,,unsolved_both
compare_single_p_907_with_base_x3,compare_single_p_907_resume,base,base_x3,FMCAD08/Int/memory1/FIREFLY_all_e1_3406.lus,Unsafe,Unsafe,0.099000,0.109000,1.101010,0.010000,loss
compare_single_p_907_with_base_x3,compare_single_p_907_resume,base,base_x3,FMCAD08/Int/memory1/DRAGON_6_e7_5046_e7_3623.lus,Safe,Safe,0.063000,0.065000,1.031746,0.002000,loss
compare_single_p_907_with_base_x3,compare_single_p_907_resume,base,base_x3,FMCAD08/Int/memory1/FIREFLY_luke_1b_e1_1139_e1_1565.lus,Unsafe,Unsafe,0.043000,0.043000,1.000000,0.000000,tie
compare_single_p_907_with_base_x3,compare_single_p_907_resume,base,base_x3,FMCAD08/Int/memory1/FIREFLY_luke_1a_e2_284_e2_2755.lus,Timeout,Timeout,,,,,unsolved_both
compare_single_p_907_with_base_x3,compare_single_p_907_resume,base,base_x3,FMCAD08/Int/memory1/FIREFLY_a3_e2_2086_e1_3235.lus,Safe,Safe,0.107000,0.109000,1.018692,0.002000,loss
compare_single_p_907_with_base_x3,compare_single_p_907_resume,base,base_x3,FMCAD08/Int/memory1/FIREFLY_luke_rt_e2_3460_e3_1333.lus,Unsafe,Unsafe,0.043000,0.046000,1.069767,0.003000,loss
compare_single_p_907_with_base_x3,compare_single_p_907_resume,base,base_x3,FMCAD08/Int/memory1/DRAGON_all_e3_5957.lus,Safe,Safe,0.178000,0.180000,1.011236,0.002000,loss
compare_single_p_907_with_base_x3,compare_single_p_907_resume,base,base_x3,FMCAD08/Int/memory1/DRAGON_2_e2_3183_e1_2644.lus,Safe,Safe,0.064000,0.066000,1.031250,0.002000,loss
compare_single_p_907_with_base_x3,compare_single_p_907_resume,base,base_x3,FMCAD08/Int/memory1/DRAGON_12.lus,Safe,Safe,2.291000,2.569000,1.121344,0.278000,loss
compare_single_p_907_with_base_x3,compare_single_p_907_resume,base,base_x3,FMCAD08/Int/memory1/DRAGON_all2_e7_5406_e2_3084.lus,Unsafe,Unsafe,0.029000,0.030000,1.034483,0.001000,loss
compare_single_p_907_with_base_x3,compare_single_p_907_resume,base,base_x3,FMCAD08/Int/memory1/DRAGON_9_e7_1843_e1_5434.lus,Safe,Safe,0.094000,0.098000,1.042553,0.004000,loss
compare_single_p_907_with_base_x3,compare_single_p_907_resume,base,base_x3,FMCAD08/Int/memory1/FIREFLY_3_e2_2236.lus,Safe,Safe,0.045000,0.046000,1.022222,0.001000,loss
compare_single_p_907_with_base_x3,compare_single_p_907_resume,base,base_x3,FMCAD08/Int/memory1/DRAGON_14_e7_3162_e2_753.lus,Unsafe,Unsafe,1.103000,0.939000,0.851315,-0.164000,win
compare_single_p_907_with_base_x3,compare_single_p_907_resume,base,base_x3,FMCAD08/Int/memory1/DRAGON_4_e3_4133.lus,Safe,Safe,3.857000,3.061000,0.793622,-0.796000,win
compare_single_p_907_with_base_x3,compare_single_p_907_resume,base,base_x3,FMCAD08/Int/memory1/DRAGON_11_e1_2450_e1_5887.lus,Timeout,Timeout,,,,,unsolved_both
compare_single_p_907_with_base_x3,compare_single_p_907_resume,base,base_x3,FMCAD08/Int/memory1/DRAGON_14_e2_3606.lus,Timeout,Timeout,,,,,unsolved_both
compare_single_p_907_with_base_x3,compare_single_p_907_resume,base,base_x3,FMCAD08/Int/memory1/FIREFLY_a3_e1_3233_e3_2970.lus,Safe,Safe,0.116000,0.116000,1.000000,0.000000,tie
compare_single_p_907_with_base_x3,compare_single_p_907_resume,base,base_x3,FMCAD08/Int/memory1/FIREFLY_a3_e3_314_e2_2812.lus,Safe,Safe,0.189000,0.204000,1.079365,0.015000,loss
compare_single_p_907_with_base_x3,compare_single_p_907_resume,base,base_x3,FMCAD08/Int/memory1/DRAGON_all_e3_4821_e5_1536.lus,Safe,Safe,0.157000,0.161000,1.025478,0.004000,loss
compare_single_p_907_with_base_x3,compare_single_p_907_resume,base,base_x3,FMCAD08/Int/memory1/FIREFLY_luke_4.lus,Timeout,Timeout,,,,,unsolved_both
compare_single_p_907_with_base_x3,compare_single_p_907_resume,base,base_x3,FMCAD08/Int/memory1/DRAGON_11.lus,Timeout,Timeout,,,,,unsolved_both
compare_single_p_907_with_base_x3,compare_single_p_907_resume,base,base_x3,FMCAD08/Int/memory1/FIREFLY_all_e1_1207_e2_3220.lus,Safe,Safe,0.264000,0.246000,0.931818,-0.018000,win
compare_single_p_907_with_base_x3,compare_single_p_907_resume,base,base_x3,FMCAD08/Int/memory1/FIREFLY_luke_4_e2_325.lus,Timeout,Timeout,,,,,unsolved_both
compare_single_p_907_with_base_x3,compare_single_p_907_resume,base,base_x3,FMCAD08/Int/memory1/DRAGON_8_e2_3896_e3_3125.lus,Safe,Safe,6.215000,1.595000,0.256637,-4.620000,win
compare_single_p_907_with_base_x3,compare_single_p_907_resume,base,base_x3,FMCAD08/Int/memory1/DRAGON_3_e7_4884.lus,Unsafe,Unsafe,0.024000,0.024000,1.000000,0.000000,tie
compare_single_p_907_with_base_x3,compare_single_p_907_resume,base,base_x3,FMCAD08/Int/memory1/FIREFLY_luke_1b_e1_1139_e3_1839.lus,Unsafe,Unsafe,0.055000,0.061000,1.109091,0.006000,loss
compare_single_p_907_with_base_x3,compare_single_p_907_resume,base,base_x3,FMCAD08/Int/memory1/FIREFLY_4_e3_3511_e3_422.lus,Safe,Safe,0.125000,0.133000,1.064000,0.008000,loss
compare_single_p_907_with_base_x3,compare_single_p_907_resume,base,base_x3,FMCAD08/Int/memory1/FIREFLY_8_e2_1711_e1_1489.lus,Safe,Safe,0.050000,0.046000,0.920000,-0.004000,win
compare_single_p_907_with_base_x3,compare_single_p_907_resume,base,base_x3,FMCAD08/Int/memory1/DRAGON_all_e1_4022_e7_2886.lus,Unsafe,Unsafe,0.025000,0.026000,1.040000,0.001000,loss
compare_single_p_907_with_base_x3,compare_single_p_907_resume,base,base_x3,FMCAD08/Int/memory1/FIREFLY_all_e3_1600_e4_2415.lus,Unsafe,Unsafe,0.081000,0.089000,1.098765,0.008000,loss
compare_single_p_907_with_base_x3,compare_single_p_907_resume,base,base_x3,FMCAD08/Int/memory1/FIREFLY_5.lus,Safe,Safe,0.061000,0.074000,1.213115,0.013000,loss
compare_single_p_907_with_base_x3,compare_single_p_907_resume,base,base_x3,FMCAD08/Int/memory1/FIREFLY_1.lus,Safe,Safe,0.043000,0.048000,1.116279,0.005000,loss
compare_single_p_907_with_base_x3,compare_single_p_907_resume,base,base_x3,FMCAD08/Int/memory1/FIREFLY_4_e3_3511_e7_3568.lus,Unsafe,Unsafe,0.019000,0.019000,1.000000,0.000000,tie
compare_single_p_907_with_base_x3,compare_single_p_907_resume,base,base_x3,FMCAD08/Int/memory1/FIREFLY_5_e2_2229.lus,Safe,Safe,0.047000,0.049000,1.042553,0.002000,loss
compare_single_p_907_with_base_x3,compare_single_p_907_resume,base,base_x3,FMCAD08/Int/memory1/DRAGON_all2_e3_4612_e5_3642.lus,Timeout,Timeout,,,,,unsolved_both
compare_single_p_907_with_base_x3,compare_single_p_907_resume,base,base_x3,FMCAD08/Int/memory1/DRAGON_5_e2_3018_e2_936.lus,Safe,Safe,0.468000,0.507000,1.083333,0.039000,loss
compare_single_p_907_with_base_x3,compare_single_p_907_resume,base,base_x3,FMCAD08/Int/memory1/FIREFLY_luke_2.lus,Safe,Safe,0.450000,0.473000,1.051111,0.023000,loss
compare_single_p_907_with_base_x3,compare_single_p_907_resume,base,base_x3,FMCAD08/Int/memory1/FIREFLY_all_e1_1207_e3_1928.lus,Unsafe,Unsafe,0.076000,0.081000,1.065789,0.005000,loss
compare_single_p_907_with_base_x3,compare_single_p_907_resume,base,base_x3,FMCAD08/Int/memory1/FIREFLY_all_e1_1207_e7_156.lus,Unsafe,Unsafe,0.020000,0.020000,1.000000,0.000000,tie
compare_single_p_907_with_base_x3,compare_single_p_907_resume,base,base_x3,FMCAD08/Int/memory1/DRAGON_9_e7_1843_e3_5316.lus,Safe,Safe,0.063000,0.069000,1.095238,0.006000,loss
compare_single_p_907_with_base_x3,compare_single_p_907_resume,base,base_x3,FMCAD08/Int/memory1/FIREFLY_4_e3_3511_e5_3248.lus,Safe,Safe,0.121000,0.132000,1.090909,0.011000,loss
compare_single_p_907_with_base_x3,compare_single_p_907_resume,base,base_x3,FMCAD08/Int/memory1/FIREFLY_1_e1_1092_e7_1119.lus,Unsafe,Unsafe,0.019000,0.019000,1.000000,0.000000,tie
compare_single_p_907_with_base_x3,compare_single_p_907_resume,base,base_x3,FMCAD08/Int/memory1/FIREFLY_a3_e2_2086_e2_2689.lus,Safe,Safe,0.111000,0.119000,1.072072,0.008000,loss
compare_single_p_907_with_base_x3,compare_single_p_907_resume,base,base_x3,FMCAD08/Int/memory1/DRAGON_14_e7_3162_e1_3998.lus,Unsafe,Unsafe,0.753000,0.832000,1.104914,0.079000,loss
compare_single_p_907_with_base_x3,compare_single_p_907_resume,base,base_x3,FMCAD08/Int/memory1/DRAGON_12_e2_1618_e2_138.lus,Safe,Safe,4.760000,3.509000,0.737185,-1.251000,win
compare_single_p_907_with_base_x3,compare_single_p_907_resume,base,base_x3,FMCAD08/Int/memory1/DRAGON_12_e1_4640_e7_128.lus,Unsafe,Unsafe,0.024000,0.024000,1.000000,0.000000,tie
compare_single_p_907_with_base_x3,compare_single_p_907_resume,base,base_x3,FMCAD08/Int/memory1/DRAGON_all2_e8_5504_e7_579.lus,Unsafe,Unsafe,0.027000,0.032000,1.185185,0.005000,loss
compare_single_p_907_with_base_x3,compare_single_p_907_resume,base,base_x3,FMCAD08/Int/memory1/DRAGON_5_e1_1835.lus,Safe,Safe,0.565000,0.522000,0.923894,-0.043000,win
compare_single_p_907_with_base_x3,compare_single_p_907_resume,base,base_x3,FMCAD08/Int/memory1/FIREFLY_u1_e7_3318.lus,Unsafe,Unsafe,0.057000,0.059000,1.035088,0.002000,loss
compare_single_p_907_with_base_x3,compare_single_p_907_resume,base,base_x3,FMCAD08/Int/memory1/DRAGON_13_e7_2336.lus,Unsafe,Unsafe,0.023000,0.024000,1.043478,0.001000,loss
compare_single_p_907_with_base_x3,compare_single_p_907_resume,base,base_x3,FMCAD08/Int/memory1/DRAGON_11_e1_2450_e2_1483.lus,Timeout,Timeout,,,,,unsolved_both
compare_single_p_907_with_base_x3,compare_single_p_907_resume,base,base_x3,FMCAD08/Int/memory1/DRAGON_5_e7_2017_e3_1763.lus,Unsafe,Unsafe,0.145000,0.160000,1.103448,0.015000,loss
compare_single_p_907_with_base_x3,compare_single_p_907_resume,base,base_x3,FMCAD08/Int/memory1/DRAGON_12_e2_1618_e7_4732.lus,Unsafe,Unsafe,0.024000,0.024000,1.000000,0.000000,tie
compare_single_p_907_with_base_x3,compare_single_p_907_resume,base,base_x3,FMCAD08/Int/memory1/FIREFLY_luke_rt_e1_913_e3_2128.lus,Unsafe,Unsafe,0.060000,0.068000,1.133333,0.008000,loss
compare_single_p_907_with_base_x3,compare_single_p_907_resume,base,base_x3,FMCAD08/Int/memory1/FIREFLY_4_e3_3511.lus,Safe,Safe,0.075000,0.079000,1.053333,0.004000,loss
compare_single_p_907_with_base_x3,compare_single_p_907_resume,base,base_x3,FMCAD08/Int/memory1/DRAGON_2_e2_3183_e3_5972.lus,Safe,Safe,0.061000,0.066000,1.081967,0.005000,loss
compare_single_p_907_with_base_x3,compare_single_p_907_resume,base,base_x3,FMCAD08/Int/memory1/DRAGON_11_e1_2450.lus,Timeout,Timeout,,,,,unsolved_both
compare_single_p_907_with_base_x3,compare_single_p_907_resume,base,base_x3,FMCAD08/Int/memory1/DRAGON_4_e7_2329_e3_4574.lus,Unsafe,Unsafe,0.061000,0.072000,1.180328,0.011000,loss
compare_single_p_907_with_base_x3,compare_single_p_907_resume,base,base_x3,FMCAD08/Int/memory1/FIREFLY_luke_rt_e2_3460_e1_1455.lus,Safe,Safe,0.052000,0.055000,1.057692,0.003000,loss
compare_single_p_907_with_base_x3,compare_single_p_907_resume,base,base_x3,FMCAD08/Int/memory1/DRAGON_4_e2_2799_e7_2499.lus,Unsafe,Unsafe,0.196000,0.217000,1.107143,0.021000,loss
compare_single_p_907_with_base_x3,compare_single_p_907_resume,base,base_x3,FMCAD08/Int/memory1/DRAGON_13.lus,Safe,Safe,28.277000,32.740000,1.157831,4.463000,loss
compare_single_p_907_with_base_x3,compare_single_p_907_resume,base,base_x3,FMCAD08/Int/memory1/FIREFLY_luke_1b_e3_671_e4_147.lus,Unsafe,Unsafe,0.042000,0.043000,1.023810,0.001000,loss
compare_single_p_907_with_base_x3,compare_single_p_907_resume,base,base_x3,FMCAD08/Int/memory1/DRAGON_13_e7_2336_e2_1255.lus,Unsafe,Unsafe,0.024000,0.034000,1.416667,0.010000,loss
compare_single_p_907_with_base_x3,compare_single_p_907_resume,base,base_x3,FMCAD08/Int/memory1/FIREFLY_luke_rt_e2_3460.lus,Unsafe,Unsafe,0.064000,0.063000,0.984375,-0.001000,win
compare_single_p_907_with_base_x3,compare_single_p_907_resume,base,base_x3,FMCAD08/Int/memory1/FIREFLY_9_e7_170_e3_3647.lus,Safe,Safe,0.050000,0.052000,1.040000,0.002000,loss
compare_single_p_907_with_base_x3,compare_single_p_907_resume,base,base_x3,FMCAD08/Int/memory1/DRAGON_all2_e3_4612_e8_5861.lus,Unsafe,Unsafe,0.028000,0.030000,1.071429,0.002000,loss
compare_single_p_907_with_base_x3,compare_single_p_907_resume,base,base_x3,FMCAD08/Int/memory1/DRAGON_all_e1_4022_e3_3628.lus,Safe,Safe,0.160000,0.170000,1.062500,0.010000,loss
compare_single_p_907_with_base_x3,compare_single_p_907_resume,base,base_x3,FMCAD08/Int/memory1/DRAGON_all2_e7_5406_e3_506.lus,Unsafe,Unsafe,0.028000,0.028000,1.000000,0.000000,tie
compare_single_p_907_with_base_x3,compare_single_p_907_resume,base,base_x3,FMCAD08/Int/memory1/FIREFLY_all_e2_2924_e1_768.lus,Safe,Safe,0.127000,0.138000,1.086614,0.011000,loss
compare_single_p_907_with_base_x3,compare_single_p_907_resume,base,base_x3,FMCAD08/Int/memory1/FIREFLY_8_e2_1711_e3_1753.lus,Safe,Safe,0.044000,0.047000,1.068182,0.003000,loss
compare_single_p_907_with_base_x3,compare_single_p_907_resume,base,base_x3,FMCAD08/Int/memory1/DRAGON_1_e2_1997.lus,Safe,Safe,0.088000,0.089000,1.011364,0.001000,loss
compare_single_p_907_with_base_x3,compare_single_p_907_resume,base,base_x3,FMCAD08/Int/memory1/FIREFLY_4_e3_3511_e4_1464.lus,Unsafe,Unsafe,0.585000,0.648000,1.107692,0.063000,loss
compare_single_p_907_with_base_x3,compare_single_p_907_resume,base,base_x3,FMCAD08/Int/memory1/DRAGON_7_e2_2872_e2_5844.lus,Safe,Safe,0.117000,0.122000,1.042735,0.005000,loss
compare_single_p_907_with_base_x3,compare_single_p_907_resume,base,base_x3,FMCAD08/Int/memory1/DRAGON_1_e1_5070.lus,Safe,Safe,0.061000,0.061000,1.000000,0.000000,tie
compare_single_p_907_with_base_x3,compare_single_p_907_resume,base,base_x3,FMCAD08/Int/memory1/DRAGON_10_e3_144_e5_2046.lus,Safe,Safe,0.087000,0.093000,1.068966,0.006000,loss
compare_single_p_907_with_base_x3,compare_single_p_907_resume,base,base_x3,FMCAD08/Int/memory1/FIREFLY_all_e3_1600_e2_676.lus,Unsafe,Unsafe,0.046000,0.048000,1.043478,0.002000,loss
compare_single_p_907_with_base_x3,compare_single_p_907_resume,base,base_x3,FMCAD08/Int/memory1/DRAGON_all2_e2_2073_e8_3691.lus,Unsafe,Unsafe,0.029000,0.031000,1.068966,0.002000,loss
compare_single_p_907_with_base_x3,compare_single_p_907_resume,base,base_x3,FMCAD08/Int/memory1/DRAGON_4_e3_1540_e1_5048.lus,Safe,Safe,2.717000,2.732000,1.005521,0.015000,loss
compare_single_p_907_with_base_x3,compare_single_p_907_resume,base,base_x3,FMCAD08/Int/memory1/DRAGON_13_e7_2336_e3_3117.lus,Unsafe,Unsafe,0.024000,0.024000,1.000000,0.000000,tie
compare_single_p_907_with_base_x3,compare_single_p_907_resume,base,base_x3,FMCAD08/Int/memory1/FIREFLY_a3_e3_314_e1_1979.lus,Unsafe,Unsafe,0.723000,0.784000,1.084371,0.061000,loss
compare_single_p_907_with_base_x3,compare_single_p_907_resume,base,base_x3,FMCAD08/Int/memory1/FIREFLY_u1_e2_3403_e2_957.lus,Safe,Safe,5.117000,2.087000,0.407856,-3.030000,win
compare_single_p_907_with_base_x3,compare_single_p_907_resume,base,base_x3,FMCAD08/Int/memory1/FIREFLY_luke_1a.lus,Timeout,Timeout,,,,,unsolved_both
compare_single_p_907_with_base_x3,compare_single_p_907_resume,base,base_x3,FMCAD08/Int/memory1/FIREFLY_rt_e3_1770_e2_637.lus,Safe,Safe,0.549000,0.616000,1.122040,0.067000,loss
compare_single_p_907_with_base_x3,compare_single_p_907_resume,base,base_x3,FMCAD08/Int/memory1/DRAGON_14_e7_3162_e3_4298.lus,Unsafe,Unsafe,0.862000,0.689000,0.799304,-0.173000,win
compare_single_p_907_with_base_x3,compare_single_p_907_resume,base,base_x3,FMCAD08/Int/memory1/DRAGON_1_e2_1997_e7_3613_e2_3409.lus,Safe,Safe,0.061000,0.066000,1.081967,0.005000,loss
compare_single_p_907_with_base_x3,compare_single_p_907_resume,base,base_x3,FMCAD08/Int/memory1/FIREFLY_luke_1b_e3_671_e7_1882.lus,Unsafe,Unsafe,0.020000,0.019000,0.950000,-0.001000,win
compare_single_p_907_with_base_x3,compare_single_p_907_resume,base,base_x3,FMCAD08/Int/memory1/DRAGON_all2_e3_4612_e3_1543.lus,Timeout,Timeout,,,,,unsolved_both
compare_single_p_907_with_base_x3,compare_single_p_907_resume,base,base_x3,FMCAD08/Int/memory1/DRAGON_7_e7_3157_e2_2082.lus,Safe,Safe,0.130000,0.137000,1.053846,0.007000,loss
compare_single_p_907_with_base_x3,compare_single_p_907_resume,base,base_x3,FMCAD08/Int/memory1/FIREFLY_luke_1b_e1_1691.lus,Unsafe,Unsafe,0.045000,0.044000,0.977778,-0.001000,win
compare_single_p_907_with_base_x3,compare_single_p_907_resume,base,base_x3,FMCAD08/Int/memory1/FIREFLY_all_e2_2924_e3_3946.lus,Unsafe,Unsafe,0.096000,0.102000,1.062500,0.006000,loss
compare_single_p_907_with_base_x3,compare_single_p_907_resume,base,base_x3,FMCAD08/Int/memory1/FIREFLY_luke_1b_e2_3049_e2_698.lus,Unsafe,Unsafe,0.042000,0.046000,1.095238,0.004000,loss
compare_single_p_907_with_base_x3,compare_single_p_907_resume,base,base_x3,FMCAD08/Int/memory1/FIREFLY_5_e2_2884_e2_1492.lus,Safe,Safe,0.063000,0.071000,1.126984,0.008000,loss
compare_single_p_907_with_base_x3,compare_single_p_907_resume,base,base_x3,FMCAD08/Int/memory1/FIREFLY_luke_1a_e7_3042_e3_1213.lus,Timeout,Timeout,190.424000,207.489000,,,unsolved_both
compare_single_p_907_with_base_x3,compare_single_p_907_resume,base,base_x3,FMCAD08/Int/memory1/DRAGON_3_e3_3846.lus,Safe,Safe,0.067000,0.075000,1.119403,0.008000,loss
compare_single_p_907_with_base_x3,compare_single_p_907_resume,base,base_x3,FMCAD08/Int/memory1/FIREFLY_5_e1_2552_e7_1169.lus,Safe,Safe,0.047000,0.050000,1.063830,0.003000,loss
compare_single_p_907_with_base_x3,compare_single_p_907_resume,base,base_x3,FMCAD08/Int/memory1/FIREFLY_3_e2_2236_e1_2305.lus,Safe,Safe,0.046000,0.050000,1.086957,0.004000,loss
compare_single_p_907_with_base_x3,compare_single_p_907_resume,base,base_x3,FMCAD08/Int/memory1/FIREFLY_all_e3_1600_e3_2055.lus,Unsafe,Unsafe,0.064000,0.077000,1.203125,0.013000,loss
compare_single_p_907_with_base_x3,compare_single_p_907_resume,base,base_x3,FMCAD08/Int/memory1/FIREFLY_luke_1b_e2_3049_e1_946.lus,Safe,Safe,0.045000,0.046000,1.022222,0.001000,loss
compare_single_p_907_with_base_x3,compare_single_p_907_resume,base,base_x3,FMCAD08/Int/memory1/FIREFLY_1_e1_1092.lus,Unsafe,Unsafe,0.052000,0.057000,1.096154,0.005000,loss
compare_single_p_907_with_base_x3,compare_single_p_907_resume,base,base_x3,FMCAD08/Int/memory1/DRAGON_10.lus,Safe,Safe,0.084000,0.091000,1.083333,0.007000,loss
compare_single_p_907_with_base_x3,compare_single_p_907_resume,base,base_x3,FMCAD08/Int/simulation/metros_4_e1_917.lus,Timeout,Timeout,225.396000,84.174000,,,unsolved_both
compare_single_p_907_with_base_x3,compare_single_p_907_resume,base,base_x3,FMCAD08/Int/simulation/metros_1_e1_846_e2_1394.lus,Safe,Safe,0.946000,1.048000,1.107822,0.102000,loss
compare_single_p_907_with_base_x3,compare_single_p_907_resume,base,base_x3,FMCAD08/Int/simulation/car_4_e7_592_e7_265.lus,Safe,Safe,0.044000,0.045000,1.022727,0.001000,loss
compare_single_p_907_with_base_x3,compare_single_p_907_resume,base,base_x3,FMCAD08/Int/simulation/car_all_e8_856.lus,Safe,Safe,0.285000,0.310000,1.087719,0.025000,loss
compare_single_p_907_with_base_x3,compare_single_p_907_resume,base,base_x3,FMCAD08/Int/simulation/PRODUCER_CONSUMER_all.lus,Safe,Safe,0.053000,0.054000,1.018868,0.001000,loss
compare_single_p_907_with_base_x3,compare_single_p_907_resume,base,base_x3,FMCAD08/Int/simulation/car_4_e3_57_e6_784.lus,Safe,Safe,0.045000,0.047000,1.044444,0.002000,loss
compare_single_p_907_with_base_x3,compare_single_p_907_resume,base,base_x3,FMCAD08/Int/simulation/metros_2_e1_190.lus,Safe,Safe,69.065000,75.133000,1.087859,6.068000,loss
compare_single_p_907_with_base_x3,compare_single_p_907_resume,base,base_x3,FMCAD08/Int/simulation/metros_4_e3_1025.lus,Timeout,Timeout,0.832000,8.984000,,,unsolved_both
compare_single_p_907_with_base_x3,compare_single_p_907_resume,base,base_x3,FMCAD08/Int/simulation/car_3_e8_33_e1_856.lus,Unsafe,Unsafe,0.043000,0.026000,0.604651,-0.017000,win
compare_single_p_907_with_base_x3,compare_single_p_907_resume,base,base_x3,FMCAD08/Int/simulation/car_5_e7_244_e2_693.lus,Unsafe,Unsafe,0.474000,0.514000,1.084388,0.040000,loss
compare_single_p_907_with_base_x3,compare_single_p_907_resume,base,base_x3,FMCAD08/Int/simulation/metros_4_e2_968_e5_991.lus,Timeout,Unsafe,290.240000,1.097000,,,newly_solved
compare_single_p_907_with_base_x3,compare_single_p_907_resume,base,base_x3,FMCAD08/Int/simulation/PRODUCER_CONSUMER_3.lus,Safe,Safe,0.035000,0.035000,1.000000,0.000000,tie
compare_single_p_907_with_base_x3,compare_single_p_907_resume,base,base_x3,FMCAD08/Int/simulation/metros_1_e1_846_e1_1317.lus,Safe,Safe,0.471000,0.527000,1.118896,0.056000,loss
compare_single_p_907_with_base_x3,compare_single_p_907_resume,base,base_x3,FMCAD08/Int/simulation/car_all_e3_1068_e4_275.lus,Safe,Safe,0.199000,0.217000,1.090452,0.018000,loss
compare_single_p_907_with_base_x3,compare_single_p_907_resume,base,base_x3,FMCAD08/Int/simulation/PRODUCER_CONSUMER_vt_e7_1059_e8_1111.lus,Timeout,Timeout,,,,,unsolved_both
compare_single_p_907_with_base_x3,compare_single_p_907_resume,base,base_x3,FMCAD08/Int/simulation/metros_4_e1_821_e5_911.lus,Timeout,Timeout,,,,,unsolved_both
compare_single_p_907_with_base_x3,compare_single_p_907_resume,base,base_x3,FMCAD08/Int/simulation/car_3_e7_626.lus,Safe,Safe,0.080000,0.085000,1.062500,0.005000,loss
compare_single_p_907_with_base_x3,compare_single_p_907_resume,base,base_x3,FMCAD08/Int/simulation/PRODUCER_CONSUMER_vt.lus,Timeout,Timeout,,,,,unsolved_both
compare_single_p_907_with_base_x3,compare_single_p_907_resume,base,base_x3,FMCAD08/Int/simulation/metros_4.lus,Timeout,Timeout,,,,,unsolved_both
compare_single_p_907_with_base_x3,compare_single_p_907_resume,base,base_x3,FMCAD08/Int/simulation/car_2_e8_491_e7_826.lus,Safe,Safe,0.076000,0.081000,1.065789,0.005000,loss
compare_single_p_907_with_base_x3,compare_single_p_907_resume,base,base_x3,FMCAD08/Int/simulation/car_all.lus,Safe,Safe,0.260000,0.283000,1.088462,0.023000,loss
compare_single_p_907_with_base_x3,compare_single_p_907_resume,base,base_x3,FMCAD08/Int/simulation/car_all_e8_856_e3_180.lus,Unsafe,Unsafe,0.014000,0.013000,0.928571,-0.001000,win
compare_single_p_907_with_base_x3,compare_single_p_907_resume,base,base_x3,FMCAD08/Int/simulation/metros_3.lus,Timeout,Timeout,,,,,unsolved_both
compare_single_p_907_with_base_x3,compare_single_p_907_resume,base,base_x3,FMCAD08/Int/simulation/car_5_e2_405_e8_1055.lus,Unsafe,Unsafe,0.518000,0.553000,1.067568,0.035000,loss
compare_single_p_907_with_base_x3,compare_single_p_907_resume,base,base_x3,FMCAD08/Int/simulation/metros_1_e8_725_e3_556.lus,Safe,Safe,0.157000,0.166000,1.057325,0.009000,loss
compare_single_p_907_with_base_x3,compare_single_p_907_resume,base,base_x3,FMCAD08/Int/simulation/metros_4_e3_1091_e3_522.lus,Safe,Safe,0.383000,0.386000,1.007833,0.003000,loss
compare_single_p_907_with_base_x3,compare_single_p_907_resume,base,base_x3,FMCAD08/Int/simulation/metros_2_e2_704_e7_810.lus,Unsafe,Unsafe,2.742000,3.267000,1.191466,0.525000,loss
compare_single_p_907_with_base_x3,compare_single_p_907_resume,base,base_x3,FMCAD08/Int/simulation/metros_4_e2_968_e6_236.lus,Unsafe,Unsafe,27.338000,16.015000,0.585815,-11.323000,win
compare_single_p_907_with_base_x3,compare_single_p_907_resume,base,base_x3,FMCAD08/Int/simulation/metros_2_e1_1116_e1_556.lus,Unsafe,Unsafe,40.387000,17.751000,0.439523,-22.636000,win
compare_single_p_907_with_base_x3,compare_single_p_907_resume,base,base_x3,FMCAD08/Int/simulation/metros_2_e2_704_e1_389.lus,Unsafe,Unsafe,6.114000,5.204000,0.851161,-0.910000,win
compare_single_p_907_with_base_x3,compare_single_p_907_resume,base,base_x3,FMCAD08/Int/simulation/car_6_e2_589_e2_506.lus,Unsafe,Unsafe,0.526000,0.629000,1.195817,0.103000,loss
compare_single_p_907_with_base_x3,compare_single_p_907_resume,base,base_x3,FMCAD08/Int/simulation/speed_e7_207.lus,Safe,Safe,0.026000,0.025000,0.961538,-0.001000,win
compare_single_p_907_with_base_x3,compare_single_p_907_resume,base,base_x3,FMCAD08/Int/simulation/metros_3_e3_1275_e1_1350.lus,Timeout,Unsafe,52.494000,61.177000,,,newly_solved
compare_single_p_907_with_base_x3,compare_single_p_907_resume,base,base_x3,FMCAD08/Int/simulation/metros_1_e1_846_e7_397.lus,Safe,Safe,0.997000,1.174000,1.177533,0.177000,loss
compare_single_p_907_with_base_x3,compare_single_p_907_resume,base,base_x3,FMCAD08/Int/simulation/metros_2_e2_968.lus,Unsafe,Unsafe,45.466000,36.686000,0.806889,-8.780000,win
compare_single_p_907_with_base_x3,compare_single_p_907_resume,base,base_x3,FMCAD08/Int/simulation/cd_e7_621_e7_669.lus,Unsafe,Unsafe,1.279000,0.440000,0.344019,-0.839000,win
compare_single_p_907_with_base_x3,compare_single_p_907_resume,base,base_x3,FMCAD08/Int/simulation/car_all_e3_1068_e3_163.lus,Unsafe,Unsafe,0.014000,0.015000,1.071429,0.001000,loss
compare_single_p_907_with_base_x3,compare_single_p_907_resume,base,base_x3,FMCAD08/Int/simulation/metros_2_e2_704_e2_13.lus,Safe,Safe,0.812000,0.921000,1.134236,0.109000,loss
compare_single_p_907_with_base_x3,compare_single_p_907_resume,base,base_x3,FMCAD08/Int/simulation/metros_4_e5_1150.lus,Timeout,Timeout,,,,,unsolved_both
compare_single_p_907_with_base_x3,compare_single_p_907_resume,base,base_x3,FMCAD08/Int/simulation/hysteresis_1.lus,Safe,Safe,0.025000,0.026000,1.040000,0.001000,loss
compare_single_p_907_with_base_x3,compare_single_p_907_resume,base,base_x3,FMCAD08/Int/simulation/metros_1_e7_606.lus,Safe,Safe,0.801000,0.912000,1.138577,0.111000,loss
compare_single_p_907_with_base_x3,compare_single_p_907_resume,base,base_x3,FMCAD08/Int/simulation/hysteresis_3.lus,Safe,Safe,0.112000,0.119000,1.062500,0.007000,loss
compare_single_p_907_with_base_x3,compare_single_p_907_resume,base,base_x3,FMCAD08/Int/simulation/fast_1_e8_751.lus,Safe,Safe,0.187000,0.205000,1.096257,0.018000,loss
compare_single_p_907_with_base_x3,compare_single_p_907_resume,base,base_x3,FMCAD08/Int/simulation/metros_3_e3_1275_e7_529.lus,Timeout,Timeout,0.911000,1.040000,,,unsolved_both
compare_single_p_907_with_base_x3,compare_single_p_907_resume,base,base_x3,FMCAD08/Int/simulation/PRODUCER_CONSUMER_vt_e3_507.lus,Timeout,Timeout,,,,,unsolved_both
compare_single_p_907_with_base_x3,compare_single_p_907_resume,base,base_x3,FMCAD08/Int/simulation/car_3_e2_695.lus,Safe,Safe,0.037000,0.035000,0.945946,-0.002000,win
compare_single_p_907_with_base_x3,compare_single_p_907_resume,base,base_x3,FMCAD08/Int/simulation/car_5_e2_405_e2_1083.lus,Unsafe,Unsafe,0.501000,0.559000,1.115768,0.058000,loss
compare_single_p_907_with_base_x3,compare_single_p_907_resume,base,base_x3,FMCAD08/Int/simulation/fast_1.lus,Safe,Safe,0.194000,0.207000,1.067010,0.013000,loss
compare_single_p_907_with_base_x3,compare_single_p_907_resume,base,base_x3,FMCAD08/Int/simulation/car_6_e2_589_e3_349.lus,Unsafe,Unsafe,0.561000,0.590000,1.051693,0.029000,loss
compare_single_p_907_with_base_x3,compare_single_p_907_resume,base,base_x3,FMCAD08/Int/simulation/fast_2.lus,Safe,Safe,0.299000,0.327000,1.093645,0.028000,loss
compare_single_p_907_with_base_x3,compare_single_p_907_resume,base,base_x3,FMCAD08/Int/simulation/fast_1_e8_747_e7_692.lus,Unsafe,Unsafe,0.023000,0.024000,1.043478,0.001000,loss
compare_single_p_907_with_base_x3,compare_single_p_907_resume,base,base_x3,FMCAD08/Int/simulation/metros_1_e2_627.lus,Safe,Safe,0.753000,0.833000,1.106242,0.080000,loss
compare_single_p_907_with_base_x3,compare_single_p_907_resume,base,base_x3,FMCAD08/Int/simulation/metros_2_e2_704_e3_76.lus,Unsafe,Unsafe,1.617000,1.863000,1.152134,0.246000,loss
compare_single_p_907_with_base_x3,compare_single_p_907_resume,base,base_x3,FMCAD08/Int/simulation/speed_e8_649.lus,Safe,Safe,0.025000,0.026000,1.040000,0.001000,loss
compare_single_p_907_with_base_x3,compare_single_p_907_resume,base,base_x3,FMCAD08/Int/simulation/speed2.lus,Safe,Safe,0.111000,0.130000,1.171171,0.019000,loss
compare_single_p_907_with_base_x3,compare_single_p_907_resume,base,base_x3,FMCAD08/Int/simulation/car_3_e8_33_e2_1010.lus,Safe,Safe,0.034000,0.038000,1.117647,0.004000,loss
compare_single_p_907_with_base_x3,compare_single_p_907_resume,base,base_x3,FMCAD08/Int/simulation/metros_3_e4_987_e2_80.lus,Timeout,Timeout,280.616000,298.730000,,,unsolved_both
compare_single_p_907_with_base_x3,compare_single_p_907_resume,base,base_x3,FMCAD08/Int/simulation/car_4_e8_118_e3_514.lus,Unsafe,Unsafe,0.013000,0.012000,0.923077,-0.001000,win
compare_single_p_907_with_base_x3,compare_single_p_907_resume,base,base_x3,FMCAD08/Int/simulation/fast_1_e7_2044.lus,Unsafe,Unsafe,0.023000,0.023000,1.000000,0.000000,tie
compare_single_p_907_with_base_x3,compare_single_p_907_resume,base,base_x3,FMCAD08/Int/simulation/metros_4_e2_968.lus,Timeout,Timeout,0.437000,0.472000,,,unsolved_both
compare_single_p_907_with_base_x3,compare_single_p_907_resume,base,base_x3,FMCAD08/Int/simulation/metros_2.lus,Safe,Safe,95.707000,142.150000,1.485262,46.443000,loss
compare_single_p_907_with_base_x3,compare_single_p_907_resume,base,base_x3,FMCAD08/Int/simulation/car_6_e3_294_e5_979.lus,Unsafe,Unsafe,1.111000,1.314000,1.182718,0.203000,loss
compare_single_p_907_with_base_x3,compare_single_p_907_resume,base,base_x3,FMCAD08/Int/simulation/metros_3_e3_1275_e5_846.lus,Unsafe,Timeout,279.546000,281.481000,,,regressed
compare_single_p_907_with_base_x3,compare_single_p_907_resume,base,base_x3,FMCAD08/Int/simulation/metros_5.lus,Timeout,Timeout,,,,,unsolved_both
compare_single_p_907_with_base_x3,compare_single_p_907_resume,base,base_x3,FMCAD08/Int/simulation/speed2_e8_449_e8_517.lus,Safe,Safe,0.125000,0.142000,1.136000,0.017000,loss
compare_single_p_907_with_base_x3,compare_single_p_907_resume,base,base_x3,FMCAD08/Int/simulation/speed2_e7_223_e8_329.lus,Safe,Safe,0.111000,0.118000,1.063063,0.007000,loss
compare_single_p_907_with_base_x3,compare_single_p_907_resume,base,base_x3,FMCAD08/Int/simulation/PRODUCER_CONSUMMER_luke_2_e7_1068_e8_1019.lus,Timeout,Timeout,,,,,unsolved_both
compare_single_p_907_with_base_x3,compare_single_p_907_resume,base,base_x3,FMCAD08/Int/simulation/fast_2_e8_460_e8_1920.lus,Safe,Safe,0.256000,0.270000,1.054688,0.014000,loss
compare_single_p_907_with_base_x3,compare_single_p_907_resume,base,base_x3,FMCAD08/Int/simulation/speed_e7_207_e7_538.lus,Safe,Safe,0.026000,0.026000,1.000000,0.000000,tie
compare_single_p_907_with_base_x3,compare_single_p_907_resume,base,base_x3,FMCAD08/Int/simulation/metros_3_e3_1275_e2_454.lus,Safe,Safe,0.187000,0.202000,1.080214,0.015000,loss
compare_single_p_907_with_base_x3,compare_single_p_907_resume,base,base_x3,FMCAD08/Int/simulation/fast_2_e7_2526.lus,Unsafe,Unsafe,0.026000,0.027000,1.038462,0.001000,loss
compare_single_p_907_with_base_x3,compare_single_p_907_resume,base,base_x3,FMCAD08/Int/simulation/metros_4_e3_1091_e2_1317.lus,Safe,Safe,0.189000,0.217000,1.148148,0.028000,loss
compare_single_p_907_with_base_x3,compare_single_p_907_resume,base,base_x3,FMCAD08/Int/simulation/fast_2_e7_2526_e7_2736.lus,Unsafe,Unsafe,0.027000,0.028000,1.037037,0.001000,loss
compare_single_p_907_with_base_x3,compare_single_p_907_resume,base,base_x3,FMCAD08/Int/simulation/metros_4_e2_968_e7_860.lus,Unsafe,Unsafe,65.146000,4.475000,0.068692,-60.671000,win
compare_single_p_907_with_base_x3,compare_single_p_907_resume,base,base_x3,FMCAD08/Int/simulation/car_4_e7_592_e3_442.lus,Unsafe,Unsafe,0.012000,0.012000,1.000000,0.000000,tie
compare_single_p_907_with_base_x3,compare_single_p_907_resume,base,base_x3,FMCAD08/Int/simulation/car_5_e7_244.lus,Safe,Safe,58.863000,71.657000,1.217352,12.794000,loss
compare_single_p_907_with_base_x3,compare_single_p_907_resume,base,base_x3,FMCAD08/Int/simulation/fast_1_e8_747_e8_1041.lus,Safe,Safe,0.170000,0.185000,1.088235,0.015000,loss
compare_single_p_907_with_base_x3,compare_single_p_907_resume,base,base_x3,FMCAD08/Int/simulation/speed2_e8_449.lus,Safe,Safe,0.072000,0.075000,1.041667,0.003000,loss
compare_single_p_907_with_base_x3,compare_single_p_907_resume,base,base_x3,FMCAD08/Int/simulation/car_4_e3_57.lus,Unsafe,Unsafe,0.019000,0.013000,0.684211,-0.006000,win
compare_single_p_907_with_base_x3,compare_single_p_907_resume,base,base_x3,FMCAD08/Int/simulation/metros_1_e8_725_e1_919.lus,Safe,Safe,0.048000,0.050000,1.041667,0.002000,loss
compare_single_p_907_with_base_x3,compare_single_p_907_resume,base,base_x3,FMCAD08/Int/simulation/car_all_e1_618.lus,Unsafe,Unsafe,0.078000,0.084000,1.076923,0.006000,loss
compare_single_p_907_with_base_x3,compare_single_p_907_resume,base,base_x3,FMCAD08/Int/simulation/car_1.lus,Safe,Safe,0.047000,0.049000,1.042553,0.002000,loss
compare_single_p_907_with_base_x3,compare_single_p_907_resume,base,base_x3,FMCAD08/Int/simulation/metros_3_e3_1275_e4_164.lus,Timeout,Timeout,0.437000,292.926000,,,unsolved_both
compare_single_p_907_with_base_x3,compare_single_p_907_resume,base,base_x3,FMCAD08/Int/simulation/fast_2_e8_976.lus,Safe,Safe,0.293000,0.331000,1.129693,0.038000,loss
compare_single_p_907_with_base_x3,compare_single_p_907_resume,base,base_x3,FMCAD08/Int/simulation/Gas.lus,Timeout,Timeout,,,,,unsolved_both
compare_single_p_907_with_base_x3,compare_single_p_907_resume,base,base_x3,FMCAD08/Int/simulation/car_4_e7_592.lus,Safe,Safe,0.088000,0.093000,1.056818,0.005000,loss
compare_single_p_907_with_base_x3,compare_single_p_907_resume,base,base_x3,FMCAD08/Int/simulation/metros_4_e3_1091_e1_1044.lus,Unsafe,Unsafe,195.527000,27.836000,0.142364,-167.691000,win
compare_single_p_907_with_base_x3,compare_single_p_907_resume,base,base_x3,FMCAD08/Int/simulation/metros_1_e2_1102_e7_1163.lus,Safe,Safe,0.845000,1.005000,1.189349,0.160000,loss
compare_single_p_907_with_base_x3,compare_single_p_907_resume,base,base_x3,FMCAD08/Int/simulation/cd.lus,Safe,Safe,10.169000,12.191000,1.198840,2.022000,loss
compare_single_p_907_with_base_x3,compare_single_p_907_resume,base,base_x3,FMCAD08/Int/simulation/metros_2_e1_1116_e7_1440.lus,Unsafe,Unsafe,253.934000,6.014000,0.023683,-247.920000,win
compare_single_p_907_with_base_x3,compare_single_p_907_resume,base,base_x3,FMCAD08/Int/simulation/PRODUCER_CONSUMER_1.lus,Safe,Safe,0.056000,0.060000,1.071429,0.004000,loss
compare_single_p_907_with_base_x3,compare_single_p_907_resume,base,base_x3,FMCAD08/Int/simulation/metros_4_e2_968_e4_801.lus,Timeout,Unsafe,264.388000,1.166000,,,newly_solved
compare_single_p_907_with_base_x3,compare_single_p_907_resume,base,base_x3,FMCAD08/Int/simulation/car_6.lus,Safe,Safe,104.724000,102.290000,0.976758,-2.434000,win
compare_single_p_907_with_base_x3,compare_single_p_907_resume,base,base_x3,FMCAD08/Int/simulation/car_all_e3_1068_e1_178.lus,Unsafe,Unsafe,0.013000,0.014000,1.076923,0.001000,loss
compare_single_p_907_with_base_x3,compare_single_p_907_resume,base,base_x3,FMCAD08/Int/simulation/metros_1_e2_1102_e3_961.lus,Safe,Safe,0.507000,0.545000,1.074951,0.038000,loss
compare_single_p_907_with_base_x3,compare_single_p_907_resume,base,base_x3,FMCAD08/Int/simulation/car_3_e1_586.lus,Unsafe,Unsafe,0.026000,0.033000,1.269231,0.007000,loss
compare_single_p_907_with_base_x3,compare_single_p_907_resume,base,base_x3,FMCAD08/Int/simulation/metros_3_e4_987_e1_1115.lus,Timeout,Timeout,,,,,unsolved_both
compare_single_p_907_with_base_x3,compare_single_p_907_resume,base,base_x3,FMCAD08/Int/simulation/metros_1.lus,Safe,Safe,1.454000,1.670000,1.148556,0.216000,loss
compare_single_p_907_with_base_x3,compare_single_p_907_resume,base,base_x3,FMCAD08/Int/simulation/speed2_e8_449_e7_353.lus,Safe,Safe,0.093000,0.097000,1.043011,0.004000,loss
compare_single_p_907_with_base_x3,compare_single_p_907_resume,base,base_x3,FMCAD08/Int/simulation/metros_1_e1_846_e3_1060.lus,Safe,Safe,0.626000,0.700000,1.118211,0.074000,loss
compare_single_p_907_with_base_x3,compare_single_p_907_resume,base,base_x3,FMCAD08/Int/simulation/metros_2_e1_1116_e2_617.lus,Safe,Safe,0.931000,1.118000,1.200859,0.187000,loss
compare_single_p_907_with_base_x3,compare_single_p_907_resume,base,base_x3,FMCAD08/Int/simulation/car_5_e3_661.lus,Unsafe,Unsafe,0.649000,0.739000,1.138675,0.090000,loss
compare_single_p_907_with_base_x3,compare_single_p_907_resume,base,base_x3,FMCAD08/Int/simulation/car_3_e8_33_e7_220.lus,Safe,Safe,0.075000,0.078000,1.040000,0.003000,loss
compare_single_p_907_with_base_x3,compare_single_p_907_resume,base,base_x3,FMCAD08/Int/simulation/car_5_e2_405_e3_473.lus,Unsafe,Unsafe,0.500000,0.556000,1.112000,0.056000,loss
compare_single_p_907_with_base_x3,compare_single_p_907_resume,base,base_x3,FMCAD08/Int/simulation/car_6_e3_294_e3_47.lus,Unsafe,Unsafe,0.725000,0.825000,1.137931,0.100000,loss
compare_single_p_907_with_base_x3,compare_single_p_907_resume,base,base_x3,FMCAD08/Int/simulation/car_all_e3_1068_e2_13.lus,Unsafe,Unsafe,0.013000,0.015000,1.153846,0.002000,loss
compare_single_p_907_with_base_x3,compare_single_p_907_resume,base,base_x3,FMCAD08/Int/simulation/metros_1_e8_725_e2_1144.lus,Safe,Safe,0.047000,0.050000,1.063830,0.003000,loss
compare_single_p_907_with_base_x3,compare_single_p_907_resume,base,base_x3,FMCAD08/Int/simulation/metros_1_e7_1255_e7_12.lus,Safe,Safe,0.888000,0.992000,1.117117,0.104000,loss
compare_single_p_907_with_base_x3,compare_single_p_907_resume,base,base_x3,FMCAD08/Int/simulation/car_6_e1_152.lus,Safe,Safe,6.011000,7.223000,1.201630,1.212000,loss
compare_single_p_907_with_base_x3,compare_single_p_907_resume,base,base_x3,FMCAD08/Int/simulation/PRODUCER_CONSUMER_vt_e2_1352.lus,Timeout,Timeout,,,,,unsolved_both
compare_single_p_907_with_base_x3,compare_single_p_907_resume,base,base_x3,FMCAD08/Int/simulation/car_5_e7_244_e1_823.lus,Safe,Safe,51.139000,65.905000,1.288742,14.766000,loss
compare_single_p_907_with_base_x3,compare_single_p_907_resume,base,base_x3,FMCAD08/Int/simulation/car_all_e3_1068_e5_882.lus,Unsafe,Unsafe,0.013000,0.016000,1.230769,0.003000,loss
compare_single_p_907_with_base_x3,compare_single_p_907_resume,base,base_x3,FMCAD08/Int/simulation/metros_4_e2_968_e2_1166.lus,Safe,Safe,0.289000,0.291000,1.006920,0.002000,loss
compare_single_p_907_with_base_x3,compare_single_p_907_resume,base,base_x3,FMCAD08/Int/simulation/cd_e7_8.lus,Unsafe,Unsafe,1.028000,0.637000,0.619650,-0.391000,win
compare_single_p_907_with_base_x3,compare_single_p_907_resume,base,base_x3,FMCAD08/Int/simulation/car_all_e8_856_e2_585.lus,Safe,Safe,0.140000,0.151000,1.078571,0.011000,loss
compare_single_p_907_with_base_x3,compare_single_p_907_resume,base,base_x3,FMCAD08/Int/simulation/car_6_e2_893.lus,Unsafe,Unsafe,0.521000,0.588000,1.128599,0.067000,loss
compare_single_p_907_with_base_x3,compare_single_p_907_resume,base,base_x3,FMCAD08/Int/simulation/PRODUCER_CONSUMMER_luke_2.lus,Timeout,Timeout,,,,,unsolved_both
compare_single_p_907_with_base_x3,compare_single_p_907_resume,base,base_x3,FMCAD08/Int/simulation/metros_1_e8_725.lus,Safe,Safe,0.048000,0.067000,1.395833,0.019000,loss
compare_single_p_907_with_base_x3,compare_single_p_907_resume,base,base_x3,FMCAD08/Int/simulation/car_all_e8_856_e1_217.lus,Unsafe,Unsafe,0.122000,0.116000,0.950820,-0.006000,win
compare_single_p_907_with_base_x3,compare_single_p_907_resume,base,base_x3,FMCAD08/Int/simulation/speed2_e7_223_e7_213.lus,Safe,Safe,0.111000,0.124000,1.117117,0.013000,loss
compare_single_p_907_with_base_x3,compare_single_p_907_resume,base,base_x3,FMCAD08/Int/simulation/car_2.lus,Safe,Safe,0.079000,0.085000,1.075949,0.006000,loss
compare_single_p_907_with_base_x3,compare_single_p_907_resume,base,base_x3,FMCAD08/Int/simulation/metros_1_e2_1102_e2_943.lus,Safe,Safe,0.516000,0.529000,1.025194,0.013000,loss
compare_single_p_907_with_base_x3,compare_single_p_907_resume,base,base_x3,FMCAD08/Int/simulation/metros_3_e3_1275_e6_1315.lus,Timeout,Timeout,,,,,unsolved_both
compare_single_p_907_with_base_x3,compare_single_p_907_resume,base,base_x3,FMCAD08/Int/simulation/car_6_e1_152_e1_391.lus,Safe,Safe,4.390000,5.491000,1.250797,1.101000,loss
compare_single_p_907_with_base_x3,compare_single_p_907_resume,base,base_x3,FMCAD08/Int/simulation/fast_1_e7_2044_e7_1287.lus,Unsafe,Unsafe,0.022000,0.023000,1.045455,0.001000,loss
compare_single_p_907_with_base_x3,compare_single_p_907_resume,base,base_x3,FMCAD08/Int/simulation/metros_4_e3_1091_e4_232.lus,Unsafe,Unsafe,143.971000,0.483000,0.003355,-143.488000,win
compare_single_p_907_with_base_x3,compare_single_p_907_resume,base,base_x3,FMCAD08/Int/simulation/car_3.lus,Safe,Safe,0.084000,0.094000,1.119048,0.010000,loss
compare_single_p_907_with_base_x3,compare_single_p_907_resume,base,base_x3,FMCAD08/Int/simulation/car_5.lus,Safe,Safe,66.360000,87.445000,1.317737,21.085000,loss
compare_single_p_907_with_base_x3,compare_single_p_907_resume,base,base_x3,FMCAD08/Int/simulation/PRODUCER_CONSUMER_2.lus,Safe,Safe,0.038000,0.041000,1.078947,0.003000,loss
compare_single_p_907_with_base_x3,compare_single_p_907_resume,base,base_x3,FMCAD08/Int/simulation/speed_e7_207_e8_507.lus,Safe,Safe,0.025000,0.024000,0.960000,-0.001000,win
compare_single_p_907_with_base_x3,compare_single_p_907_resume,base,base_x3,FMCAD08/Int/simulation/metros_4_e2_968_e1_956.lus,Timeout,Unsafe,58.778000,0.804000,,,newly_solved
compare_single_p_907_with_base_x3,compare_single_p_907_resume,base,base_x3,FMCAD08/Int/simulation/hysteresis_all.lus,Safe,Safe,0.131000,0.145000,1.106870,0.014000,loss
compare_single_p_907_with_base_x3,compare_single_p_907_resume,base,base_x3,FMCAD08/Int/simulation/metros_2_e3_112.lus,Unsafe,Unsafe,66.992000,47.431000,0.708010,-19.561000,win
compare_single_p_907_with_base_x3,compare_single_p_907_resume,base,base_x3,FMCAD08/Int/simulation/car_4.lus,Safe,Safe,0.047000,0.047000,1.000000,0.000000,tie
compare_single_p_907_with_base_x3,compare_single_p_907_resume,base,base_x3,FMCAD08/Int/simulation/hysteresis_2.lus,Safe,Safe,0.125000,0.142000,1.136000,0.017000,loss
compare_single_p_907_with_base_x3,compare_single_p_907_resume,base,base_x3,FMCAD08/Int/simulation/car_all_e7_188_e7_743.lus,Safe,Safe,0.264000,0.282000,1.068182,0.018000,loss
compare_single_p_907_with_base_x3,compare_single_p_907_resume,base,base_x3,FMCAD08/Int/simulation/fast_2_e8_460_e7_43.lus,Unsafe,Unsafe,0.027000,0.036000,1.333333,0.009000,loss
compare_single_p_907_with_base_x3,compare_single_p_907_resume,base,base_x3,FMCAD08/Int/simulation/car_1_e7_184_e3_299.lus,Safe,Safe,0.046000,0.048000,1.043478,0.002000,loss
compare_single_p_907_with_base_x3,compare_single_p_907_resume,base,base_x3,FMCAD08/Int/simulation/car_4_e8_118.lus,Safe,Safe,0.066000,0.034000,0.515152,-0.032000,win
compare_single_p_907_with_base_x3,compare_single_p_907_resume,base,base_x3,FMCAD08/Int/simulation/metros_3_e4_987_e3_291.lus,Timeout,Unsafe,0.775000,0.853000,,,newly_solved
compare_single_p_907_with_base_x3,compare_single_p_907_resume,base,base_x3,FMCAD08/Int/simulation/car_2_e7_1027_e7_359.lus,Safe,Safe,0.079000,0.092000,1.164557,0.013000,loss
compare_single_p_907_with_base_x3,compare_single_p_907_resume,base,base_x3,FMCAD08/Int/simulation/metros_3_e4_987.lus,Timeout,Timeout,,,,,unsolved_both
compare_single_p_907_with_base_x3,compare_single_p_907_resume,base,base_x3,FMCAD08/Int/simulation/car_5_e3_11_e1_429.lus,Unsafe,Unsafe,0.629000,0.710000,1.128776,0.081000,loss
compare_single_p_907_with_base_x3,compare_single_p_907_resume,base,base_x3,FMCAD08/Int/simulation/car_all_e1_618_e3_303.lus,Unsafe,Unsafe,0.069000,0.070000,1.014493,0.001000,loss
compare_single_p_907_with_base_x3,compare_single_p_907_resume,base,base_x3,FMCAD08/Int/simulation/speed2_e7_496.lus,Safe,Safe,0.131000,0.135000,1.030534,0.004000,loss
compare_single_p_907_with_base_x3,compare_single_p_907_resume,base,base_x3,FMCAD08/Int/simulation/car_4_e3_57_e5_999.lus,Unsafe,Unsafe,0.046000,0.014000,0.304348,-0.032000,win
compare_single_p_907_with_base_x3,compare_single_p_907_resume,base,base_x3,FMCAD08/Int/simulation/car_2_e7_1027_e1_1047.lus,Safe,Safe,0.082000,0.082000,1.000000,0.000000,tie
compare_single_p_907_with_base_x3,compare_single_p_907_resume,base,base_x3,FMCAD08/Int/simulation/metros_1_e2_1102_e1_317.lus,Safe,Safe,0.916000,0.992000,1.082969,0.076000,loss
compare_single_p_907_with_base_x3,compare_single_p_907_resume,base,base_x3,FMCAD08/Int/simulation/metros_2_e1_1116_e3_287.lus,Unsafe,Unsafe,1.487000,1.652000,1.110962,0.165000,loss
compare_single_p_907_with_base_x3,compare_single_p_907_resume,base,base_x3,FMCAD08/Int/simulation/metros_4_e2_968_e3_931.lus,Safe,Safe,0.299000,0.258000,0.862876,-0.041000,win
compare_single_p_907_with_base_x3,compare_single_p_907_resume,base,base_x3,FMCAD08/Int/simulation/car_4_e8_118_e7_178.lus,Safe,Safe,0.090000,0.095000,1.055556,0.005000,loss
compare_single_p_907_with_base_x3,compare_single_p_907_resume,base,base_x3,FMCAD08/Int/simulation/car_5_e7_244_e3_1071.lus,Unsafe,Unsafe,0.606000,0.664000,1.095710,0.058000,loss
compare_single_p_907_with_base_x3,compare_single_p_907_resume,base,base_x3,FMCAD08/Int/simulation/speed_e8_649_e7_709.lus,Safe,Safe,0.025000,0.026000,1.040000,0.001000,loss
compare_single_p_907_with_base_x3,compare_single_p_907_resume,base,base_x3,FMCAD08/Int/simulation/car_all_e8_856_e7_578.lus,Safe,Safe,0.251000,0.276000,1.099602,0.025000,loss
compare_single_p_907_with_base_x3,compare_single_p_907_resume,base,base_x3,FMCAD08/Int/simulation/metros_3_e3_1275_e3_640.lus,Safe,Safe,0.343000,0.374000,1.090379,0.031000,loss
compare_single_p_907_with_base_x3,compare_single_p_907_resume,base,base_x3,FMCAD08/Int/simulation/car_all_e2_142_e7_209.lus,Safe,Safe,0.194000,0.215000,1.108247,0.021000,loss
compare_single_p_907_with_base_x3,compare_single_p_907_resume,base,base_x3,FMCAD08/Int/simulation/car_3_e8_33.lus,Safe,Safe,0.081000,0.085000,1.049383,0.004000,loss
compare_single_p_907_with_base_x3,compare_single_p_907_resume,base,base_x3,FMCAD08/Int/simulation/car_5_e3_11_e5_24.lus,Unsafe,Unsafe,0.632000,0.688000,1.088608,0.056000,loss
compare_single_p_907_with_base_x3,compare_single_p_907_resume,base,base_x3,FMCAD08/Int/simulation/car_4_e3_57_e4_1047.lus,Safe,Safe,0.034000,0.035000,1.029412,0.001000,loss
compare_single_p_907_with_base_x3,compare_single_p_907_resume,base,base_x3,FMCAD08/Int/simulation/car_all_e2_142.lus,Safe,Safe,0.201000,0.218000,1.084577,0.017000,loss
compare_single_p_907_with_base_x3,compare_single_p_907_resume,base,base_x3,FMCAD08/Int/simulation/metros_3_e3_1275.lus,Timeout,Timeout,0.836000,0.918000,,,unsolved_both
compare_single_p_907_with_base_x3,compare_single_p_907_resume,base,base_x3,FMCAD08/Int/simulation/PRODUCER_CONSUMMER_luke_1.lus,Unsafe,Unsafe,0.013000,0.013000,1.000000,0.000000,tie
compare_single_p_907_with_base_x3,compare_single_p_907_resume,base,base_x3,FMCAD08/Int/simulation/car_6_e3_294_e1_956.lus,Unsafe,Unsafe,0.657000,0.695000,1.057839,0.038000,loss
compare_single_p_907_with_base_x3,compare_single_p_907_resume,base,base_x3,FMCAD08/Int/simulation/car_3_e7_626_e1_305.lus,Unsafe,Unsafe,0.026000,0.027000,1.038462,0.001000,loss
compare_single_p_907_with_base_x3,compare_single_p_907_resume,base,base_x3,FMCAD08/Int/simulation/metros_5_e4_1208_e1_337.lus,Timeout,Timeout,,,,,unsolved_both
compare_single_p_907_with_base_x3,compare_single_p_907_resume,base,base_x3,FMCAD08/Int/simulation/car_all_e3_1068.lus,Unsafe,Unsafe,0.013000,0.013000,1.000000,0.000000,tie
compare_single_p_907_with_base_x3,compare_single_p_907_resume,base,base_x3,FMCAD08/Int/memory2/SYNAPSE_5_e2_1525.lus,Timeout,Timeout,,,,,unsolved_both
compare_single_p_907_with_base_x3,compare_single_p_907_resume,base,base_x3,FMCAD08/Int/memory2/MOESI_2_e3_929_e2_2421.lus,Unsafe,Unsafe,0.016000,0.015000,0.937500,-0.001000,win
compare_single_p_907_with_base_x3,compare_single_p_907_resume,base,base_x3,FMCAD08/Int/memory2/SYNAPSE_4_e8_974.lus,Safe,Safe,0.036000,0.039000,1.083333,0.003000,loss
compare_single_p_907_with_base_x3,compare_single_p_907_resume,base,base_x3,FMCAD08/Int/memory2/SYNAPSE_all.lus,Safe,Safe,0.071000,0.078000,1.098592,0.007000,loss
compare_single_p_907_with_base_x3,compare_single_p_907_resume,base,base_x3,FMCAD08/Int/memory2/MOESI_2_e7_2910_e2_611.lus,Unsafe,Unsafe,0.017000,0.014000,0.823529,-0.003000,win
compare_single_p_907_with_base_x3,compare_single_p_907_resume,base,base_x3,FMCAD08/Int/memory2/MOESI_2.lus,Safe,Safe,0.040000,0.039000,0.975000,-0.001000,win
compare_single_p_907_with_base_x3,compare_single_p_907_resume,base,base_x3,FMCAD08/Int/memory2/ILLINOIS_2_e1_834.lus,Unsafe,Unsafe,0.019000,0.017000,0.894737,-0.002000,win
compare_single_p_907_with_base_x3,compare_single_p_907_resume,base,base_x3,FMCAD08/Int/memory2/MESI_3_e1_2517_e8_2163.lus,Safe,Safe,0.698000,0.774000,1.108883,0.076000,loss
compare_single_p_907_with_base_x3,compare_single_p_907_resume,base,base_x3,FMCAD08/Int/memory2/MESI_i4_e8_1381_e1_1837.lus,Unsafe,Unsafe,0.132000,0.144000,1.090909,0.012000,loss
compare_single_p_907_with_base_x3,compare_single_p_907_resume,base,base_x3,FMCAD08/Int/memory2/MESI_1_e2_162_e7_1545.lus,Safe,Safe,0.037000,0.037000,1.000000,0.000000,tie
compare_single_p_907_with_base_x3,compare_single_p_907_resume,base,base_x3,FMCAD08/Int/memory2/MESI_i3_e1_447_e2_1098.lus,Unsafe,Unsafe,0.013000,0.012000,0.923077,-0.001000,win
compare_single_p_907_with_base_x3,compare_single_p_907_resume,base,base_x3,FMCAD08/Int/memory2/SYNAPSE_5_e1_811.lus,Unsafe,Unsafe,0.028000,0.027000,0.964286,-0.001000,win
compare_single_p_907_with_base_x3,compare_single_p_907_resume,base,base_x3,FMCAD08/Int/memory2/SYNAPSE_123_e7_837_e2_1394.lus,Unsafe,Unsafe,0.014000,0.014000,1.000000,0.000000,tie
compare_single_p_907_with_base_x3,compare_single_p_907_resume,base,base_x3,FMCAD08/Int/memory2/SYNAPSE_123_e8_953_e1_1128.lus,Unsafe,Unsafe,0.015000,0.013000,0.866667,-0.002000,win
compare_single_p_907_with_base_x3,compare_single_p_907_resume,base,base_x3,FMCAD08/Int/memory2/ILLINOIS_2_e2_2367_e3_1601.lus,Unsafe,Unsafe,0.018000,0.018000,1.000000,0.000000,tie
compare_single_p_907_with_base_x3,compare_single_p_907_resume,base,base_x3,FMCAD08/Int/memory2/MOESI_1_e2_982_e7_492.lus,Safe,Safe,0.052000,0.054000,1.038462,0.002000,loss
compare_single_p_907_with_base_x3,compare_single_p_907_resume,base,base_x3,FMCAD08/Int/memory2/MOESI_2_e3_929.lus,Safe,Safe,0.038000,0.038000,1.000000,0.000000,tie
compare_single_p_907_with_base_x3,compare_single_p_907_resume,base,base_x3,FMCAD08/Int/memory2/MESI_i4_e8_1381_e4_313.lus,Unsafe,Unsafe,0.134000,0.145000,1.082090,0.011000,loss
compare_single_p_907_with_base_x3,compare_single_p_907_resume,base,base_x3,FMCAD08/Int/memory2/MOESI_2_e1_1753_e1_1510.lus,Unsafe,Unsafe,0.015000,0.015000,1.000000,0.000000,tie
compare_single_p_907_with_base_x3,compare_single_p_907_resume,base,base_x3,FMCAD08/Int/memory2/MESI_i1_e3_2145.lus,Unsafe,Unsafe,0.015000,0.013000,0.866667,-0.002000,win
compare_single_p_907_with_base_x3,compare_single_p_907_resume,base,base_x3,FMCAD08/Int/memory2/MESI_all_e4_1147_e7_497.lus,Safe,Safe,0.062000,0.069000,1.112903,0.007000,loss
compare_single_p_907_with_base_x3,compare_single_p_907_resume,base,base_x3,FMCAD08/Int/memory2/MOESI_2_e7_2607.lus,Unsafe,Unsafe,0.015000,0.015000,1.000000,0.000000,tie
compare_single_p_907_with_base_x3,compare_single_p_907_resume,base,base_x3,FMCAD08/Int/memory2/SYNAPSE_2_e8_1118_e2_237.lus,Unsafe,Unsafe,0.013000,0.013000,1.000000,0.000000,tie
compare_single_p_907_with_base_x3,compare_single_p_907_resume,base,base_x3,FMCAD08/Int/memory2/MESI_i1_e3_2145_e5_2391.lus,Unsafe,Unsafe,0.014000,0.014000,1.000000,0.000000,tie
compare_single_p_907_with_base_x3,compare_single_p_907_resume,base,base_x3,FMCAD08/Int/memory2/MOESI_2_e3_929_e6_2707.lus,Safe,Safe,0.037000,0.039000,1.054054,0.002000,loss
compare_single_p_907_with_base_x3,compare_single_p_907_resume,base,base_x3,FMCAD08/Int/memory2/SYNAPSE_4.lus,Safe,Safe,0.036000,0.036000,1.000000,0.000000,tie
compare_single_p_907_with_base_x3,compare_single_p_907_resume,base,base_x3,FMCAD08/Int/memory2/MESI_3_e2_819_e7_1665.lus,Unsafe,Unsafe,0.020000,0.019000,0.950000,-0.001000,win
compare_single_p_907_with_base_x3,compare_single_p_907_resume,base,base_x3,FMCAD08/Int/memory2/SYNAPSE_3_e8_1329_e3_421.lus,Unsafe,Unsafe,0.040000,0.041000,1.025000,0.001000,loss
compare_single_p_907_with_base_x3,compare_single_p_907_resume,base,base_x3,FMCAD08/Int/memory2/SYNAPSE_123_e7_856.lus,Safe,Safe,0.056000,0.058000,1.035714,0.002000,loss
compare_single_p_907_with_base_x3,compare_single_p_907_resume,base,base_x3,FMCAD08/Int/memory2/ILLINOIS_2_e1_834_e2_3395.lus,Safe,Safe,0.048000,0.051000,1.062500,0.003000,loss
compare_single_p_907_with_base_x3,compare_single_p_907_resume,base,base_x3,FMCAD08/Int/memory2/MESI_i1_e3_2145_e2_2228.lus,Unsafe,Unsafe,0.014000,0.013000,0.928571,-0.001000,win
compare_single_p_907_with_base_x3,compare_single_p_907_resume,base,base_x3,FMCAD08/Int/memory2/ILLINOIS_4.lus,Safe,Safe,0.047000,0.050000,1.063830,0.003000,loss
compare_single_p_907_with_base_x3,compare_single_p_907_resume,base,base_x3,FMCAD08/Int/memory2/MESI_i1_e3_2145_e3_977.lus,Unsafe,Unsafe,0.014000,0.013000,0.928571,-0.001000,win
compare_single_p_907_with_base_x3,compare_single_p_907_resume,base,base_x3,FMCAD08/Int/memory2/ILLINOIS_3_e3_2581.lus,Unsafe,Unsafe,0.019000,0.019000,1.000000,0.000000,tie
compare_single_p_907_with_base_x3,compare_single_p_907_resume,base,base_x3,FMCAD08/Int/memory2/MESI_4_e7_1140_e7_433.lus,Safe,Safe,0.099000,0.111000,1.121212,0.012000,loss
compare_single_p_907_with_base_x3,compare_single_p_907_resume,base,base_x3,FMCAD08/Int/memory2/MESI_all.lus,Safe,Safe,0.123000,0.130000,1.056911,0.007000,loss
compare_single_p_907_with_base_x3,compare_single_p_907_resume,base,base_x3,FMCAD08/Int/memory2/SYNAPSE_2_e8_1118_e1_667.lus,Unsafe,Unsafe,0.013000,0.013000,1.000000,0.000000,tie
compare_single_p_907_with_base_x3,compare_single_p_907_resume,base,base_x3,FMCAD08/Int/memory2/MOESI_2_e7_2910_e1_1021.lus,Unsafe,Unsafe,0.015000,0.026000,1.733333,0.011000,loss
compare_single_p_907_with_base_x3,compare_single_p_907_resume,base,base_x3,FMCAD08/Int/memory2/SYNAPSE_123_e3_302_e1_1141.lus,Unsafe,Unsafe,0.030000,0.032000,1.066667,0.002000,loss
compare_single_p_907_with_base_x3,compare_single_p_907_resume,base,base_x3,FMCAD08/Int/memory2/SYNAPSE_all_e7_907.lus,Safe,Safe,0.065000,0.071000,1.092308,0.006000,loss
compare_single_p_907_with_base_x3,compare_single_p_907_resume,base,base_x3,FMCAD08/Int/memory2/SYNAPSE_123_e8_953_e3_271.lus,Unsafe,Unsafe,0.073000,0.072000,0.986301,-0.001000,win
compare_single_p_907_with_base_x3,compare_single_p_907_resume,base,base_x3,FMCAD08/Int/memory2/SYNAPSE_2_e8_656.lus,Safe,Safe,0.033000,0.033000,1.000000,0.000000,tie
compare_single_p_907_with_base_x3,compare_single_p_907_resume,base,base_x3,FMCAD08/Int/memory2/SYNAPSE_3_e1_1416_e2_753.lus,Unsafe,Unsafe,0.014000,0.014000,1.000000,0.000000,tie
compare_single_p_907_with_base_x3,compare_single_p_907_resume,base,base_x3,FMCAD08/Int/memory2/SYNAPSE_3_e7_425.lus,Safe,Safe,0.035000,0.034000,0.971429,-0.001000,win
compare_single_p_907_with_base_x3,compare_single_p_907_resume,base,base_x3,FMCAD08/Int/memory2/ILLINOIS_2.lus,Safe,Safe,0.047000,0.050000,1.063830,0.003000,loss
compare_single_p_907_with_base_x3,compare_single_p_907_resume,base,base_x3,FMCAD08/Int/memory2/ILLINOIS_5_e7_692_e7_2865.lus,Safe,Safe,0.050000,0.056000,1.120000,0.006000,loss
compare_single_p_907_with_base_x3,compare_single_p_907_resume,base,base_x3,FMCAD08/Int/memory2/MOESI_2_e3_929_e3_2294.lus,Unsafe,Unsafe,0.043000,0.045000,1.046512,0.002000,loss
compare_single_p_907_with_base_x3,compare_single_p_907_resume,base,base_x3,FMCAD08/Int/memory2/MOESI_2_e3_929_e4_578.lus,Safe,Safe,0.038000,0.038000,1.000000,0.000000,tie
compare_single_p_907_with_base_x3,compare_single_p_907_resume,base,base_x3,FMCAD08/Int/memory2/SYNAPSE_2.lus,Safe,Safe,0.032000,0.035000,1.093750,0.003000,loss
compare_single_p_907_with_base_x3,compare_single_p_907_resume,base,base_x3,FMCAD08/Int/memory2/MESI_i2.lus,Unsafe,Unsafe,0.027000,0.028000,1.037037,0.001000,loss
compare_single_p_907_with_base_x3,compare_single_p_907_resume,base,base_x3,FMCAD08/Int/memory2/MESI_i1_e4_1986_e1_1519.lus,Unsafe,Unsafe,0.041000,0.042000,1.024390,0.001000,loss
compare_single_p_907_with_base_x3,compare_single_p_907_resume,base,base_x3,FMCAD08/Int/memory2/ILLINOIS_2_e2_2367_e7_2728.lus,Unsafe,Unsafe,0.019000,0.021000,1.105263,0.002000,loss
compare_single_p_907_with_base_x3,compare_single_p_907_resume,base,base_x3,FMCAD08/Int/memory2/MOESI_2_e8_926_e8_2138.lus,Safe,Safe,0.038000,0.038000,1.000000,0.000000,tie
compare_single_p_907_with_base_x3,compare_single_p_907_resume,base,base_x3,FMCAD08/Int/memory2/SYNAPSE_5_e1_811_e1_823.lus,Unsafe,Unsafe,0.026000,0.031000,1.192308,0.005000,loss
compare_single_p_907_with_base_x3,compare_single_p_907_resume,base,base_x3,FMCAD08/Int/memory2/ILLINOIS_r4a.lus,Safe,Safe,0.777000,0.826000,1.063063,0.049000,loss
compare_single_p_907_with_base_x3,compare_single_p_907_resume,base,base_x3,FMCAD08/Int/memory2/ILLINOIS_4_e7_2651_e7_2847.lus,Safe,Safe,0.059000,0.060000,1.016949,0.001000,loss
compare_single_p_907_with_base_x3,compare_single_p_907_resume,base,base_x3,FMCAD08/Int/memory2/ILLINOIS_2_e1_834_e7_3738.lus,Unsafe,Unsafe,0.018000,0.019000,1.055556,0.001000,loss
compare_single_p_907_with_base_x3,compare_single_p_907_resume,base,base_x3,FMCAD08/Int/memory2/SYNAPSE_2_e8_1118_e8_1177.lus,Safe,Safe,0.030000,0.031000,1.033333,0.001000,loss
compare_single_p_907_with_base_x3,compare_single_p_907_resume,base,base_x3,FMCAD08/Int/memory2/MESI_i1_e3_2145_e8_2325.lus,Unsafe,Unsafe,0.014000,0.014000,1.000000,0.000000,tie
compare_single_p_907_with_base_x3,compare_single_p_907_resume,base,base_x3,FMCAD08/Int/memory2/ILLINOIS_5.lus,Safe,Safe,0.046000,0.056000,1.217391,0.010000,loss
compare_single_p_907_with_base_x3,compare_single_p_907_resume,base,base_x3,FMCAD08/Int/memory2/ILLINOIS_2_e1_834_e3_2931.lus,Unsafe,Unsafe,0.018000,0.019000,1.055556,0.001000,loss
compare_single_p_907_with_base_x3,compare_single_p_907_resume,base,base_x3,FMCAD08/Int/memory2/ILLINOIS_3_e3_2581_e2_2545.lus,Unsafe,Unsafe,0.017000,0.016000,0.941176,-0.001000,win
compare_single_p_907_with_base_x3,compare_single_p_907_resume,base,base_x3,FMCAD08/Int/memory2/SYNAPSE_6_e2_1439_e1_954.lus,Safe,Safe,0.120000,0.120000,1.000000,0.000000,tie
compare_single_p_907_with_base_x3,compare_single_p_907_resume,base,base_x3,FMCAD08/Int/memory2/SYNAPSE_all_e8_251_e3_1472.lus,Unsafe,Unsafe,0.082000,0.054000,0.658537,-0.028000,win
compare_single_p_907_with_base_x3,compare_single_p_907_resume,base,base_x3,FMCAD08/Int/memory2/MOESI_2_e8_926_e7_961.lus,Unsafe,Unsafe,0.015000,0.015000,1.000000,0.000000,tie
compare_single_p_907_with_base_x3,compare_single_p_907_resume,base,base_x3,FMCAD08/Int/memory2/MOESI_2_e3_929_e8_1167.lus,Safe,Safe,0.037000,0.040000,1.081081,0.003000,loss
compare_single_p_907_with_base_x3,compare_single_p_907_resume,base,base_x3,FMCAD08/Int/memory2/MESI_3_e2_819_e5_2554.lus,Unsafe,Unsafe,0.032000,0.018000,0.562500,-0.014000,win
compare_single_p_907_with_base_x3,compare_single_p_907_resume,base,base_x3,FMCAD08/Int/memory2/SYNAPSE_2_e1_1239.lus,Unsafe,Unsafe,0.013000,0.013000,1.000000,0.000000,tie
compare_single_p_907_with_base_x3,compare_single_p_907_resume,base,base_x3,FMCAD08/Int/memory2/MOESI_2_e3_929_e5_1826.lus,Safe,Safe,0.038000,0.038000,1.000000,0.000000,tie
compare_single_p_907_with_base_x3,compare_single_p_907_resume,base,base_x3,FMCAD08/Int/memory2/SYNAPSE_i1.lus,Unsafe,Unsafe,0.013000,0.013000,1.000000,0.000000,tie
compare_single_p_907_with_base_x3,compare_single_p_907_resume,base,base_x3,FMCAD08/Int/memory2/SYNAPSE_3_e1_1416.lus,Unsafe,Unsafe,0.014000,0.013000,0.928571,-0.001000,win
compare_single_p_907_with_base_x3,compare_single_p_907_resume,base,base_x3,FMCAD08/Int/memory2/MESI_i1_e2_2656.lus,Unsafe,Unsafe,0.014000,0.013000,0.928571,-0.001000,win
compare_single_p_907_with_base_x3,compare_single_p_907_resume,base,base_x3,FMCAD08/Int/memory2/MESI_i1_e3_2145_e4_1717.lus,Unsafe,Unsafe,0.013000,0.013000,1.000000,0.000000,tie
compare_single_p_907_with_base_x3,compare_single_p_907_resume,base,base_x3,FMCAD08/Int/memory2/MESI_3_e3_2669.lus,Safe,Safe,0.507000,0.553000,1.090730,0.046000,loss
compare_single_p_907_with_base_x3,compare_single_p_907_resume,base,base_x3,FMCAD08/Int/memory2/ILLINOIS_3_e3_2581_e4_958.lus,Unsafe,Unsafe,0.017000,0.016000,0.941176,-0.001000,win
compare_single_p_907_with_base_x3,compare_single_p_907_resume,base,base_x3,FMCAD08/Int/memory2/MOESI_2_e3_929_e7_619.lus,Unsafe,Unsafe,0.015000,0.015000,1.000000,0.000000,tie
compare_single_p_907_with_base_x3,compare_single_p_907_resume,base,base_x3,FMCAD08/Int/memory2/MESI_i1_e3_2145_e7_1847.lus,Unsafe,Unsafe,0.016000,0.013000,0.812500,-0.003000,win
compare_single_p_907_with_base_x3,compare_single_p_907_resume,base,base_x3,FMCAD08/Int/memory2/SYNAPSE_123_e8_953_e8_941.lus,Safe,Safe,0.060000,0.066000,1.100000,0.006000,loss
compare_single_p_907_with_base_x3,compare_single_p_907_resume,base,base_x3,FMCAD08/Int/memory2/SYNAPSE_5_e1_811_e2_1026.lus,Unsafe,Unsafe,0.028000,0.027000,0.964286,-0.001000,win
compare_single_p_907_with_base_x3,compare_single_p_907_resume,base,base_x3,FMCAD08/Int/memory2/ILLINOIS_2_e2_876.lus,Unsafe,Unsafe,0.018000,0.018000,1.000000,0.000000,tie
compare_single_p_907_with_base_x3,compare_single_p_907_resume,base,base_x3,FMCAD08/Int/memory2/ILLINOIS_2_e1_834_e1_1895.lus,Unsafe,Unsafe,0.018000,0.018000,1.000000,0.000000,tie
compare_single_p_907_with_base_x3,compare_single_p_907_resume,base,base_x3,FMCAD08/Int/memory2/MESI_i3_e1_447.lus,Unsafe,Unsafe,0.069000,0.077000,1.115942,0.008000,loss
compare_single_p_907_with_base_x3,compare_single_p_907_resume,base,base_x3,FMCAD08/Int/memory2/MESI_3_e2_819_e1_1145.lus,Safe,Safe,0.576000,0.613000,1.064236,0.037000,loss
compare_single_p_907_with_base_x3,compare_single_p_907_resume,base,base_x3,FMCAD08/Int/memory2/MESI_3.lus,Safe,Safe,0.591000,0.615000,1.040609,0.024000,loss
compare_single_p_907_with_base_x3,compare_single_p_907_resume,base,base_x3,FMCAD08/Int/memory2/MESI_i1_e3_2145_e1_2667.lus,Unsafe,Unsafe,0.014000,0.014000,1.000000,0.000000,tie
compare_single_p_907_with_base_x3,compare_single_p_907_resume,base,base_x3,FMCAD08/Int/memory2/ILLINOIS_a1.lus,Safe,Safe,0.560000,0.592000,1.057143,0.032000,loss
compare_single_p_907_with_base_x3,compare_single_p_907_resume,base,base_x3,FMCAD08/Int/memory2/MOESI_2_e8_926_e1_1065.lus,Safe,Safe,0.038000,0.046000,1.210526,0.008000,loss
compare_single_p_907_with_base_x3,compare_single_p_907_resume,base,base_x3,FMCAD08/Int/memory2/MESI_i4_e6_2175.lus,Safe,Safe,0.673000,0.712000,1.057949,0.039000,loss
compare_single_p_907_with_base_x3,compare_single_p_907_resume,base,base_x3,FMCAD08/Int/memory2/SYNAPSE_3_e1_1416_e7_193.lus,Unsafe,Unsafe,0.014000,0.014000,1.000000,0.000000,tie
compare_single_p_907_with_base_x3,compare_single_p_907_resume,base,base_x3,FMCAD08/Int/memory2/SYNAPSE_all_e8_251.lus,Safe,Safe,0.107000,0.080000,0.747664,-0.027000,win
compare_single_p_907_with_base_x3,compare_single_p_907_resume,base,base_x3,FMCAD08/Int/memory2/MOESI_2_e1_1753.lus,Safe,Safe,0.038000,0.038000,1.000000,0.000000,tie
compare_single_p_907_with_base_x3,compare_single_p_907_resume,base,base_x3,FMCAD08/Int/memory2/MESI_3_e2_819_e6_1459.lus,Safe,Safe,0.817000,0.815000,0.997552,-0.002000,win
compare_single_p_907_with_base_x3,compare_single_p_907_resume,base,base_x3,FMCAD08/Int/memory2/MOESI_2_e8_101.lus,Safe,Safe,0.039000,0.037000,0.948718,-0.002000,win
compare_single_p_907_with_base_x3,compare_single_p_907_resume,base,base_x3,FMCAD08/Int/memory2/MOESI_2_e7_2910_e7_1804.lus,Unsafe,Unsafe,0.016000,0.016000,1.000000,0.000000,tie
compare_single_p_907_with_base_x3,compare_single_p_907_resume,base,base_x3,FMCAD08/Int/memory2/SYNAPSE_5.lus,Timeout,Timeout,,,,,unsolved_both
compare_single_p_907_with_base_x3,compare_single_p_907_resume,base,base_x3,FMCAD08/Int/memory2/MOESI_2_e1_1753_e3_2021.lus,Unsafe,Unsafe,0.044000,0.046000,1.045455,0.002000,loss
compare_single_p_907_with_base_x3,compare_single_p_907_resume,base,base_x3,FMCAD08/Int/memory2/SYNAPSE_all_e3_1864_e7_251.lus,Unsafe,Unsafe,0.044000,0.045000,1.022727,0.001000,loss
compare_single_p_907_with_base_x3,compare_single_p_907_resume,base,base_x3,FMCAD08/Int/memory2/SYNAPSE_6_e8_1147_e2_1326.lus,Safe,Safe,0.063000,0.068000,1.079365,0.005000,loss
compare_single_p_907_with_base_x3,compare_single_p_907_resume,base,base_x3,FMCAD08/Int/memory2/ILLINOIS_3_e3_2581_e1_1130.lus,Unsafe,Unsafe,0.016000,0.016000,1.000000,0.000000,tie
compare_single_p_907_with_base_x3,compare_single_p_907_resume,base,base_x3,FMCAD08/Int/memory2/SYNAPSE_6_e3_1666_e5_1558.lus,Safe,Safe,0.107000,0.116000,1.084112,0.009000,loss
compare_single_p_907_with_base_x3,compare_single_p_907_resume,base,base_x3,FMCAD08/Int/memory2/ILLINOIS_2_e2_2367_e2_1561.lus,Unsafe,Unsafe,0.018000,0.018000,1.000000,0.000000,tie
compare_single_p_907_with_base_x3,compare_single_p_907_resume,base,base_x3,FMCAD08/Int/memory2/MOESI_all.lus,Safe,Safe,0.068000,0.072000,1.058824,0.004000,loss
compare_single_p_907_with_base_x3,compare_single_p_907_resume,base,base_x3,FMCAD08/Int/memory2/SYNAPSE_all_e8_251_e1_1852.lus,Unsafe,Unsafe,0.014000,0.014000,1.000000,0.000000,tie
compare_single_p_907_with_base_x3,compare_single_p_907_resume,base,base_x3,FMCAD08/Int/memory2/ILLINOIS_3_e3_2581_e3_979.lus,Unsafe,Unsafe,0.019000,0.019000,1.000000,0.000000,tie
compare_single_p_907_with_base_x3,compare_single_p_907_resume,base,base_x3,FMCAD08/Int/memory2/SYNAPSE_3_e1_1416_e3_1191.lus,Unsafe,Unsafe,0.014000,0.014000,1.000000,0.000000,tie
compare_single_p_907_with_base_x3,compare_single_p_907_resume,base,base_x3,FMCAD08/Int/memory2/SYNAPSE_all_e3_1750.lus,Unsafe,Unsafe,0.060000,0.064000,1.066667,0.004000,loss
compare_single_p_907_with_base_x3,compare_single_p_907_resume,base,base_x3,FMCAD08/Int/memory2/SYNAPSE_3_e8_1329_e8_320.lus,Safe,Safe,0.034000,0.036000,1.058824,0.002000,loss
compare_single_p_907_with_base_x3,compare_single_p_907_resume,base,base_x3,FMCAD08/Int/memory2/MOESI_all_e3_2032_e3_2788.lus,Unsafe,Unsafe,0.033000,0.035000,1.060606,0.002000,loss
compare_single_p_907_with_base_x3,compare_single_p_907_resume,base,base_x3,FMCAD08/Int/memory2/ILLINOIS_all.lus,Safe,Safe,0.120000,0.128000,1.066667,0.008000,loss
compare_single_p_907_with_base_x3,compare_single_p_907_resume,base,base_x3,FMCAD08/Int/memory2/MESI_i1_e2_1758_e8_12.lus,Unsafe,Unsafe,0.014000,0.014000,1.000000,0.000000,tie
compare_single_p_907_with_base_x3,compare_single_p_907_resume,base,base_x3,FMCAD08/Int/memory2/MESI_i4_e4_1689.lus,Unsafe,Unsafe,0.102000,0.114000,1.117647,0.012000,loss
compare_single_p_907_with_base_x3,compare_single_p_907_resume,base,base_x3,FMCAD08/Int/memory2/SYNAPSE_123_e8_953_e7_1465.lus,Safe,Safe,0.057000,0.062000,1.087719,0.005000,loss
compare_single_p_907_with_base_x3,compare_single_p_907_resume,base,base_x3,FMCAD08/Int/memory2/MESI_4.lus,Safe,Safe,0.088000,0.098000,1.113636,0.010000,loss
compare_single_p_907_with_base_x3,compare_single_p_907_resume,base,base_x3,FMCAD08/Int/memory2/SYNAPSE_2_e1_1239_e1_1331.lus,Unsafe,Unsafe,0.013000,0.013000,1.000000,0.000000,tie
compare_single_p_907_with_base_x3,compare_single_p_907_resume,base,base_x3,FMCAD08/Int/memory2/MOESI_2_e1_1753_e2_615.lus,Unsafe,Unsafe,0.015000,0.015000,1.000000,0.000000,tie
compare_single_p_907_with_base_x3,compare_single_p_907_resume,base,base_x3,FMCAD08/Int/memory2/MESI_2.lus,Safe,Safe,0.034000,0.035000,1.029412,0.001000,loss
compare_single_p_907_with_base_x3,compare_single_p_907_resume,base,base_x3,FMCAD08/Int/memory2/SYNAPSE_3_e8_1329_e1_1270.lus,Unsafe,Unsafe,0.014000,0.014000,1.000000,0.000000,tie
compare_single_p_907_with_base_x3,compare_single_p_907_resume,base,base_x3,FMCAD08/Int/memory2/MOESI_2_e2_1599_e3_1658.lus,Unsafe,Unsafe,0.043000,0.045000,1.046512,0.002000,loss
compare_single_p_907_with_base_x3,compare_single_p_907_resume,base,base_x3,FMCAD08/Int/memory2/SYNAPSE_123_e7_837_e3_135.lus,Unsafe,Unsafe,0.049000,0.038000,0.775510,-0.011000,win
compare_single_p_907_with_base_x3,compare_single_p_907_resume,base,base_x3,FMCAD08/Int/memory2/SYNAPSE_3_e7_1444_e7_638.lus,Safe,Safe,0.031000,0.034000,1.096774,0.003000,loss
compare_single_p_907_with_base_x3,compare_single_p_907_resume,base,base_x3,FMCAD08/Int/memory2/SYNAPSE_123_e3_302.lus,Unsafe,Unsafe,0.060000,0.065000,1.083333,0.005000,loss
compare_single_p_907_with_base_x3,compare_single_p_907_resume,base,base_x3,FMCAD08/Int/memory2/SYNAPSE_6.lus,Safe,Safe,0.058000,0.064000,1.103448,0.006000,loss
compare_single_p_907_with_base_x3,compare_single_p_907_resume,base,base_x3,FMCAD08/Int/memory2/ILLINOIS_3_e3_2581_e5_4006.lus,Unsafe,Unsafe,0.017000,0.016000,0.941176,-0.001000,win
compare_single_p_907_with_base_x3,compare_single_p_907_resume,base,base_x3,FMCAD08/Int/memory2/ILLINOIS_2_e2_2367_e1_3182.lus,Safe,Safe,0.047000,0.051000,1.085106,0.004000,loss
compare_single_p_907_with_base_x3,compare_single_p_907_resume,base,base_x3,FMCAD08/Int/memory2/MESI_i3_e1_447_e5_2444.lus,Unsafe,Unsafe,0.013000,0.013000,1.000000,0.000000,tie
compare_single_p_907_with_base_x3,compare_single_p_907_resume,base,base_x3,FMCAD08/Int/memory2/MOESI_2_e2_155.lus,Safe,Safe,0.039000,0.040000,1.025641,0.001000,loss
compare_single_p_907_with_base_x3,compare_single_p_907_resume,base,base_x3,FMCAD08/Int/memory2/SYNAPSE_4_e8_420_e7_572.lus,Safe,Safe,0.033000,0.034000,1.030303,0.001000,loss
compare_single_p_907_with_base_x3,compare_single_p_907_resume,base,base_x3,FMCAD08/Int/memory2/ILLINOIS_1.lus,Safe,Safe,0.050000,0.053000,1.060000,0.003000,loss
compare_single_p_907_with_base_x3,compare_single_p_907_resume,base,base_x3,FMCAD08/Int/memory2/MESI_1.lus,Safe,Safe,0.049000,0.051000,1.040816,0.002000,loss
compare_single_p_907_with_base_x3,compare_single_p_907_resume,base,base_x3,FMCAD08/Int/memory2/SYNAPSE_2_e8_1118_e7_1043.lus,Safe,Safe,0.045000,0.030000,0.666667,-0.015000,win
compare_single_p_907_with_base_x3,compare_single_p_907_resume,base,base_x3,FMCAD08/Int/memory2/MESI_i4.lus,Unsafe,Unsafe,0.097000,0.114000,1.175258,0.017000,loss
compare_single_p_907_with_base_x3,compare_single_p_907_resume,base,base_x3,FMCAD08/Int/memory2/MOESI_1.lus,Safe,Safe,0.038000,0.051000,1.342105,0.013000,loss
compare_single_p_907_with_base_x3,compare_single_p_907_resume,base,base_x3,FMCAD08/Int/memory2/MESI_3_e2_819_e3_2698.lus,Unsafe,Unsafe,0.027000,0.018000,0.666667,-0.009000,win
compare_single_p_907_with_base_x3,compare_single_p_907_resume,base,base_x3,FMCAD08/Int/memory2/SYNAPSE_3_e8_1708.lus,Safe,Safe,0.036000,0.036000,1.000000,0.000000,tie
compare_single_p_907_with_base_x3,compare_single_p_907_resume,base,base_x3,FMCAD08/Int/memory2/SYNAPSE_all_e8_251_e2_1053.lus,Unsafe,Unsafe,0.014000,0.014000,1.000000,0.000000,tie
compare_single_p_907_with_base_x3,compare_single_p_907_resume,base,base_x3,FMCAD08/Int/memory2/SYNAPSE_3_e8_1329_e7_1062.lus,Safe,Safe,0.031000,0.032000,1.032258,0.001000,loss
compare_single_p_907_with_base_x3,compare_single_p_907_resume,base,base_x3,FMCAD08/Int/memory2/SYNAPSE_2_e1_1239_e2_74.lus,Unsafe,Unsafe,0.014000,0.013000,0.928571,-0.001000,win
compare_single_p_907_with_base_x3,compare_single_p_907_resume,base,base_x3,FMCAD08/Int/memory2/SYNAPSE_123_e8_953_e2_458.lus,Unsafe,Unsafe,0.013000,0.013000,1.000000,0.000000,tie
compare_single_p_907_with_base_x3,compare_single_p_907_resume,base,base_x3,FMCAD08/Int/memory2/SYNAPSE_123.lus,Safe,Safe,0.062000,0.074000,1.193548,0.012000,loss
compare_single_p_907_with_base_x3,compare_single_p_907_resume,base,base_x3,FMCAD08/Int/memory2/SYNAPSE_4_e8_420_e8_1525.lus,Safe,Safe,0.050000,0.036000,0.720000,-0.014000,win
compare_single_p_907_with_base_x3,compare_single_p_907_resume,base,base_x3,FMCAD08/Int/memory2/SYNAPSE_2_e3_216.lus,Unsafe,Unsafe,0.034000,0.028000,0.823529,-0.006000,win
compare_single_p_907_with_base_x3,compare_single_p_907_resume,base,base_x3,FMCAD08/Int/memory2/MESI_3_e2_819_e8_1896.lus,Unsafe,Unsafe,0.023000,0.018000,0.782609,-0.005000,win
compare_single_p_907_with_base_x3,compare_single_p_907_resume,base,base_x3,FMCAD08/Int/memory2/SYNAPSE_3_e3_1041.lus,Unsafe,Unsafe,0.038000,0.039000,1.026316,0.001000,loss
compare_single_p_907_with_base_x3,compare_single_p_907_resume,base,base_x3,FMCAD08/Int/memory2/SYNAPSE_3_e8_1329_e2_236.lus,Unsafe,Unsafe,0.014000,0.014000,1.000000,0.000000,tie
compare_single_p_907_with_base_x3,compare_single_p_907_resume,base,base_x3,FMCAD08/Int/memory2/MOESI_2_e2_1599_e8_1334.lus,Safe,Safe,0.037000,0.038000,1.027027,0.001000,loss
compare_single_p_907_with_base_x3,compare_single_p_907_resume,base,base_x3,FMCAD08/Int/memory2/MESI_i1.lus,Unsafe,Unsafe,0.014000,0.014000,1.000000,0.000000,tie
compare_single_p_907_with_base_x3,compare_single_p_907_resume,base,base_x3,FMCAD08/Int/memory2/ILLINOIS_3_e3_2581_e7_3447.lus,Unsafe,Unsafe,0.020000,0.020000,1.000000,0.000000,tie
compare_single_p_907_with_base_x3,compare_single_p_907_resume,base,base_x3,FMCAD08/Int/memory2/MESI_i3_e1_447_e3_1180.lus,Safe,Safe,0.047000,0.053000,1.127660,0.006000,loss
compare_single_p_907_with_base_x3,compare_single_p_907_resume,base,base_x3,FMCAD08/Int/memory2/MESI_i3_e1_447_e1_1292.lus,Safe,Safe,0.154000,0.167000,1.084416,0.013000,loss
compare_single_p_907_with_base_x3,compare_single_p_907_resume,base,base_x3,FMCAD08/Int/memory2/MESI_i3.lus,Unsafe,Unsafe,0.035000,0.013000,0.371429,-0.022000,win
compare_single_p_907_with_base_x3,compare_single_p_907_resume,base,base_x3,FMCAD08/Int/memory2/SYNAPSE_3_e1_1416_e1_1675.lus,Unsafe,Unsafe,0.014000,0.014000,1.000000,0.000000,tie
compare_single_p_907_with_base_x3,compare_single_p_907_resume,base,base_x3,FMCAD08/Int/memory2/SYNAPSE_3.lus,Safe,Safe,0.036000,0.036000,1.000000,0.000000,tie
compare_single_p_907_with_base_x3,compare_single_p_907_resume,base,base_x3,FMCAD08/Int/memory2/MESI_i4_e7_1017_e6_1132.lus,Safe,Safe,1.007000,1.086000,1.078451,0.079000,loss
compare_single_p_907_with_base_x3,compare_single_p_907_resume,base,base_x3,FMCAD08/Int/memory2/SYNAPSE_123_e7_837_e7_1262.lus,Safe,Safe,0.057000,0.059000,1.035088,0.002000,loss
compare_single_p_907_with_base_x3,compare_single_p_907_resume,base,base_x3,FMCAD08/Int/memory2/SYNAPSE_123_e8_953.lus,Safe,Safe,0.061000,0.063000,1.032787,0.002000,loss
compare_single_p_907_with_base_x3,compare_single_p_907_resume,base,base_x3,FMCAD08/Int/memory2/SYNAPSE_6_e7_938_e2_1012.lus,Safe,Safe,0.053000,0.056000,1.056604,0.003000,loss
compare_single_p_907_with_base_x3,compare_single_p_907_resume,base,base_x3,FMCAD08/Int/memory2/SYNAPSE_all_e3_1864_e3_495.lus,Unsafe,Unsafe,0.082000,0.090000,1.097561,0.008000,loss
compare_single_p_907_with_base_x3,compare_single_p_907_resume,base,base_x3,FMCAD08/Int/memory2/MESI_i3_e1_447_e7_2194.lus,Unsafe,Unsafe,0.210000,0.233000,1.109524,0.023000,loss
compare_single_p_907_with_base_x3,compare_single_p_907_resume,base,base_x3,FMCAD08/Int/memory2/MESI_i1_e4_1986.lus,Unsafe,Unsafe,0.013000,0.013000,1.000000,0.000000,tie
compare_single_p_907_with_base_x3,compare_single_p_907_resume,base,base_x3,FMCAD08/Int/memory2/SYNAPSE_2_e8_1118_e3_1216.lus,Unsafe,Unsafe,0.034000,0.037000,1.088235,0.003000,loss
compare_single_p_907_with_base_x3,compare_single_p_907_resume,base,base_x3,FMCAD08/Int/memory2/MOESI_1_e3_1884_e7_1875.lus,Safe,Safe,0.055000,0.056000,1.018182,0.001000,loss
compare_single_p_907_with_base_x3,compare_single_p_907_resume,base,base_x3,FMCAD08/Int/memory2/SYNAPSE_1.lus,Safe,Safe,0.033000,0.033000,1.000000,0.000000,tie
compare_single_p_907_with_base_x3,compare_single_p_907_resume,base,base_x3,FMCAD08/Int/memory2/MESI_3_e2_819.lus,Unsafe,Unsafe,0.019000,0.019000,1.000000,0.000000,tie
compare_single_p_907_with_base_x3,compare_single_p_907_resume,base,base_x3,FMCAD08/Int/memory2/MOESI_2_e2_1599_e2_1815.lus,Unsafe,Unsafe,0.015000,0.015000,1.000000,0.000000,tie
compare_single_p_907_with_base_x3,compare_single_p_907_resume,base,base_x3,FMCAD08/Int/memory2/MESI_i3_e1_447_e6_2281.lus,Safe,Safe,0.168000,0.178000,1.059524,0.010000,loss
compare_single_p_907_with_base_x3,compare_single_p_907_resume,base,base_x3,FMCAD08/Int/memory2/MESI_3_e2_819_e4_1595.lus,Safe,Safe,0.567000,0.612000,1.079365,0.045000,loss
compare_single_p_907_with_base_x3,compare_single_p_907_resume,base,base_x3,FMCAD08/Int/memory2/SYNAPSE_all_e7_907_e7_1363.lus,Safe,Safe,0.060000,0.062000,1.033333,0.002000,loss
compare_single_p_907_with_base_x3,compare_single_p_907_resume,base,base_x3,FMCAD08/Int/memory2/MOESI_2_e2_1599_e1_2383.lus,Unsafe,Unsafe,0.015000,0.015000,1.000000,0.000000,tie
compare_single_p_907_with_base_x3,compare_single_p_907_resume,base,base_x3,FMCAD08/Int/memory2/SYNAPSE_all_e3_1864_e5_1637.lus,Unsafe,Unsafe,0.014000,0.014000,1.000000,0.000000,tie
compare_single_p_907_with_base_x3,compare_single_p_907_resume,base,base_x3,FMCAD08/Int/memory2/SYNAPSE_123_e2_1653.lus,Unsafe,Unsafe,0.022000,0.014000,0.636364,-0.008000,win
compare_single_p_907_with_base_x3,compare_single_p_907_resume,base,base_x3,FMCAD08/Int/memory2/ILLINOIS_3.lus,Safe,Safe,0.059000,0.062000,1.050847,0.003000,loss
compare_single_p_907_with_base_x3,compare_single_p_907_resume,base,base_x3,FMCAD08/Int/memory2/MOESI_2_e3_929_e1_2319.lus,Unsafe,Unsafe,0.014000,0.014000,1.000000,0.000000,tie
compare_single_p_907_with_base_x3,compare_single_p_907_resume,base,base_x3,FMCAD08/Int/memory2/MESI_3_e2_819_e2_562.lus,Unsafe,Unsafe,0.041000,0.018000,0.439024,-0.023000,win
compare_single_p_907_with_base_x3,compare_single_p_907_resume,base,base_x3,FMCAD08/Int/memory2/SYNAPSE_all_e3_1864_e4_34.lus,Unsafe,Unsafe,0.014000,0.014000,1.000000,0.000000,tie
compare_single_p_907_with_base_x3,compare_single_p_907_resume,base,base_x3,FMCAD08/Int/large/microwave37.lus,Unsafe,Unsafe,8.550000,9.743000,1.139532,1.193000,loss
compare_single_p_907_with_base_x3,compare_single_p_907_resume,base,base_x3,FMCAD08/Int/large/steam_boiler_no_arr2.lus,Safe,Safe,0.111000,0.119000,1.072072,0.008000,loss
compare_single_p_907_with_base_x3,compare_single_p_907_resume,base,base_x3,FMCAD08/Int/large/microwave03.lus,Safe,Safe,0.048000,0.047000,0.979167,-0.001000,win
compare_single_p_907_with_base_x3,compare_single_p_907_resume,base,base_x3,FMCAD08/Int/large/microwave01.lus,Safe,Safe,0.538000,0.591000,1.098513,0.053000,loss
compare_single_p_907_with_base_x3,compare_single_p_907_resume,base,base_x3,FMCAD08/Int/large/microwave13.lus,Timeout,Timeout,,,,,unsolved_both
compare_single_p_907_with_base_x3,compare_single_p_907_resume,base,base_x3,FMCAD08/Int/large/microwave12.lus,Unsafe,Unsafe,0.439000,0.480000,1.093394,0.041000,loss
compare_single_p_907_with_base_x3,compare_single_p_907_resume,base,base_x3,FMCAD08/Int/large/microwave31.lus,Unsafe,Unsafe,12.020000,13.714000,1.140932,1.694000,loss
compare_single_p_907_with_base_x3,compare_single_p_907_resume,base,base_x3,FMCAD08/Int/large/microwave26.lus,Timeout,Timeout,,,,,unsolved_both
compare_single_p_907_with_base_x3,compare_single_p_907_resume,base,base_x3,FMCAD08/Int/large/microwave14.lus,Unsafe,Unsafe,1.361000,1.598000,1.174137,0.237000,loss
compare_single_p_907_with_base_x3,compare_single_p_907_resume,base,base_x3,FMCAD08/Int/large/microwave32.lus,Unsafe,Unsafe,6.142000,7.211000,1.174048,1.069000,loss
compare_single_p_907_with_base_x3,compare_single_p_907_resume,base,base_x3,FMCAD08/Int/large/microwave27.lus,Timeout,Timeout,,,,,unsolved_both
compare_single_p_907_with_base_x3,compare_single_p_907_resume,base,base_x3,FMCAD08/Int/large/microwave16.lus,Safe,Safe,0.064000,0.049000,0.765625,-0.015000,win
compare_single_p_907_with_base_x3,compare_single_p_907_resume,base,base_x3,FMCAD08/Int/large/microwave40.lus,Unsafe,Unsafe,0.054000,0.054000,1.000000,0.000000,tie
compare_single_p_907_with_base_x3,compare_single_p_907_resume,base,base_x3,FMCAD08/Int/large/steam_boiler_no_arr2_e1_17214_e5_18600.lus,Safe,Safe,0.111000,0.116000,1.045045,0.005000,loss
compare_single_p_907_with_base_x3,compare_single_p_907_resume,base,base_x3,FMCAD08/Int/large/microwave28.lus,Unsafe,Unsafe,0.816000,0.888000,1.088235,0.072000,loss
compare_single_p_907_with_base_x3,compare_single_p_907_resume,base,base_x3,FMCAD08/Int/large/microwave07.lus,Timeout,Timeout,,,,,unsolved_both
compare_single_p_907_with_base_x3,compare_single_p_907_resume,base,base_x3,FMCAD08/Int/large/microwave29.lus,Safe,Safe,20.911000,21.035000,1.005930,0.124000,loss
compare_single_p_907_with_base_x3,compare_single_p_907_resume,base,base_x3,FMCAD08/Int/large/microwave25.lus,Unsafe,Unsafe,0.052000,0.053000,1.019231,0.001000,loss
compare_single_p_907_with_base_x3,compare_single_p_907_resume,base,base_x3,FMCAD08/Int/large/microwave22.lus,Timeout,Timeout,,,,,unsolved_both
compare_single_p_907_with_base_x3,compare_single_p_907_resume,base,base_x3,FMCAD08/Int/large/microwave11.lus,Timeout,Timeout,,,,,unsolved_both
compare_single_p_907_with_base_x3,compare_single_p_907_resume,base,base_x3,FMCAD08/Int/large/microwave06.lus,Timeout,Timeout,,,,,unsolved_both
compare_single_p_907_with_base_x3,compare_single_p_907_resume,base,base_x3,FMCAD08/Int/large/microwave15.lus,Safe,Safe,0.048000,0.048000,1.000000,0.000000,tie
compare_single_p_907_with_base_x3,compare_single_p_907_resume,base,base_x3,FMCAD08/Int/large/microwave20.lus,Unsafe,Unsafe,0.053000,0.054000,1.018868,0.001000,loss
compare_single_p_907_with_base_x3,compare_single_p_907_resume,base,base_x3,FMCAD08/Int/large/microwave19.lus,Safe,Safe,1.840000,2.025000,1.100543,0.185000,loss
compare_single_p_907_with_base_x3,compare_single_p_907_resume,base,base_x3,FMCAD08/Int/large/steam_boiler_no_arr2_e3_514_e4_11150.lus,Safe,Safe,0.112000,0.118000,1.053571,0.006000,loss
compare_single_p_907_with_base_x3,compare_single_p_907_resume,base,base_x3,FMCAD08/Int/large/microwave02.lus,Safe,Safe,0.046000,0.047000,1.021739,0.001000,loss
compare_single_p_907_with_base_x3,compare_single_p_907_resume,base,base_x3,FMCAD08/Int/large/microwave17.lus,Safe,Safe,2.447000,2.791000,1.140580,0.344000,loss
compare_single_p_907_with_base_x3,compare_single_p_907_resume,base,base_x3,FMCAD08/Int/large/microwave33.lus,Unsafe,Unsafe,10.318000,12.261000,1.188312,1.943000,loss
compare_single_p_907_with_base_x3,compare_single_p_907_resume,base,base_x3,FMCAD08/Int/large/microwave30.lus,Timeout,Timeout,49.496000,59.961000,,,unsolved_both
compare_single_p_907_with_base_x3,compare_single_p_907_resume,base,base_x3,FMCAD08/Int/large/microwave35.lus,Unsafe,Unsafe,29.069000,35.080000,1.206784,6.011000,loss
compare_single_p_907_with_base_x3,compare_single_p_907_resume,base,base_x3,FMCAD08/Int/large/steam_boiler_no_arr1.lus,Safe,Safe,0.271000,0.269000,0.992620,-0.002000,win
compare_single_p_907_with_base_x3,compare_single_p_907_resume,base,base_x3,FMCAD08/Int/large/microwave24.lus,Safe,Safe,5.325000,3.713000,0.697277,-1.612000,win
compare_single_p_907_with_base_x3,compare_single_p_907_resume,base,base_x3,FMCAD08/Int/large/microwave09.lus,Timeout,Timeout,,,,,unsolved_both
compare_single_p_907_with_base_x3,compare_single_p_907_resume,base,base_x3,FMCAD08/Int/large/microwave05.lus,Timeout,Timeout,302.280000,302.280000,,,unsolved_both
compare_single_p_907_with_base_x3,compare_single_p_907_resume,base,base_x3,FMCAD08/Int/large/microwave39.lus,Unsafe,Unsafe,78.798000,95.345000,1.209993,16.547000,loss
compare_single_p_907_with_base_x3,compare_single_p_907_resume,base,base_x3,FMCAD08/Int/large/steam_boiler_no_arr2_e7_12307.lus,Safe,Safe,0.113000,0.119000,1.053097,0.006000,loss
compare_single_p_907_with_base_x3,compare_single_p_907_resume,base,base_x3,FMCAD08/Int/large/microwave36.lus,Unsafe,Unsafe,4.536000,5.396000,1.189594,0.860000,loss
compare_single_p_907_with_base_x3,compare_single_p_907_resume,base,base_x3,FMCAD08/Int/large/microwave38.lus,Unsafe,Unsafe,12.187000,14.687000,1.205137,2.500000,loss
compare_single_p_907_with_base_x3,compare_single_p_907_resume,base,base_x3,FMCAD08/Int/large/microwave23.lus,Unsafe,Unsafe,0.839000,0.982000,1.170441,0.143000,loss
compare_single_p_907_with_base_x3,compare_single_p_907_resume,base,base_x3,FMCAD08/Int/large/microwave04.lus,Safe,Safe,0.082000,0.057000,0.695122,-0.025000,win
compare_single_p_907_with_base_x3,compare_single_p_907_resume,base,base_x3,FMCAD08/Int/large/microwave18.lus,Unsafe,Unsafe,0.795000,0.879000,1.105660,0.084000,loss
compare_single_p_907_with_base_x3,compare_single_p_907_resume,base,base_x3,FMCAD08/Int/large/steam_boiler_no_arr2_e6_3003_e4_15091.lus,Safe,Safe,0.110000,0.117000,1.063636,0.007000,loss
compare_single_p_907_with_base_x3,compare_single_p_907_resume,base,base_x3,FMCAD08/Int/large/steam_boiler_no_arr2_e8_21449_e5_18210.lus,Safe,Safe,0.219000,0.197000,0.899543,-0.022000,win
compare_single_p_907_with_base_x3,compare_single_p_907_resume,base,base_x3,FMCAD08/Int/large/microwave21.lus,Timeout,Timeout,,,,,unsolved_both
compare_single_p_907_with_base_x3,compare_single_p_907_resume,base,base_x3,FMCAD08/Int/large/steam_boiler_no_arr1_e4_23904_e4_2384.lus,Safe,Safe,0.333000,0.346000,1.039039,0.013000,loss
compare_single_p_907_with_base_x3,compare_single_p_907_resume,base,base_x3,FMCAD08/Int/large/microwave10.lus,Timeout,Timeout,,,,,unsolved_both
compare_single_p_907_with_base_x3,compare_single_p_907_resume,base,base_x3,FMCAD08/Int/large/microwave34.lus,Timeout,Timeout,302.270000,302.290000,,,unsolved_both
compare_single_p_907_with_base_x3,compare_single_p_907_resume,base,base_x3,FMCAD08/Int/large/microwave08.lus,Timeout,Timeout,,,,,unsolved_both
compare_single_p_907_with_base_x3,compare_single_p_907_resume,base,base_x3,FMCAD08/Real_Int/large/ccp21.lus,Unsafe,Unsafe,59.469000,13.903000,0.233786,-45.566000,win
compare_single_p_907_with_base_x3,compare_single_p_907_resume,base,base_x3,FMCAD08/Real_Int/large/ccp16.lus,Safe,Safe,0.021000,0.021000,1.000000,0.000000,tie
compare_single_p_907_with_base_x3,compare_single_p_907_resume,base,base_x3,FMCAD08/Real_Int/large/cruise_controller_14.lus,Safe,Safe,0.752000,0.769000,1.022606,0.017000,loss
compare_single_p_907_with_base_x3,compare_single_p_907_resume,base,base_x3,FMCAD08/Real_Int/large/cruise_controller_20.lus,Timeout,Timeout,2.012000,2.268000,,,unsolved_both
compare_single_p_907_with_base_x3,compare_single_p_907_resume,base,base_x3,FMCAD08/Real_Int/large/ccp08.lus,Safe,Safe,2.565000,3.164000,1.233528,0.599000,loss
compare_single_p_907_with_base_x3,compare_single_p_907_resume,base,base_x3,FMCAD08/Real_Int/large/cruise_controller_05.lus,Safe,Safe,0.049000,0.050000,1.020408,0.001000,loss
compare_single_p_907_with_base_x3,compare_single_p_907_resume,base,base_x3,FMCAD08/Real_Int/large/cruise_controller_19.lus,Safe,Safe,9.553000,11.667000,1.221292,2.114000,loss
compare_single_p_907_with_base_x3,compare_single_p_907_resume,base,base_x3,FMCAD08/Real_Int/large/ccp10.lus,Unsafe,Unsafe,9.198000,10.997000,1.195586,1.799000,loss
compare_single_p_907_with_base_x3,compare_single_p_907_resume,base,base_x3,FMCAD08/Real_Int/large/cruise_controller_18.lus,Safe,Safe,8.134000,13.479000,1.657118,5.345000,loss
compare_single_p_907_with_base_x3,compare_single_p_907_resume,base,base_x3,FMCAD08/Real_Int/large/cruise_controller_08.lus,Timeout,Timeout,,,,,unsolved_both
compare_single_p_907_with_base_x3,compare_single_p_907_resume,base,base_x3,FMCAD08/Real_Int/large/ccp02.lus,Safe,Safe,7.173000,9.001000,1.254845,1.828000,loss
compare_single_p_907_with_base_x3,compare_single_p_907_resume,base,base_x3,FMCAD08/Real_Int/large/cruise_controller_06.lus,Safe,Safe,0.055000,0.054000,0.981818,-0.001000,win
compare_single_p_907_with_base_x3,compare_single_p_907_resume,base,base_x3,FMCAD08/Real_Int/large/ccp12.lus,Unsafe,Unsafe,72.240000,36.872000,0.510410,-35.368000,win
compare_single_p_907_with_base_x3,compare_single_p_907_resume,base,base_x3,FMCAD08/Real_Int/large/cruise_controller_03.lus,Safe,Safe,1.560000,1.831000,1.173718,0.271000,loss
compare_single_p_907_with_base_x3,compare_single_p_907_resume,base,base_x3,FMCAD08/Real_Int/large/cruise_controller_23.lus,Timeout,Timeout,,,,,unsolved_both
compare_single_p_907_with_base_x3,compare_single_p_907_resume,base,base_x3,FMCAD08/Real_Int/large/ccp18.lus,Safe,Safe,6.032000,7.194000,1.192639,1.162000,loss
compare_single_p_907_with_base_x3,compare_single_p_907_resume,base,base_x3,FMCAD08/Real_Int/large/ccp04.lus,Safe,Safe,1.315000,1.589000,1.208365,0.274000,loss
compare_single_p_907_with_base_x3,compare_single_p_907_resume,base,base_x3,FMCAD08/Real_Int/large/cruise_controller_07.lus,Safe,Safe,0.054000,0.054000,1.000000,0.000000,tie
compare_single_p_907_with_base_x3,compare_single_p_907_resume,base,base_x3,FMCAD08/Real_Int/large/cruise_controller_17.lus,Unsafe,Unsafe,22.609000,28.359000,1.254323,5.750000,loss
compare_single_p_907_with_base_x3,compare_single_p_907_resume,base,base_x3,FMCAD08/Real_Int/large/ccp19.lus,Safe,Safe,0.044000,0.043000,0.977273,-0.001000,win
compare_single_p_907_with_base_x3,compare_single_p_907_resume,base,base_x3,FMCAD08/Real_Int/large/cruise_controller_09.lus,Unsafe,Unsafe,7.138000,7.799000,1.092603,0.661000,loss
compare_single_p_907_with_base_x3,compare_single_p_907_resume,base,base_x3,FMCAD08/Real_Int/large/ccp23.lus,Timeout,Unsafe,117.957000,85.999000,,,newly_solved
compare_single_p_907_with_base_x3,compare_single_p_907_resume,base,base_x3,FMCAD08/Real_Int/large/cruise_controller_21.lus,Unsafe,Unsafe,0.054000,0.055000,1.018519,0.001000,loss
compare_single_p_907_with_base_x3,compare_single_p_907_resume,base,base_x3,FMCAD08/Real_Int/large/ccp17.lus,Safe,Safe,18.113000,23.537000,1.299453,5.424000,loss
compare_single_p_907_with_base_x3,compare_single_p_907_resume,base,base_x3,FMCAD08/Real_Int/large/ccp01.lus,Safe,Safe,8.241000,9.786000,1.187477,1.545000,loss
compare_single_p_907_with_base_x3,compare_single_p_907_resume,base,base_x3,FMCAD08/Real_Int/large/ccp05.lus,Safe,Safe,0.036000,0.036000,1.000000,0.000000,tie
compare_single_p_907_with_base_x3,compare_single_p_907_resume,base,base_x3,FMCAD08/Real_Int/large/ccp14.lus,Unsafe,Unsafe,62.199000,66.663000,1.071770,4.464000,loss
compare_single_p_907_with_base_x3,compare_single_p_907_resume,base,base_x3,FMCAD08/Real_Int/large/cruise_controller_24.lus,Safe,Safe,1.111000,2.271000,2.044104,1.160000,loss
compare_single_p_907_with_base_x3,compare_single_p_907_resume,base,base_x3,FMCAD08/Real_Int/large/ccp20.lus,Safe,Safe,14.313000,17.102000,1.194858,2.789000,loss
compare_single_p_907_with_base_x3,compare_single_p_907_resume,base,base_x3,FMCAD08/Real_Int/large/cruise_controller_02.lus,Safe,Safe,1.654000,1.971000,1.191657,0.317000,loss
compare_single_p_907_with_base_x3,compare_single_p_907_resume,base,base_x3,FMCAD08/Real_Int/large/ccp07.lus,Safe,Safe,0.048000,0.048000,1.000000,0.000000,tie
compare_single_p_907_with_base_x3,compare_single_p_907_resume,base,base_x3,FMCAD08/Real_Int/large/ccp22.lus,Timeout,Timeout,,,,,unsolved_both
compare_single_p_907_with_base_x3,compare_single_p_907_resume,base,base_x3,FMCAD08/Real_Int/large/ccp11.lus,Timeout,Timeout,,,,,unsolved_both
compare_single_p_907_with_base_x3,compare_single_p_907_resume,base,base_x3,FMCAD08/Real_Int/large/cruise_controller_15.lus,Unsafe,Unsafe,13.593000,16.522000,1.215479,2.929000,loss
compare_single_p_907_with_base_x3,compare_single_p_907_resume,base,base_x3,FMCAD08/Real_Int/large/ccp13.lus,Timeout,Timeout,,,,,unsolved_both
compare_single_p_907_with_base_x3,compare_single_p_907_resume,base,base_x3,FMCAD08/Real_Int/large/ccp09.lus,Safe,Safe,0.045000,0.044000,0.977778,-0.001000,win
compare_single_p_907_with_base_x3,compare_single_p_907_resume,base,base_x3,FMCAD08/Real_Int/large/cruise_controller_04.lus,Safe,Safe,0.380000,0.435000,1.144737,0.055000,loss
compare_single_p_907_with_base_x3,compare_single_p_907_resume,base,base_x3,FMCAD08/Real_Int/large/ccp03.lus,Safe,Safe,6.643000,8.400000,1.264489,1.757000,loss
compare_single_p_907_with_base_x3,compare_single_p_907_resume,base,base_x3,FMCAD08/Real_Int/large/cruise_controller_11.lus,Safe,Safe,0.057000,0.056000,0.982456,-0.001000,win
compare_single_p_907_with_base_x3,compare_single_p_907_resume,base,base_x3,FMCAD08/Real_Int/large/cruise_controller_13.lus,Safe,Safe,0.054000,0.054000,1.000000,0.000000,tie
compare_single_p_907_with_base_x3,compare_single_p_907_resume,base,base_x3,FMCAD08/Real_Int/large/ccp06.lus,Safe,Safe,0.044000,0.043000,0.977273,-0.001000,win
compare_single_p_907_with_base_x3,compare_single_p_907_resume,base,base_x3,FMCAD08/Real_Int/large/cruise_controller_10.lus,Safe,Safe,12.152000,14.163000,1.165487,2.011000,loss
compare_single_p_907_with_base_x3,compare_single_p_907_resume,base,base_x3,FMCAD08/Real_Int/large/ccp15.lus,Safe,Safe,0.048000,0.047000,0.979167,-0.001000,win
compare_single_p_907_with_base_x3,compare_single_p_907_resume,base,base_x3,FMCAD08/Real_Int/large/ccp24.lus,Timeout,Timeout,,,,,unsolved_both
compare_single_p_907_with_base_x3,compare_single_p_907_resume,base,base_x3,FMCAD08/Real_Int/large/cruise_controller_16.lus,Timeout,Unsafe,77.320000,266.771000,,,newly_solved
compare_single_p_907_with_base_x3,compare_single_p_907_resume,base,base_x3,FMCAD08/Real_Int/large/cruise_controller_12.lus,Safe,Safe,0.667000,0.803000,1.203898,0.136000,loss
compare_single_p_907_with_base_x3,compare_single_p_907_resume,base,base_x3,FMCAD08/Real_Int/large/cruise_controller_22.lus,Unsafe,Unsafe,22.428000,15.999000,0.713349,-6.429000,win
compare_single_p_907_with_base_x3,compare_single_p_907_resume,base,base_x3,FMCAD08/Real_Int/large/cruise_controller_01.lus,Safe,Safe,3.722000,4.567000,1.227028,0.845000,loss
compare_single_p_907_with_base_x3,compare_single_p_907_resume,base,base_x3,FMCAD08/Real_Int32/large/ccp21.lus,Unsafe,Unsafe,103.698000,35.234000,0.339775,-68.464000,win
compare_single_p_907_with_base_x3,compare_single_p_907_resume,base,base_x3,FMCAD08/Real_Int32/large/ccp16.lus,Safe,Safe,0.017000,0.017000,1.000000,0.000000,tie
compare_single_p_907_with_base_x3,compare_single_p_907_resume,base,base_x3,FMCAD08/Real_Int32/large/cruise_controller_14.lus,Safe,Safe,0.620000,0.692000,1.116129,0.072000,loss
compare_single_p_907_with_base_x3,compare_single_p_907_resume,base,base_x3,FMCAD08/Real_Int32/large/cruise_controller_20.lus,Unsafe,Unsafe,32.713000,1.076000,0.032892,-31.637000,win
compare_single_p_907_with_base_x3,compare_single_p_907_resume,base,base_x3,FMCAD08/Real_Int32/large/ccp08.lus,Safe,Safe,3.619000,4.084000,1.128489,0.465000,loss
compare_single_p_907_with_base_x3,compare_single_p_907_resume,base,base_x3,FMCAD08/Real_Int32/large/cruise_controller_05.lus,Safe,Safe,0.039000,0.038000,0.974359,-0.001000,win
compare_single_p_907_with_base_x3,compare_single_p_907_resume,base,base_x3,FMCAD08/Real_Int32/large/cruise_controller_19.lus,Safe,Safe,17.442000,18.258000,1.046784,0.816000,loss
compare_single_p_907_with_base_x3,compare_single_p_907_resume,base,base_x3,FMCAD08/Real_Int32/large/ccp10.lus,Timeout,Timeout,,,,,unsolved_both
compare_single_p_907_with_base_x3,compare_single_p_907_resume,base,base_x3,FMCAD08/Real_Int32/large/cruise_controller_18.lus,Safe,Safe,18.325000,21.271000,1.160764,2.946000,loss
compare_single_p_907_with_base_x3,compare_single_p_907_resume,base,base_x3,FMCAD08/Real_Int32/large/cruise_controller_08.lus,Timeout,Timeout,,,,,unsolved_both
compare_single_p_907_with_base_x3,compare_single_p_907_resume,base,base_x3,FMCAD08/Real_Int32/large/ccp02.lus,Safe,Safe,17.379000,21.472000,1.235514,4.093000,loss
compare_single_p_907_with_base_x3,compare_single_p_907_resume,base,base_x3,FMCAD08/Real_Int32/large/cruise_controller_06.lus,Safe,Safe,0.051000,0.052000,1.019608,0.001000,loss
compare_single_p_907_with_base_x3,compare_single_p_907_resume,base,base_x3,FMCAD08/Real_Int32/large/ccp12.lus,Timeout,Timeout,302.270000,302.300000,,,unsolved_both
compare_single_p_907_with_base_x3,compare_single_p_907_resume,base,base_x3,FMCAD08/Real_Int32/large/cruise_controller_03.lus,Safe,Safe,4.319000,5.069000,1.173651,0.750000,loss
compare_single_p_907_with_base_x3,compare_single_p_907_resume,base,base_x3,FMCAD08/Real_Int32/large/cruise_controller_23.lus,Timeout,Timeout,,,,,unsolved_both
compare_single_p_907_with_base_x3,compare_single_p_907_resume,base,base_x3,FMCAD08/Real_Int32/large/ccp18.lus,Safe,Safe,10.041000,10.578000,1.053481,0.537000,loss
compare_single_p_907_with_base_x3,compare_single_p_907_resume,base,base_x3,FMCAD08/Real_Int32/large/ccp04.lus,Safe,Safe,1.871000,2.223000,1.188135,0.352000,loss
compare_single_p_907_with_base_x3,compare_single_p_907_resume,base,base_x3,FMCAD08/Real_Int32/large/cruise_controller_07.lus,Safe,Safe,0.048000,0.047000,0.979167,-0.001000,win
compare_single_p_907_with_base_x3,compare_single_p_907_resume,base,base_x3,FMCAD08/Real_Int32/large/cruise_controller_17.lus,Unsafe,Unsafe,34.562000,10.890000,0.315086,-23.672000,win
compare_single_p_907_with_base_x3,compare_single_p_907_resume,base,base_x3,FMCAD08/Real_Int32/large/ccp19.lus,Safe,Safe,0.054000,0.059000,1.092593,0.005000,loss
compare_single_p_907_with_base_x3,compare_single_p_907_resume,base,base_x3,FMCAD08/Real_Int32/large/cruise_controller_09.lus,Timeout,Timeout,,,,,unsolved_both
compare_single_p_907_with_base_x3,compare_single_p_907_resume,base,base_x3,FMCAD08/Real_Int32/large/ccp23.lus,Timeout,Unsafe,142.827000,41.088000,,,newly_solved
compare_single_p_907_with_base_x3,compare_single_p_907_resume,base,base_x3,FMCAD08/Real_Int32/large/cruise_controller_21.lus,Unsafe,Unsafe,0.028000,0.027000,0.964286,-0.001000,win
compare_single_p_907_with_base_x3,compare_single_p_907_resume,base,base_x3,FMCAD08/Real_Int32/large/ccp17.lus,Safe,Safe,9.062000,10.813000,1.193224,1.751000,loss
compare_single_p_907_with_base_x3,compare_single_p_907_resume,base,base_x3,FMCAD08/Real_Int32/large/ccp01.lus,Safe,Safe,13.685000,16.101000,1.176544,2.416000,loss
compare_single_p_907_with_base_x3,compare_single_p_907_resume,base,base_x3,FMCAD08/Real_Int32/large/ccp05.lus,Safe,Safe,0.045000,0.042000,0.933333,-0.003000,win
compare_single_p_907_with_base_x3,compare_single_p_907_resume,base,base_x3,FMCAD08/Real_Int32/large/ccp14.lus,Unsafe,Timeout,57.541000,55.117000,,,regressed
compare_single_p_907_with_base_x3,compare_single_p_907_resume,base,base_x3,FMCAD08/Real_Int32/large/cruise_controller_24.lus,Safe,Safe,3.156000,3.837000,1.215779,0.681000,loss
compare_single_p_907_with_base_x3,compare_single_p_907_resume,base,base_x3,FMCAD08/Real_Int32/large/ccp20.lus,Timeout,Timeout,302.290000,302.270000,,,unsolved_both
compare_single_p_907_with_base_x3,compare_single_p_907_resume,base,base_x3,FMCAD08/Real_Int32/large/cruise_controller_02.lus,Safe,Safe,6.372000,7.597000,1.192247,1.225000,loss
compare_single_p_907_with_base_x3,compare_single_p_907_resume,base,base_x3,FMCAD08/Real_Int32/large/ccp07.lus,Safe,Safe,0.052000,0.050000,0.961538,-0.002000,win
compare_single_p_907_with_base_x3,compare_single_p_907_resume,base,base_x3,FMCAD08/Real_Int32/large/ccp22.lus,Timeout,Timeout,,,,,unsolved_both
compare_single_p_907_with_base_x3,compare_single_p_907_resume,base,base_x3,FMCAD08/Real_Int32/large/ccp11.lus,Timeout,Timeout,,,,,unsolved_both
compare_single_p_907_with_base_x3,compare_single_p_907_resume,base,base_x3,FMCAD08/Real_Int32/large/cruise_controller_15.lus,Unsafe,Unsafe,35.550000,36.532000,1.027623,0.982000,loss
compare_single_p_907_with_base_x3,compare_single_p_907_resume,base,base_x3,FMCAD08/Real_Int32/large/ccp13.lus,Timeout,Timeout,,,,,unsolved_both
compare_single_p_907_with_base_x3,compare_single_p_907_resume,base,base_x3,FMCAD08/Real_Int32/large/ccp09.lus,Safe,Safe,0.051000,0.058000,1.137255,0.007000,loss
compare_single_p_907_with_base_x3,compare_single_p_907_resume,base,base_x3,FMCAD08/Real_Int32/large/cruise_controller_04.lus,Safe,Safe,0.710000,0.768000,1.081690,0.058000,loss
compare_single_p_907_with_base_x3,compare_single_p_907_resume,base,base_x3,FMCAD08/Real_Int32/large/ccp03.lus,Safe,Safe,8.746000,9.796000,1.120055,1.050000,loss
compare_single_p_907_with_base_x3,compare_single_p_907_resume,base,base_x3,FMCAD08/Real_Int32/large/cruise_controller_11.lus,Safe,Safe,0.051000,0.053000,1.039216,0.002000,loss
compare_single_p_907_with_base_x3,compare_single_p_907_resume,base,base_x3,FMCAD08/Real_Int32/large/cruise_controller_13.lus,Safe,Safe,0.045000,0.046000,1.022222,0.001000,loss
compare_single_p_907_with_base_x3,compare_single_p_907_resume,base,base_x3,FMCAD08/Real_Int32/large/ccp06.lus,Safe,Safe,0.052000,0.051000,0.980769,-0.001000,win
compare_single_p_907_with_base_x3,compare_single_p_907_resume,base,base_x3,FMCAD08/Real_Int32/large/cruise_controller_10.lus,Safe,Safe,19.923000,24.366000,1.223009,4.443000,loss
compare_single_p_907_with_base_x3,compare_single_p_907_resume,base,base_x3,FMCAD08/Real_Int32/large/ccp15.lus,Safe,Safe,0.053000,0.054000,1.018868,0.001000,loss
compare_single_p_907_with_base_x3,compare_single_p_907_resume,base,base_x3,FMCAD08/Real_Int32/large/ccp24.lus,Timeout,Timeout,,,,,unsolved_both
compare_single_p_907_with_base_x3,compare_single_p_907_resume,base,base_x3,FMCAD08/Real_Int32/large/cruise_controller_16.lus,Timeout,Timeout,,,,,unsolved_both
compare_single_p_907_with_base_x3,compare_single_p_907_resume,base,base_x3,FMCAD08/Real_Int32/large/cruise_controller_12.lus,Safe,Safe,0.834000,0.904000,1.083933,0.070000,loss
compare_single_p_907_with_base_x3,compare_single_p_907_resume,base,base_x3,FMCAD08/Real_Int32/large/cruise_controller_22.lus,Unsafe,Unsafe,40.868000,43.109000,1.054835,2.241000,loss
compare_single_p_907_with_base_x3,compare_single_p_907_resume,base,base_x3,FMCAD08/Real_Int32/large/cruise_controller_01.lus,Safe,Safe,3.398000,3.996000,1.175986,0.598000,loss
